ImageName,Hue,Bright,Saturaton,SDhue,SDsat,Sdbright,Entropy,Perc_Nat,pc1f,pc2f,pc3f,pc4f,SED,total_ED,NSED,D_ER,pref
Nature1,0.158277755,1.396264295,0.073895729,0.150188249,0.153842951,0.201462773,6.916182355,6.835823267,-0.068084608,0.109940351,0.004469052,0.010661079,0.015438918,0.089337941,0.143850479,1.610183505,6.17016398
Nature2,0.155683713,-0.243284044,0.104461633,0.157964492,0.147315767,0.337203178,7.758409842,6.846153846,-0.073691007,0.113439475,0.014106214,-0.003705705,0.004804192,0.105668166,0.188193108,1.78098206,6.143879499
Nature3,0.107262928,0.041777874,0.081632001,0.243137216,0.220657573,0.302422465,6.497555311,6.799299477,-0.072233882,-0.026639289,0.106537285,0.026698949,0.004233684,0.136591672,0.200119499,1.465092974,5.977378253
Nature4,0.0967198,-1.512434702,0.119532774,0.179672712,0.198247544,0.224441987,7.521686564,6.794134187,-0.03259822,-0.00861401,-0.04144434,-0.049008242,0.004053057,0.169985088,0.218174951,1.28349465,6.063141594
Nature5,0.088975421,-0.13327791,0.090829632,0.187494461,0.184931557,0.247277718,7.090056426,6.64840579,-0.088222047,0.060759365,0.045929014,0.036221853,0.005153942,0.16194222,0.217792521,1.344877951,5.059024531
Nature6,0.107192907,0.465910933,0.075778784,0.212586613,0.223883648,0.257775506,7.33887263,6.826207883,-0.082613155,0.086493539,0.070716932,0.009959113,0.008200281,0.149520881,0.219443759,1.467646241,5.481710342
Nature7,0.124638648,-0.245326881,0.081483346,0.177552838,0.21796239,0.27635432,7.236610024,6.846153846,-0.069380108,-0.009211473,0.174479991,-0.002863461,0.00434236,0.103352639,0.190623561,1.844399551,5.284103214
Nature8,0.127908768,-1.319004847,0.119823281,0.176194344,0.297772969,0.350914698,7.46682897,6.8203274,-0.064169795,-0.074603973,0.08453687,0.016968281,0.02341876,0.12367441,0.163679099,1.323467797,3.262296543
Nature9,0.132077585,-0.009101175,0.081365363,0.192599776,0.235633041,0.286242458,7.617734469,6.825492689,-0.076105479,-0.000776782,0.039792604,0.024444011,0.036706224,0.130624553,0.135957431,1.040826,4.270099426
Nature10,0.087960471,0.573280212,0.101501935,0.164169282,0.284806146,0.273479414,7.149723607,6.8203274,-0.080760809,0.055212197,0.078502031,-0.021281298,0.02227991,0.127248769,0.168376528,1.32320752,4.206814512
Nature11,0.139994601,0.761083379,0.049134536,0.213622897,0.156582302,0.248766764,7.381741014,6.39992787,-0.078698963,0.098321735,0.023956905,0.005610417,0.018986976,0.110096316,0.150795362,1.369667646,5.989986537
Nature12,0.061307859,1.159795166,0.087140283,0.159108039,0.231188226,0.279772385,6.853019271,6.537122842,-0.090115281,0.051921889,0.022184969,0.013565247,0.010604722,0.145058757,0.200970529,1.385442238,4.292890201
Nature13,0.089413711,-2.189604882,0.141469977,0.234277778,0.278420609,0.224241693,7.528119213,6.349913198,-0.04045375,-0.041295449,-0.065758948,-0.052265031,0.032002334,0.143504298,0.162018723,1.129016519,5.149293968
Nature14,0.094040255,-0.001697968,0.104150986,0.121093817,0.170187015,0.208493478,7.607911641,6.593815101,-0.043790601,0.009444712,-0.055085053,-0.101185165,0.005357594,0.185494519,0.2334659,1.258613469,4.330698109
Nature15,0.094725817,-0.996536119,0.149214374,0.138891279,0.168539354,0.232828534,7.627499132,6.572564673,-0.044120204,-0.005166341,-0.029747409,-0.025163472,0.038100198,0.130119566,0.144861768,1.11329735,5.417897961
Nature16,0.144601437,0.600162863,0.112316892,0.200360149,0.195590967,0.314975513,7.901774138,6.618337082,-0.087461736,0.121794278,0.003928277,0.004426395,0.037347978,0.098225182,0.146330701,1.489747313,6.30083839
Nature17,0.115645669,1.12261619,0.12400131,0.179466159,0.252808821,0.252691786,7.379846623,6.665191451,-0.085544446,0.102715985,0.010857899,0.005389663,0.012424589,0.139498388,0.218995194,1.569876162,5.055492175
Nature18,0.084319468,-0.21086403,0.105150817,0.172715138,0.24190435,0.314232936,7.234110024,6.164135194,-0.052196854,-0.050726142,-0.03367615,-0.022261377,0.014186343,0.139785729,0.193070761,1.381190787,5.430028608
Nature19,0.113859763,-0.470276154,0.164399469,0.167108772,0.277273639,0.324587033,7.571157267,6.820453322,-0.080591518,0.076574101,0.036888049,-0.001934955,0.007485178,0.133778214,0.223935255,1.673929172,5.531834889
Nature20,0.090782438,-0.702464765,0.149429571,0.100325158,0.22000196,0.216073521,7.501604682,6.840766052,-0.064001576,-0.028024526,0.028464928,-0.089339328,0.011137404,0.162923211,0.233465628,1.43297954,4.607973244
Nature21,0.082514779,-0.50366812,0.149786681,0.121370316,0.245333828,0.272964792,7.723395319,6.85626192,-0.064853904,-0.028498318,-0.009900119,-0.041536236,0.009178022,0.185046547,0.243724755,1.317099719,4.388091251
Nature22,0.084963867,-0.451513206,0.134852218,0.118707265,0.232757795,0.268766412,7.622535868,6.840766052,-0.06179408,0.023425809,-0.052230326,-0.090913812,0.009181922,0.17270907,0.222423138,1.287848623,3.791447777
Nature23,0.127577559,0.101010638,0.131145297,0.149108194,0.217413898,0.343251794,7.710995808,6.819738129,-0.085793432,0.048656352,-0.016830758,0.014429531,0.011769295,0.113039578,0.186265581,1.647790838,6.073220546
Nature24,0.134680419,1.127285101,0.143400995,0.177883189,0.208214275,0.277821083,7.486641689,6.706180008,-0.079075299,0.127665724,0.001931631,-0.004582089,0.011795299,0.120977221,0.196919315,1.627738787,6.02529788
Nature25,0.137708369,0.783218254,0.135100598,0.171359329,0.195030177,0.298213538,7.595223309,6.659325639,-0.082815991,0.136608438,-0.001206833,-0.010187313,0.014948253,0.109847618,0.178512564,1.625092717,6.068172118
Nature26,0.107560963,-2.155680845,0.086261811,0.235250745,0.158475098,0.250526753,7.64251234,6.768530246,-0.050998155,-0.026017855,-0.076963644,-0.067225476,0.023711514,0.134636338,0.129606672,0.962642582,5.621729891
Nature27,0.088594006,0.82319957,0.102737634,0.164471932,0.242792911,0.280403929,6.760970322,6.721675877,-0.089161696,0.093060972,0.070421004,-0.004256067,0.004343926,0.145463647,0.229911566,1.580543117,5.603153953
Nature28,0.114415114,-0.456126834,0.161592323,0.158181353,0.228608445,0.328006232,7.451410881,6.795438652,-0.083574937,0.097280641,0.056669827,-0.002974338,0.018834512,0.141605341,0.220229722,1.555235985,5.958616567
Nature29,0.123373794,0.51147698,0.142924842,0.195018313,0.217863403,0.290452102,7.448137128,6.758199668,-0.075588367,0.129210068,0.022101331,0.007304888,0.013008373,0.128552112,0.203798606,1.58533845,5.529569107
Nature30,0.127622408,1.441586436,0.134535197,0.191973063,0.198647823,0.279740927,6.909250994,6.686441879,-0.077683266,0.155553475,-0.007624595,0.007140362,0.016916736,0.12666684,0.198885198,1.570144151,6.343476567
Nature31,0.127080133,0.333081212,0.143279972,0.175358319,0.242339854,0.320896022,7.208187782,6.738461539,-0.078848582,0.156377289,-0.009689017,0.016121846,0.009825515,0.13833667,0.22028433,1.592378434,6.462109032
Nature32,0.107069489,-0.204456518,0.154838188,0.139330119,0.237287692,0.295931392,7.430002764,6.712635093,-0.082736863,0.049337624,0.122609849,-0.007380046,0.021397181,0.151442558,0.224542443,1.482690506,5.675679014
Nature33,0.171813897,1.245326458,0.151124382,0.135173771,0.164779953,0.288956661,7.632006185,6.712635093,-0.080128732,0.085378243,0.044527517,-0.009180104,0.010716143,0.090316206,0.177933331,1.970115208,6.255676396
Nature34,0.16344436,0.464371859,0.063841688,0.148918622,0.12018542,0.283991987,7.56007102,6.717800382,-0.0737548,-0.009326958,0.127138301,-0.009304407,0.008458528,0.104925462,0.179766346,1.713276669,4.940733938
Nature35,0.137787539,1.877273756,0.085372438,0.278127014,0.129337969,0.201854361,7.026262901,6.670946012,-0.075666731,0.081220464,-0.020361176,0.028511586,0.019388392,0.119966975,0.195974079,1.633566896,4.524513318
Nature36,0.075405797,0.275703591,0.135289028,0.139800818,0.237129953,0.264002844,7.823438103,6.676111301,-0.061494212,0.017744782,-0.078400011,-0.103322801,0.023358267,0.16917582,0.194351784,1.14881538,5.224781982
Nature37,0.063164609,-0.883979386,0.128573513,0.139650298,0.224934836,0.273377674,7.761459869,6.72813096,-0.061273346,-0.042321135,0.004534496,-0.102046346,0.025514981,0.166132748,0.196850416,1.184898332,3.801617086
Nature38,0.100156625,-0.972984689,0.105691554,0.171919339,0.215748388,0.272337652,7.734471851,6.72813096,-0.035474471,-0.033321617,-0.056554418,-0.073991842,0.042555654,0.160367483,0.167587486,1.045021615,6.222180687
Nature39,0.107200571,-0.616831025,0.099928278,0.175717077,0.215878309,0.267349523,7.88035663,6.79483471,-0.040862768,-0.04624961,-0.071558861,-0.018062699,0.038573623,0.160153127,0.152023637,0.949239268,5.722427288
Nature40,0.11714899,-1.296054057,0.104878734,0.172606367,0.226766938,0.253476496,7.489314352,6.79483471,-0.05219092,-0.113719276,0.036040192,0.059208069,0.017858646,0.157166604,0.185283064,1.178895893,5.977139154
Nature41,0.086824412,-2.006787704,0.116563263,0.114100998,0.19679619,0.228532523,7.381212417,6.79483471,-0.030151956,-0.034547273,-0.036550757,-0.07502682,0.011312229,0.153828957,0.196048224,1.274455914,6.022773269
Nature42,0.079939577,0.301390737,0.134855232,0.050297448,0.196060476,0.214083048,7.697833817,6.780054037,-0.044591577,-0.012306927,0.000473094,-0.074350602,0.020670265,0.174490016,0.213142814,1.22151868,5.738179855
Nature43,0.12085065,0.214905303,0.071429316,0.192696941,0.16917282,0.291144863,7.609841103,6.865780723,-0.051741084,-0.06052667,-0.019702095,-0.106929909,0.028729011,0.140749274,0.145325987,1.032516779,6.331818042
Nature44,0.107837598,-1.722261855,0.090672918,0.189687988,0.199605873,0.309095623,7.360400624,6.923680864,-0.049456554,-0.087329274,-0.070718283,0.048212059,0.019891743,0.132343349,0.174331164,1.317264262,5.812437246
Nature45,0.169032816,0.385722324,0.100216315,0.138874741,0.180614071,0.294787399,7.547181851,6.923680864,-0.063410278,-0.009953144,0.054574272,0.005222908,0.045033773,0.107073466,0.125013749,1.167551156,6.374138355
Nature46,0.138606143,-0.204254043,0.114917958,0.18892126,0.260050308,0.335154438,7.623800924,6.637389359,-0.070199812,-0.055934156,0.134068312,-0.007082112,0.027258764,0.120324927,0.172927984,1.437175058,6.174567331
Nature47,0.137103713,-0.430423212,0.120084934,0.193828598,0.23153975,0.330413905,7.843106184,6.673197956,-0.053475831,-0.061689932,-0.001652043,0.096377624,0.036610921,0.121742249,0.142965714,1.17433114,6.55652175
Nature48,0.155116787,1.497616312,0.135481493,0.196999057,0.140413418,0.238122774,7.361955897,6.92296567,-0.059569576,0.028392106,0.035173123,-0.028721867,0.038986206,0.10295105,0.13562878,1.317410362,6.521915314
Nature49,0.142798485,1.187678036,0.127795153,0.190549381,0.177402299,0.270225965,7.550316643,6.830657978,-0.055841831,-0.048959372,0.014996616,0.052054966,0.031178792,0.111040751,0.160793066,1.448054562,6.436170908
Nature50,0.146830439,1.247157493,0.113446342,0.170184576,0.223869132,0.290871229,7.827258554,6.835823267,-0.081534448,0.066615971,0.077663654,-0.004672188,0.0270089,0.126157261,0.170472749,1.351271799,6.437968639
Urban1,0.181762596,-0.058721591,0.095507993,0.304474856,0.166782095,0.234980589,7.413698933,1.257885471,-0.05955091,-0.027526068,0.02845913,0.015379967,0.062052409,0.110979716,0.119319677,1.075148516,4.319204452
Urban2,0.184234826,0.041251744,0.106971825,0.311827856,0.16142374,0.285013318,7.416714339,1.164176733,-0.056591063,-0.038479324,0.10108741,-0.023956196,0.049743652,0.107032776,0.135463476,1.265626111,5.089771348
Urban3,0.154062044,0.972566713,0.11380264,0.306967823,0.182929351,0.319624071,7.411958148,1.194945963,-0.060108662,-0.063298274,0.052949367,0.061066569,0.045369466,0.044715881,0.094091813,2.104214675,2.374896484
Urban4,0.135674235,-0.232370978,0.112951896,0.307104713,0.196209742,0.313201368,7.163706471,1.283489412,-0.068772854,-0.017895051,-0.021917328,0.12370282,0.037450155,0.086776733,0.129901647,1.496964019,4.473386532
Urban5,0.173927101,0.479312173,0.098343931,0.264241097,0.166226914,0.290207499,7.197657434,1.169342022,-0.075367643,-0.009880804,-0.01940276,0.122335007,0.064427694,0.087791443,0.113506079,1.29290595,4.429151996
Urban6,0.186238395,-0.458353109,0.1234356,0.340233227,0.19076995,0.291191085,7.22286769,1.159011443,-0.06295889,0.012625642,-0.027775918,0.030161166,0.021928822,0.08969193,0.162557067,1.812393456,4.972019698
Urban7,0.170667533,-0.73164511,0.104447407,0.230310499,0.100560783,0.246008954,7.006296768,1.169342022,-0.041591781,-0.003020456,-0.063577591,0.116818154,0.014235,0.083092008,0.1463486,1.761283709,4.869422204
Urban8,0.130577506,0.852673403,0.060703525,0.230460835,0.129382586,0.199052832,7.256433972,1.640887084,-0.057909679,-0.009651612,0.025908653,0.02497138,0.062372987,0.101158042,0.106779238,1.055568454,3.289906524
Urban9,0.102717996,1.059837347,0.061341914,0.253766993,0.128760787,0.190192846,7.248228194,1.610610543,-0.059811108,-0.006346051,0.028034488,0.01567944,0.06433534,0.103884062,0.11106752,1.069148798,3.087365843
Urban10,0.137052115,-0.30485052,0.053310836,0.20003363,0.111310263,0.220542472,7.635079083,1.604507555,-0.059027917,-0.01517032,-0.011788568,-0.009782989,0.088826652,0.130010669,0.085233044,0.655584997,3.153834398
Urban11,0.179728753,0.363615974,0.059848828,0.138072603,0.087298364,0.301798832,7.496319823,1.642094968,-0.078790498,0.01908966,0.093532,0.007018506,0.054990347,0.102197963,0.100547655,0.98385185,3.441288073
Urban12,0.158329652,0.079018845,0.060685432,0.187602482,0.12023283,0.258171667,7.705495271,1.588644921,-0.067009056,0.008628861,0.073718017,-0.037508606,0.047277473,0.118901781,0.1283683,1.079616293,2.982601717
Urban13,0.135373617,0.466583647,0.081663509,0.240214891,0.190498845,0.280565311,6.995275775,1.722245586,-0.077219412,-0.024628892,0.140130083,0.008225709,0.055241198,0.137296461,0.134518912,0.979769697,3.076899611
Urban14,0.169473487,0.429321804,0.053850976,0.282197724,0.127014069,0.211585063,7.27415297,1.455044256,-0.048082433,-0.001843489,-0.015868692,-0.012096851,0.079062516,0.105255805,0.060887796,0.57847447,3.550453306
Urban15,0.182345021,-1.405426848,0.067979407,0.198159196,0.130925001,0.306912793,7.016793089,1.324685803,-0.06295407,-0.093586322,-0.007194419,0.085511724,0.064341691,0.102297986,0.111513654,1.090086505,2.671831667
Urban16,0.185661453,0.445608273,0.091001672,0.102806168,0.131860152,0.312890693,7.064976494,1.163461539,-0.069153874,-0.026853091,0.096711386,0.010288885,0.124961896,0.069530178,0.06193248,0.890728052,1.858339021
Urban17,0.180419775,-0.107637938,0.092621316,0.141245622,0.144284996,0.308853057,7.585478928,1.387751235,-0.068599174,-0.004487535,0.009811002,0.028475548,0.052666006,0.091060496,0.112847292,1.239256285,2.17440515
Urban18,0.166157905,-0.444604588,0.075643607,0.165618716,0.154159843,0.36016057,7.235874513,1.773772556,-0.058143037,-0.070280193,0.032733427,-0.076944281,0.028974877,0.097977951,0.126083651,1.286857397,2.738791206
Urban19,0.174203669,-0.166340054,0.069302747,0.166456556,0.129838658,0.349995117,6.871121769,1.164176733,-0.089507623,0.074416321,0.034457821,-0.005465707,0.067663085,0.067007379,0.070977404,1.059247579,1.953754394
Urban20,0.175679196,-0.238163446,0.056414786,0.213671687,0.105270626,0.242493419,7.073115707,1.39328329,-0.035052523,-0.022857286,-0.020007482,0.033042645,0.066945461,0.098035106,0.073601814,0.750769974,2.866263907
Urban21,0.186196167,-0.393106482,0.057423283,0.252169093,0.1050959,0.254076605,6.916076859,1.184615385,-0.082324151,0.016783285,0.085653239,0.029340277,0.059781918,0.08744856,0.073687547,0.84263877,2.378924895
Urban22,0.153774939,0.331941179,0.066035416,0.253707325,0.12011212,0.237413546,7.264867163,1.593983814,-0.048034826,0.019244633,-0.009033838,0.037324301,0.083288879,0.08158849,0.08546643,1.047530479,2.203260653
Urban23,0.167833781,0.215318802,0.048502284,0.268421145,0.122764227,0.281208026,6.732345426,1.209615385,-0.057639719,-0.041587117,0.152558741,-0.003547533,0.054466418,0.086589633,0.085558515,0.9880919,3.286159269
Urban24,0.138570479,0.85521758,0.038888362,0.2366915,0.125539795,0.266900429,6.882417801,1.408078635,-0.065280939,-0.060918434,0.03809957,-0.060840755,0.044902327,0.097608025,0.113536338,1.163186511,2.215853675
Urban25,0.181418447,-2.048357712,0.081567487,0.274109934,0.1252519,0.255552453,7.480416031,2.051545308,-0.046561801,-0.054136905,-0.00341922,-0.032273212,0.055474881,0.118727539,0.097059222,0.817495442,3.417726408
Urban26,0.220264698,-1.373192334,0.082383305,0.248315313,0.137050584,0.251577775,7.336121725,1.293708739,-0.041005449,-0.058206367,-0.080441001,0.123704135,0.085837037,0.12177037,0.085262963,0.700194661,3.849608061
Urban27,0.173323709,0.222883945,0.080406328,0.342194089,0.169917001,0.281259896,7.422415401,1.65051714,-0.061339994,-0.048860612,0.083385589,-0.065078651,0.085,0.084955556,0.088359259,1.040064513,1.944159951
Urban28,0.215853211,-0.964653498,0.079788013,0.120568478,0.130034259,0.334272198,7.265546152,1.2,-0.057387155,-0.076418092,0.070805418,0.00922326,0.068167036,0.077317073,0.091924571,1.188929785,2.610998117
Urban29,0.210280755,-0.895508025,0.081646162,0.302036885,0.093478326,0.209031034,7.224559522,1.854879211,-0.048075432,-0.018019212,0.041639088,-0.052300326,0.099081481,0.106896296,0.093392592,0.873674725,1.622542982
Urban30,0.20915934,2.431520253,0.099438661,0.166751842,0.097365433,0.247590145,6.920417338,2.58509218,-0.067384012,0.038846988,0.050853773,-0.029556134,0.086925926,0.06037037,0.09027037,1.495276077,1.670332332
Urban31,0.198006499,0.436174595,0.051737286,0.247566713,0.129114964,0.224978355,7.819276795,1.262238985,-0.05360172,-0.044257926,-0.063379882,0.092782595,0.121955556,0.1306,0.024766667,0.189637573,3.201345686
Urban32,0.158585044,1.925018598,0.070752672,0.320045799,0.082009168,0.266840139,7.352129676,1.262238985,-0.073000926,0.060783882,0.013794093,-0.017683997,0.12486387,0.091725533,0.0187909,0.20486008,2.383367886
Urban33,0.191401775,1.183613192,0.062223484,0.298641822,0.161980622,0.267289194,7.536634774,1.463243924,-0.055199212,-0.07371735,0.014915168,0.002724077,0.100265487,0.095888643,0.076089888,0.793523462,1.987803233
Urban34,0.218322078,-0.661784304,0.065752431,0.184185991,0.113311432,0.336583849,7.110966214,1.371332339,-0.063047068,-0.065348665,0.122015051,-0.013423604,0.074592593,0.083477778,0.085837037,1.02826212,1.890471327
Urban35,0.136235224,0.667676251,0.070464959,0.335886987,0.207687061,0.249975892,7.556830034,1.635513961,-0.067846588,-0.018349938,0.061995911,0.005034127,0.127619048,0.092739018,0.06601212,0.711805251,1.60419335
Urban36,0.217165382,0.663596168,0.052599896,0.201860683,0.11961415,0.25132205,7.65497964,1.23593452,-0.06424467,-0.047493209,-0.053243704,0.098413884,0.101296296,0.104055556,0.038622222,0.371169243,3.0306207
Urban37,0.224248685,-0.609919137,0.088957704,0.147392906,0.140266826,0.326557819,7.251991638,1.230769231,-0.049256737,-0.088086588,0.062517848,0.010149085,0.115992593,0.089796296,0.03357037,0.373850276,1.905432062
Urban38,0.203642989,0.971654568,0.071304369,0.168681797,0.169160701,0.252453389,7.659626086,1.123076923,-0.067079217,-0.052614664,0.016797224,0.063377316,0.134088889,0.096707407,0.026503704,0.274060745,2.989066508
Urban39,0.14200207,-1.099522821,0.10083813,0.349443224,0.10593131,0.233579265,7.148464105,1.792370042,-0.037912771,-0.041625099,0.052978915,-0.028106904,0.110585185,0.076085185,0.072644444,0.95477778,2.368038054
Urban40,0.147299611,0.642678437,0.063064398,0.347136284,0.187811789,0.277279859,7.378733832,2.995350629,-0.065580497,-0.029891073,0.168273828,-0.022291851,0.107733628,0.080978661,0.075637846,0.934046637,1.889824006
Urban41,0.217147522,-0.671248261,0.06169052,0.153746697,0.107137335,0.252933332,7.619015835,1.40420314,-0.058062222,-0.036423802,-0.076661993,0.217840043,0.091148148,0.125466667,0.024974074,0.199049473,2.786108434
Urban42,0.224553592,-2.427187121,0.097082939,0.09439014,0.15051067,0.288910563,6.871592274,1.262238985,-0.046554087,-0.110565468,0.102103811,0.008744578,0.114762963,0.086188889,0.047644444,0.552791022,1.902772288
Urban43,0.203364102,0.460806988,0.06204236,0.247306506,0.141751241,0.288387312,7.623594879,1.215384615,-0.068717699,-0.043520915,-0.000771177,0.056047088,0.10337037,0.10317037,0.044751852,0.433766516,2.453786531
Urban44,0.209435407,0.792952297,0.064525026,0.093025681,0.107969911,0.251434409,7.687678003,1.366278302,-0.068976877,-0.022860592,0.016091622,0.079741213,0.124762963,0.111425926,0,0,3.344241894
Urban45,0.218571943,-1.742540301,0.076967119,0.203173511,0.115236198,0.26882449,7.267555992,1.262939508,-0.05454599,-0.071448888,-0.044841505,0.168229661,0.052311111,0.105418519,0.108785185,1.031936191,2.317869798
Urban46,0.228113502,-1.477784973,0.082496765,0.29166971,0.150951878,0.305469825,7.009503804,2.127816763,-0.05076963,-0.115412937,0.061519533,0.052000368,0.035757576,0.088558758,0.138155169,1.560039595,3.348890655
Urban47,0.215178927,-0.719421441,0.081692187,0.177658123,0.147910415,0.222181221,7.579604702,1.366263631,-0.056632155,-0.036503613,0.029988333,0.038065715,0.10933039,0.121961001,0.048739392,0.399630961,3.117589118
Urban48,0.17371203,1.989974228,0.070335297,0.169217505,0.132664706,0.247231586,7.636040859,3.54955499,-0.072993416,0.013046089,0.0526711,-0.019750365,0.05242963,0.101711111,0.126959259,1.248233922,3.133474908
Urban49,0.217909863,0.749780186,0.085003553,0.125940532,0.093984391,0.306467717,6.828396997,1.26093452,-0.061486865,-0.04490909,0.017984685,-0.027397659,0.099192593,0.0831,0.076362963,0.918928556,2.311135733
Urban50,0.228429474,-0.498256598,0.072721739,0.125352936,0.104360811,0.304829866,7.705326664,1.552391315,-0.058135347,-0.04445363,-0.072136702,0.168815093,0.078088889,0.110585185,0.037351852,0.337765425,3.81590292
MDS1,0.223924999,0.64173439,0.348756197,0.163421983,0.285897851,0.280351541,7.938805309,2.379774072,-0.049256018,0.00913088,-0.084550971,-0.014886086,0.034964682,0.143434418,0.152297859,1.06179438,4.450432798
MDS2,0.203173145,0.205653317,0.426894925,0.160806554,0.252514163,0.266778115,7.851719763,2.724473079,-0.047919078,-0.023284376,-0.069752101,0.040319304,0.072520568,0.122248917,0.140611517,1.150206648,4.603360009
MDS3,0.192921593,0.111564944,0.565566996,0.142328126,0.299256367,0.255413015,7.795435796,3.230626931,-0.053202245,0.059034977,-0.01201901,-0.050624445,0.045084635,0.139822001,0.186790104,1.335913538,4.934808608
MDS4,0.277590397,1.518200549,0.276865206,0.259056212,0.188206895,0.31792712,7.674892313,2.798602621,-0.068579218,-0.017852348,0.016953649,-0.00840478,0.035882266,0.120969188,0.148695701,1.229203101,3.36872997
MDS5,0.253816846,0.473994557,0.457032682,0.254717429,0.278210826,0.262925794,7.741268184,2.705260648,-0.030835793,0.001760601,-0.027668827,-0.024550501,0.016134635,0.12701505,0.186393006,1.467487562,3.896745342
MDS6,0.2066055,0.62766333,0.411149511,0.222090465,0.244188597,0.26811324,7.816286647,2.691476356,-0.043491063,-0.018049113,0.025046573,-0.048070453,0.018244351,0.131791095,0.192527128,1.460850811,3.311110055
MDS7,0.162120737,-1.384318765,0.712573486,0.045852297,0.209357437,0.215553393,7.482651613,6.005324221,-0.025923285,-0.022083836,-0.029748899,-0.084287282,0.027175724,0.16329992,0.248414807,1.521218179,4.55018137
MDS8,0.180439625,0.518617045,0.414441247,0.079483094,0.22101246,0.201861859,7.634423433,5.54738618,-0.042935776,0.011483089,-0.058709366,-0.087141883,0.024637561,0.180215641,0.20407861,1.132413418,4.592376207
MDS9,0.200477779,0.124680909,0.462554787,0.083068887,0.242955437,0.203187035,7.652068099,6.161731625,-0.044834543,-0.015852653,-0.087059049,-0.003699872,0.029634259,0.175774844,0.203991773,1.160528824,4.57585997
MDS10,0.325814414,-0.555539622,0.326030374,0.219923552,0.284537811,0.305824294,7.805361714,4.955217859,-0.05996542,-0.029617449,0.05750362,-0.00455022,0.030886332,0.116551081,0.145503123,1.248406465,5.249355591
MDS11,0.298290108,-0.814760305,0.280947471,0.176260013,0.182339583,0.250011093,7.749249147,3.320950903,-0.049440237,-0.015318538,-0.033573561,-0.052727485,0.031653086,0.152422587,0.184172074,1.208299095,3.675257096
MDS12,0.317991291,-1.389944506,0.29447345,0.229747631,0.24843823,0.323200352,7.515257493,4.679764291,-0.023515673,-0.092372526,-0.043370086,-0.069845576,0.020523071,0.110467275,0.151823441,1.374374818,5.218346952
MDS13,0.195893676,-0.719866921,0.32621874,0.194886813,0.263361135,0.261095462,7.863783297,3.360319689,-0.044646213,-0.059387327,-0.030694106,-0.062198544,0.035341899,0.1332798,0.143701315,1.078192757,4.572816087
MDS14,0.201231272,-1.206841681,0.570064768,0.090734134,0.279061051,0.238690008,7.650613305,3.776125972,-0.042408509,-0.049475662,-0.075319134,-0.108762796,0.02104205,0.137132353,0.201144874,1.466793719,4.109050013
MDS15,0.174485497,-0.803888935,0.563888717,0.148535059,0.227807579,0.258988922,7.58991309,3.413644922,-0.031671604,-0.021036331,-0.055078497,3.56E-05,0.03584256,0.135373296,0.195973127,1.447649816,4.551577517
MDS16,0.151689861,2.07128284,0.358936791,0.170167438,0.261241087,0.225372993,7.750548801,1.420888552,-0.049112954,-0.088840387,0.077456406,-0.031714499,0.080689225,0.10385188,0.095036406,0.915114931,4.461021932
MDS17,0.369480919,-0.25457939,0.183601148,0.323246908,0.208944208,0.239683738,7.396871419,1.627396205,-0.080701052,-0.028310193,0.057482572,0.010647933,0.085720062,0.109518687,0.081955989,0.748328813,3.832662324
MDS18,0.211711834,1.193357171,0.162410123,0.243916323,0.183455331,0.210288185,7.699277276,1.417868844,-0.06839801,0.018790069,0.014927832,-0.021088143,0.045846897,0.13284573,0.125207366,0.942501998,4.730147059
MDS19,0.501716698,0.40441382,0.188647831,0.288296204,0.181481177,0.309282088,7.754402059,3.916041127,-0.024875529,-0.083543988,-0.012632866,-0.025113251,0.021308899,0.088005702,0.129917542,1.476240051,3.715988957
MDS20,0.214338872,0.6496074,0.315170934,0.174597838,0.23216159,0.348050205,6.927434234,2.818047337,-0.019818284,-0.038894163,-0.066479295,-0.052553663,0.023145818,0.12603018,0.180333114,1.430872462,3.726532872
MDS21,0.31384914,-0.596830469,0.291927399,0.180994207,0.174587845,0.273915463,7.712589644,3.594607316,-0.054859793,-0.036647469,-0.027419318,-0.04322818,0.051290264,0.109294216,0.129333103,1.183348101,4.089119061
MDS22,0.296966648,-0.456205648,0.303172617,0.180138366,0.177605064,0.231274828,7.746887595,3.672453421,-0.0488141,-0.023934261,-0.060160696,-0.071126508,0.018670502,0.161980692,0.179806228,1.110047289,4.232612307
MDS23,0.180160383,0.03047904,0.531567312,0.061708831,0.247375368,0.281788255,7.890857553,4.592302802,-0.038039953,-0.030935154,-0.056342265,-0.100222997,0.024421692,0.170047124,0.219229777,1.289229549,4.462119098
MDS24,0.193059866,-0.942526177,0.321227529,0.133096424,0.26255453,0.281319588,7.292978984,3.590297814,-0.017928391,-0.015265966,-0.021458302,-0.05023689,0.030174255,0.146352768,0.179397344,1.225787161,4.042412926
MDS25,0.233437263,-0.76701434,0.392739638,0.242663776,0.248304707,0.266567201,7.742282486,2.968641499,-0.0306891,-0.036971057,-0.032072776,-0.006410297,0.068777087,0.14124943,0.153428086,1.086220921,4.708630232
MDS26,0.182754103,-0.686540849,0.572060449,0.175148255,0.231788094,0.214673078,7.531730074,3.52141914,-0.030449726,-0.01113138,-0.018541033,-0.050420386,0.0380531,0.14718967,0.180234771,1.22450693,4.502530758
MDS27,0.170019562,0.199440798,0.483896259,0.19490277,0.279394285,0.262322783,7.760544554,2.42390826,-0.035177085,-0.070313476,-0.010441496,-0.08591329,0.040288549,0.146512175,0.196500195,1.341186799,3.923968078
MDS28,0.177056368,-0.2536056,0.490712796,0.175208485,0.259660349,0.283980422,7.86985926,3.135397819,-0.037654096,-0.081930305,-0.004064421,-0.057908845,0.020775833,0.154913464,0.203137256,1.311295034,3.934954751
MDS29,0.248924485,-0.293558698,0.487878274,0.185088181,0.25449094,0.310285397,7.781185693,3.622805516,-0.077774362,0.01092075,-0.066033434,0.141185372,0.026814838,0.122815922,0.175141989,1.426052796,5.056612505
MDS30,0.200975066,-1.159059155,0.434793477,0.138620457,0.286036016,0.322460545,7.609553353,3.816244071,-0.026780058,-0.044689745,-0.002151908,-0.053986698,0.012214872,0.118657333,0.1729907,1.457901468,4.250155259
MDS31,0.156082083,-0.421069241,0.608925017,0.115917734,0.321887076,0.298020155,7.29991918,3.822216245,-0.081903084,-0.031907552,0.00846266,-0.023028931,0.049696978,0.135699104,0.182157914,1.342366373,4.056275943
MDS32,0.335776648,0.766520249,0.279819561,0.207223123,0.20233405,0.24320113,7.84790004,3.436977358,-0.035714426,-0.055882557,-0.076120121,0.055503061,0.028729239,0.154207512,0.177356243,1.150114159,4.250418365
MDS33,0.290110085,-0.918934775,0.390790238,0.199424381,0.217083759,0.194479817,7.544560243,3.552062448,-0.029307158,-0.022580527,-0.039911998,-0.052196265,0.023311676,0.160553738,0.202660364,1.262258771,4.19355465
MDS34,0.394696973,2.621051624,0.308653911,0.232695032,0.238913389,0.260428118,7.46864207,4.133026065,-0.063823004,0.025637541,-0.073815909,-0.034018336,0.033343412,0.109881668,0.158514409,1.442591944,5.282707734
MDS35,0.326642685,-0.601009379,0.340366247,0.239514273,0.276694553,0.238032851,7.725864933,2.924385055,-0.058966962,-0.030827368,0.07718767,-0.026631452,0.054826101,0.126433055,0.11760052,0.930140619,4.06203863
MDS36,0.305340747,0.806878521,0.21610556,0.277364572,0.157773941,0.272477703,7.547642721,2.658528534,-0.031723737,1.14E-05,-0.021145071,-0.000997155,0.019893973,0.108797874,0.146238403,1.344129234,3.5408741
MDS37,0.439470012,0.187803519,0.188557665,0.352382963,0.129120878,0.274256294,7.246758212,3.862542178,-0.079556174,0.006140691,0.065762802,0.014441194,0.028902897,0.114255717,0.148529725,1.299976307,4.088398433
MDS38,0.252485792,-1.045290403,0.419636704,0.140863938,0.272780753,0.245061704,7.534584654,3.735555529,-0.065652375,-0.007705848,0.037614343,0.043278696,0.029067993,0.135527929,0.192184845,1.418046055,3.817227892
MDS39,0.3111128,0.079819166,0.2508566,0.158706274,0.156035305,0.23685401,7.582618181,4.092504524,-0.045430331,-0.047122395,0.067499855,0.00292088,0.019705455,0.136424383,0.176160574,1.291268981,4.011078159
MDS40,0.344046733,0.798678195,0.336982893,0.205236513,0.203015668,0.261095564,7.923433886,3.634358648,-0.065388429,-0.036976872,0.050845331,-0.047388345,0.022005717,0.139890671,0.162798961,1.163758525,3.657541656
MDS41,0.255607924,-0.685362586,0.281642046,0.160034708,0.182379147,0.238621084,7.58631406,3.692558315,-0.049064171,-0.063420052,-0.090473664,0.078005644,0.011244456,0.145731608,0.192040523,1.317768504,3.729117539
MDS42,0.354895564,-0.131316535,0.20349438,0.183894246,0.089753328,0.226875679,7.525720855,5.368661059,-0.037561336,0.014736207,-0.031636121,-0.044827836,0.008140927,0.128474644,0.199901705,1.555962319,4.977034047
MDS43,0.329002263,0.79238941,0.324721131,0.241834077,0.176842801,0.213393233,7.422856186,3.064373563,-0.03641822,0.006175235,-0.018974384,-0.032568556,0.042073926,0.128149091,0.156424201,1.220642299,3.090705327
MDS44,0.183461414,-0.072983843,0.399345124,0.139689259,0.252973765,0.277588777,7.70986112,2.437099614,-0.030279046,0.002614859,-0.036188933,-0.07406277,0.033814724,0.114840186,0.159902625,1.392392599,4.305865466
MDS45,0.225310315,0.521538551,0.406193416,0.15798001,0.243708716,0.220036871,7.737804465,3.058982102,-0.042356905,-0.000616105,-0.032415137,-0.059681205,0.029679813,0.161502226,0.194551431,1.20463622,4.52764762
MDS46,0.243676549,-1.12610461,0.508601449,0.171158486,0.313435874,0.276727704,7.767387368,3.264896817,-0.052877927,-0.067816461,0.001080829,0.058186868,0.02874818,0.138388999,0.177572548,1.283140635,5.405717277
MDS47,0.383424311,0.589974792,0.463556264,0.287059896,0.265663908,0.191520607,7.249117766,1.477584478,-0.037566738,0.045806912,-0.00178122,-0.010487461,0.086593807,0.098038976,0.103111642,1.05174132,4.154717408
MDS48,0.369023544,1.473649433,0.23004479,0.247453221,0.141387733,0.259854758,7.586297911,1.613471319,-0.062180378,0.107618619,0.005282936,0.010468687,0.048342387,0.092552821,0.126256704,1.364158355,3.360449844
MDS49,0.329148624,3.654930952,0.331491432,0.277530987,0.264063904,0.237972608,7.558185443,1.572008411,-0.071802997,0.00719861,0.071496043,0.004804093,0.122617475,0.090790154,0.064920149,0.715057153,4.343059346
MDS50,0.232311779,-1.927364906,0.23373381,0.159777358,0.193302405,0.227348861,7.45361828,2.645526676,-0.032511054,-0.043530497,-0.05398204,-0.06596364,0.027982076,0.125035604,0.157656749,1.260894849,3.897091078
MDS51,0.398493274,1.31150778,0.256356288,0.347386408,0.166191039,0.216916086,7.625540778,2.909818328,-0.033772206,-0.016924582,-0.013786511,-0.032717659,0.050297901,0.119895241,0.123145285,1.027107365,4.13620482
MDS52,0.267650248,-1.713300157,0.391067694,0.16012015,0.252221935,0.26457864,7.46169392,5.590872414,-0.033059451,-0.061599968,-0.05860596,-0.079744378,0.011103312,0.119117101,0.188923279,1.58602986,5.468058879
MDS53,0.314192255,-1.286118668,0.332010763,0.164256565,0.235007883,0.285850334,7.266586213,5.414360115,-0.054653021,-0.072308073,-0.023614679,0.021344021,0.007756551,0.122260412,0.197806438,1.617910776,4.698149491
MDS54,0.229163136,-1.246256559,0.370451828,0.131242254,0.23681254,0.189293032,7.46001805,4.63025698,-0.030188489,-0.01575451,-0.038809083,-0.03758775,0.027951558,0.133763631,0.189705928,1.418217542,3.693996178
MDS55,0.12715934,-0.616184107,0.565021603,0.075543139,0.244406368,0.31008337,7.672696929,2.359112915,-0.047652559,-0.109090279,-0.008485593,0.040625021,0.037123631,0.133109746,0.199362878,1.497733141,4.752244681
MDS56,0.303068481,0.302611789,0.300747425,0.190152963,0.237888274,0.286901645,7.883395727,3.735103183,-0.01976459,-0.026894228,-0.053710892,-0.013358129,0.020851135,0.144048055,0.196408987,1.363496279,4.08514587
MDS57,0.265192079,-1.75995834,0.476091716,0.21606141,0.263522311,0.294643783,7.50490079,2.956929434,-0.063329263,0.046289929,-0.032849381,0.043512586,0.028719695,0.135056869,0.180387231,1.335639071,5.255820382
MDS58,0.266297439,-1.171968922,0.415738125,0.316457018,0.238735246,0.313093191,7.517101625,2.36515233,-0.059519837,-0.120375328,0.087541634,0.08436457,0.061077213,0.114850878,0.138126706,1.202661298,4.667657543
MDS59,0.205391156,-0.353798425,0.512922742,0.215495813,0.256842676,0.273053191,7.757922695,3.114895594,-0.028338988,-0.042391458,0.005440146,-0.011888504,0.085867644,0.126986628,0.125333738,0.986983748,4.081588532
MDS60,0.258404398,-1.934212706,0.456414916,0.275432624,0.270344329,0.302857571,7.399882897,2.805705658,-0.04271876,-0.136155442,0.051422657,0.075025952,0.052249658,0.122999829,0.129967776,1.056650054,4.354925823
MDS61,0.216556477,-1.073297964,0.477332127,0.146734837,0.347982238,0.265253597,7.532433847,2.884615385,-0.039330095,-0.088225072,-0.103245177,0.050086119,0.028036748,0.125983796,0.172875868,1.372207169,3.199371985
MDS62,0.24872628,1.578839417,0.590249249,0.1926842,0.379193806,0.284019559,7.706221795,4.066152379,-0.082723381,0.055127359,-0.017404789,-0.000319698,0.029375285,0.138237055,0.203678999,1.473403777,3.898444337
MDS63,0.268801447,1.463653362,0.370461208,0.194462109,0.237337826,0.285077249,7.578956674,3.374834955,-0.067193088,-0.017263342,0.106157311,-0.026435013,0.027378066,0.141472879,0.204317518,1.444216866,3.794394186
MDS64,0.214401215,-0.377390548,0.50714706,0.179733763,0.356083696,0.312713742,7.691539446,4.604797301,-0.08046752,-0.030821257,0.07867569,0.01139416,0.009949532,0.137941235,0.215250195,1.560448513,4.340416269
MDS65,0.390495906,-0.456275668,0.285440538,0.243015405,0.233626263,0.339331931,7.728537754,5.015055749,-0.063909971,0.009574769,-0.079179988,-0.037138941,0.029033661,0.142801921,0.138531764,0.970097342,4.3048322
MDS66,0.193918693,-0.462066565,0.265957081,0.177126571,0.247524757,0.245445027,7.811994957,3.292330921,-0.050904068,-0.057939766,0.008939379,-0.038697976,0.04822286,0.151593526,0.138693253,0.914902217,3.86708472
MDS67,0.218117406,0.148787637,0.430593587,0.125461603,0.390576785,0.240679348,7.512557165,3.188224363,-0.076570258,0.101503763,-0.044513934,0.026083855,0.029750824,0.120922724,0.178516785,1.476288154,4.133084964
MDS68,0.24365552,0.118358678,0.395602715,0.115679213,0.211905752,0.250095094,7.838159659,3.823487701,-0.048536492,-0.057789696,0.019289234,-0.05700545,0.023749199,0.16356278,0.213879395,1.307628759,4.250871789
MDS69,0.221516095,0.888940262,0.286831662,0.12819651,0.205111674,0.270845275,7.820480719,2.849680914,-0.059780287,-0.028683216,-0.046152077,-0.008747821,0.019526164,0.141089757,0.201186259,1.42594518,4.077613897
MDS70,0.266196839,0.151570853,0.317521276,0.151469389,0.25404275,0.232641298,7.671656775,3.176927968,-0.037578166,-0.047243692,-0.102549146,0.109740661,0.04622523,0.14721934,0.17738827,1.204925046,4.003093096
MDS71,0.256563487,0.200727422,0.3555749,0.237800221,0.231246327,0.236449267,7.588709749,2.769548633,-0.069892169,0.069186031,-0.055213699,0.039181309,0.034166762,0.110584214,0.169861843,1.536040605,4.286843704
MDS72,0.143130061,2.410103452,0.44523343,0.1155371,0.264626848,0.264586162,7.471721763,2.313481099,-0.081449084,0.09970246,-0.015345745,0.068969456,0.043289005,0.111471737,0.168891025,1.515101761,3.657551673
MDS73,0.13657656,0.712144624,0.53001097,0.092258747,0.231670071,0.219199801,7.634806351,3.622597682,-0.04407439,-0.003287167,-0.029671497,-0.039330286,0.07466549,0.144081786,0.159870973,1.109584892,5.668347027
MDS74,0.322553977,0.420474064,0.279032825,0.201621346,0.184440855,0.213070466,7.698124459,3.618844442,-0.046026605,0.007438825,-0.053750907,-0.04537971,0.017628988,0.172404607,0.200850566,1.164995353,4.557617224
MDS75,0.131890085,2.005192761,0.54129598,0.049505644,0.233586658,0.23927176,7.761343693,3.425687075,-0.043789064,-0.028030099,-0.091615965,0.035973518,0.045339173,0.161024545,0.224458772,1.393941352,4.707976223
MDS76,0.244847832,1.295979351,0.367259041,0.095544927,0.190950276,0.265859355,7.910835476,4.582112817,-0.046915248,-0.022904813,-0.044469874,-0.075104736,0.019383979,0.165400805,0.200938869,1.214860284,4.638590087
MDS77,0.30128041,-0.422413569,0.365543884,0.166285797,0.164009318,0.264399139,7.516450075,3.429299721,-0.063243422,0.010649039,0.041561863,0.055486549,0.011222839,0.134820302,0.206252813,1.529834972,3.877461109
MDS78,0.309440214,-1.515715817,0.364982797,0.178423816,0.228091421,0.288615475,7.62656986,3.334716857,-0.009162013,-0.014173778,-0.030317541,-0.048998373,0.014303852,0.132910442,0.175009919,1.316750711,4.114694463
MDS79,0.271033185,0.529398014,0.238610189,0.246017331,0.146389929,0.299743769,7.705545093,2.312258546,-0.069041206,0.078908118,-0.047640081,0.020703009,0.02669398,0.124112447,0.147105932,1.185263328,3.503176303
MDS80,0.184902109,-0.202763064,0.220213625,0.113338965,0.172067819,0.166044233,7.29161515,2.588078879,-0.043082523,0.070183499,-0.016562207,-0.013052614,0.012214661,0.163309733,0.2204295,1.349763397,3.07200253
MDS81,0.323279316,1.475507964,0.21090248,0.218461164,0.152057811,0.217950899,7.104054891,1.950125923,-0.042515896,-0.06820252,0.065951587,-0.03357856,0.200080927,0.08360476,0.017485956,0.209150245,4.933915266
MDS82,0.312206572,0.961977931,0.219878211,0.232673278,0.172872366,0.301663482,7.622329612,2.456904983,-0.030441559,-0.045072436,-0.004135967,-0.050705252,0.080242554,0.108409876,0.117004538,1.079279327,3.761110923
MDS83,0.26775966,1.095139797,0.249889506,0.156408308,0.147110528,0.295844326,7.659630052,2.794574306,-0.033334261,-0.053014079,-0.030849868,-0.0353895,0.079865083,0.119653928,0.117319096,0.980486792,3.735494264
MDS84,0.271651748,-0.168986846,0.345040153,0.131723552,0.180032156,0.2952948,7.769616451,3.70466771,-0.022724874,-0.050860158,-0.030592231,-0.086987544,0.020021676,0.148404614,0.190798633,1.285665101,4.001004343
MDS85,0.269842623,-0.193847125,0.179326933,0.185355057,0.149281559,0.313550726,7.562251066,2.637800137,-0.064815778,-0.047241948,-0.074452375,0.040586671,0.013156891,0.127500534,0.161892334,1.269738478,3.852000206
MDS86,0.266762023,-0.265449637,0.410266844,0.220380346,0.263840692,0.293564077,7.824826796,3.947124554,-0.02541085,-0.053025312,0.001808594,-0.052601681,0.01289622,0.164446513,0.232467413,1.413635405,3.63136692
MDS87,0.247213956,1.583700922,0.31016666,0.191201761,0.135312203,0.210081249,7.509717365,3.159934471,-0.061708394,0.042839409,-0.053787974,-0.011664049,0.020145749,0.132715853,0.176256346,1.328073037,3.980225857
MDS88,0.294592888,0.27845716,0.146431001,0.294220479,0.115830205,0.274606817,7.08185696,2.65215903,-0.083452485,0.060414521,0.004660788,-0.063040223,0.024721781,0.154209137,0.186217387,1.207563901,3.393292603
MDS89,0.169723911,0.136288673,0.558710272,0.150238694,0.305683766,0.252416354,7.780455876,2.831305931,-0.030479761,-0.041881965,-0.05905839,-0.095681729,0.048708927,0.133409208,0.179932644,1.348727323,4.890359724
MDS90,0.133997419,1.435874305,0.634307557,0.058852317,0.26307803,0.275649887,7.812420747,3.369095066,-0.047079629,-0.037262543,-0.085124306,-0.04314837,0.041956284,0.13560073,0.190185114,1.402537538,4.789681868
MDS91,0.18636741,0.553842756,0.334045474,0.124440896,0.176478103,0.255383975,7.452615328,4.306378062,-0.048392303,-0.060702929,-0.056553496,0.070068156,0.009671257,0.154695078,0.234008307,1.512706868,4.687407446
MDS92,0.148219963,-1.274871264,0.610286855,0.079775957,0.227578458,0.26895309,7.694310169,3.413803853,-0.020600399,-0.07264266,0.003675658,-0.08778003,0.035266831,0.156670065,0.227091996,1.449491937,3.966736004
MDS93,0.297084273,-1.415237039,0.344402501,0.201610491,0.234308263,0.256509566,7.584955062,3.937087388,-0.017092861,-0.039874138,-0.052366556,0.06453698,0.030152639,0.149466197,0.168103297,1.12469107,3.814662527
MDS94,0.288144572,0.30146494,0.325808951,0.1931178,0.243209056,0.242985039,7.845471608,2.965780722,-0.052891876,-0.021828066,-0.089052104,-0.034319283,0.035059611,0.172695796,0.171394745,0.992466227,3.336201607
MDS95,0.298799433,-0.896985142,0.31480597,0.245568349,0.255366743,0.32135266,7.534317643,2.641602278,-0.04316253,-0.067153185,0.04626575,0.018186295,0.031592051,0.115654627,0.135948578,1.175470291,3.204393534
MDS96,0.21510852,-0.75582908,0.427182451,0.194039895,0.304664338,0.308357867,7.43801722,2.349289697,-0.05569486,-0.043615292,-0.011067656,-0.094697197,0.043270335,0.130481675,0.162491668,1.245321751,3.843557178
MDS97,0.287951526,1.412128031,0.270023841,0.179189059,0.216587509,0.268471617,7.756447226,2.249333708,-0.059802031,-0.004862849,-0.091974112,0.096912663,0.025838216,0.128513972,0.163973252,1.275917703,3.983176583
MDS98,0.170537338,0.876692028,0.324161432,0.193019369,0.223376864,0.225045399,7.651348063,2.075841117,-0.060701981,0.031704411,-0.031223666,0.022453383,0.051534017,0.125974019,0.13186113,1.046732739,3.537392295
MDS99,0.268176985,-1.616144113,0.379898969,0.177568316,0.334719314,0.262838918,7.57338552,2.315785613,-0.045830676,-0.074520255,0.077166209,-0.036080255,0.031057994,0.100996017,0.139959097,1.385788283,3.728368306
MDS100,0.212140022,-0.452839679,0.31915922,0.132711778,0.272404969,0.291171194,7.44062756,2.12965793,-0.057523911,-0.057121969,0.02492929,-0.029133884,0.030216217,0.112252553,0.159124772,1.417560383,3.64922544
MDS101,0.201263425,-0.886276387,0.438732246,0.093651477,0.307249867,0.25992508,7.564764298,2.472908211,-0.013974833,-0.040376397,-0.046692479,-0.023973401,0.03094101,0.120635351,0.179485718,1.487836828,3.630495774
MDS102,0.273841867,-1.144643635,0.295015024,0.199449249,0.240435767,0.339321733,7.070360747,4.060186317,-0.088440037,0.088885205,0.079969804,-0.014015736,0.020782471,0.114637375,0.158132314,1.37941325,4.978914342
MDS103,0.215249523,-0.722553384,0.341371924,0.130610947,0.222844524,0.207754676,7.343240076,3.853049049,-0.052097945,-0.066297213,-0.016857409,-0.018398193,0.011618296,0.155028025,0.208963791,1.34790978,3.94637302
MDS104,0.461393903,0.124967638,0.273982014,0.216927443,0.189399067,0.290775286,7.039924482,4.190232844,-0.064027259,0.128506104,-0.007464361,0.009124145,0.030806224,0.096619288,0.136637767,1.414187269,5.14361
MDS105,0.263727176,0.226793365,0.307407202,0.205563794,0.232400994,0.208520314,7.45848723,2.315504426,-0.050783699,0.004459128,0.054604312,-0.021875296,0.07085852,0.10925881,0.132925264,1.216609114,4.041950362
MDS106,0.318429318,0.735941099,0.295021993,0.286451194,0.26308774,0.253665666,7.490573899,2.414152282,-0.05204442,0.00594966,-0.041624424,-0.07153406,0.05780225,0.112294011,0.113204914,1.008111768,4.313882993
MDS107,0.331511152,1.495051818,0.242310484,0.247736826,0.188260718,0.248345786,7.693962681,2.567491075,-0.035441121,-0.008551381,-0.010663243,-0.031075409,0.041900947,0.12537423,0.142710848,1.138278959,4.21488211
MDS108,0.289562314,0.497426821,0.347329978,0.187497802,0.251352283,0.302022907,7.559567086,3.712852706,-0.031795909,-0.021299866,-0.070011203,-0.09157129,0.025255839,0.134255727,0.204309861,1.521796243,3.614880641
MDS109,0.192557764,-0.854303723,0.366209684,0.127825482,0.281682175,0.221448765,7.644390058,3.28393809,-0.053171416,-0.031690393,0.048202318,0.004763745,0.021870931,0.135271708,0.190428177,1.407745787,3.856129882
MDS110,0.20376391,1.009690584,0.248580629,0.185174917,0.239605614,0.190342265,7.609429176,2.782165387,-0.059269083,-0.018301114,-0.004642229,0.021113282,0.027617137,0.132868449,0.163949092,1.233920417,4.017070162
MDS111,0.273492094,-0.000996418,0.311941102,0.173811953,0.211308221,0.213261865,7.706700689,2.180595629,-0.049211509,0.003537121,-0.081179493,0.092535756,0.070776622,0.117997487,0.12512819,1.060430973,3.696011542
MDS112,0.25016258,-1.584884615,0.388041054,0.226296986,0.325546737,0.331033201,6.918203689,3.645055993,-0.078428902,-0.063609135,0.11424305,-0.009326055,0.02260455,0.129412483,0.171531334,1.325462042,3.788568204
MDS113,0.365525389,0.354565188,0.266624948,0.239281157,0.206243576,0.22752546,7.724085125,2.175289745,-0.040620957,-0.06096185,-0.047364875,-0.04829495,0.028769274,0.144463334,0.140156075,0.970184414,3.773476591
MDS114,0.330717804,1.010445045,0.237769081,0.290049986,0.141431759,0.234829893,7.748834683,2.473274977,-0.071794877,0.021127141,-0.038936287,0.026968737,0.017831202,0.147218584,0.186355488,1.265842144,3.873293484
MDS115,0.167211594,-1.225445057,0.438899078,0.13261849,0.343511231,0.306007482,7.535717486,2.487688884,-0.075798738,-0.069651385,0.082107755,0.081645396,0.040770415,0.120527059,0.156633635,1.299572364,3.92650164
MDS116,0.235422871,2.200569375,0.311860753,0.149922143,0.200241371,0.236253989,7.741451531,3.059630055,-0.066701965,0.022913436,-0.049809121,-0.001202915,0.047768633,0.154276858,0.152043543,0.985523979,4.005182318
MDS117,0.208752072,0.296382528,0.24874052,0.180027451,0.196875837,0.25365315,7.798133575,4.742340702,-0.05243124,-0.031739186,0.03333694,-0.062959507,0.025495001,0.132950477,0.143705586,1.080895603,5.636734333
MDS118,0.21342867,0.294794545,0.358727703,0.223000555,0.267846444,0.257147567,7.714287245,2.580401242,-0.038175418,-0.063940139,-0.024968708,-0.076264672,0.041161969,0.121593992,0.157997138,1.299382769,3.865644983
MDS119,0.133034562,-0.434402154,0.35930834,0.16455688,0.262153412,0.290058485,7.689427029,2.153179862,-0.047825438,-0.093827165,0.125609242,0.008314119,0.039324818,0.103521328,0.138513054,1.338014655,4.040802981
MDS120,0.249208577,0.19207497,0.378608577,0.209344337,0.294935826,0.218226333,7.401233326,2.780942833,-0.04862311,-0.042141867,-0.057698132,0.097972712,0.040700055,0.118098674,0.155049065,1.312877272,4.535987809
MDS121,0.288525732,0.410109783,0.332580981,0.201988847,0.276118246,0.286001312,7.824376401,2.544892171,-0.063680495,0.053265643,-0.01934574,-0.013630594,0.058832849,0.127182862,0.128563645,1.010856675,3.840443982
MDS122,0.325833194,0.264642138,0.385219956,0.211015809,0.278856003,0.303352334,7.852532657,2.695419091,-0.058854892,0.037138691,0.022236796,-0.005678339,0.048211652,0.13567233,0.148416095,1.093930465,4.550031787
MDS123,0.30282322,0.510063941,0.399473991,0.198170796,0.238107391,0.283597999,7.820241505,2.943897012,-0.056677185,0.036761802,-0.053259588,0.020980024,0.04780259,0.122526186,0.143433898,1.170638724,4.078895035
MDS124,0.292113,0.879399032,0.407377879,0.162855859,0.222567648,0.3290675,7.339870195,5.577888894,-0.088486566,0.147096755,0.009180948,0.026468416,0.011077881,0.135991414,0.219906886,1.617064486,4.851260237
MDS125,0.212198494,0.64562665,0.233527247,0.237949283,0.250938137,0.364628991,6.967555522,4.551695682,-0.094354802,0.194615935,-0.013442116,0.008511702,0.041584015,0.093548457,0.131935517,1.410344128,4.943769999
MDS126,0.213793153,1.227195788,0.195525344,0.207962257,0.189650284,0.293035409,7.012257907,4.361117902,-0.077727709,0.013119085,0.135776871,-0.006520425,0.124383291,0.110915502,0.087777853,0.791393912,4.769133073
MDS127,0.156819627,-0.129908284,0.403426349,0.175101709,0.266531682,0.231530996,7.676731148,1.947980341,-0.047280872,-0.083729264,0.00216241,0.032158982,0.112462933,0.119426466,0.119797983,1.003110843,3.730397276
MDS128,0.131244376,-0.117661387,0.457532894,0.136708668,0.272080401,0.217041028,7.56906928,2.003527067,-0.043417575,0.015064066,-0.023957803,-0.062698753,0.121511462,0.143561103,0.143422241,0.999032732,4.015436034
MDS129,0.297186914,-1.005754527,0.409293728,0.277153527,0.275536573,0.21313888,7.615146185,2.291389555,-0.052601061,0.040406683,-0.056404291,0.014068842,0.046959113,0.135021527,0.147218717,1.090335151,3.947724164
MDS130,0.300667993,-0.470987091,0.300437107,0.15787262,0.158128131,0.276196147,7.746054284,4.56560223,-0.02302471,-0.042781524,-0.039256354,-0.059195086,0.012659709,0.133742015,0.186683416,1.395847191,3.934496186
MDS131,0.237234671,0.88549637,0.528364528,0.20433364,0.237294348,0.222564638,7.525482776,2.367157318,-0.04911847,0.032000217,-0.021170408,-0.066412752,0.06065602,0.139663517,0.184113911,1.318267755,4.350683115
MDS132,0.182062411,-1.515638094,0.383878569,0.143255581,0.267798489,0.281160485,7.379817065,2.431426965,-0.04896842,-0.110073431,0.148749259,-0.003259393,0.048581112,0.102800437,0.157339583,1.530534184,4.200193056
MDS133,0.268498812,1.653715464,0.22131106,0.194494742,0.186967613,0.248867399,7.821198589,3.289311213,-0.03109364,-0.005790928,-0.053771432,-0.064507222,0.017132551,0.140531757,0.1810091,1.288029865,3.635703601
MDS134,0.211386173,-0.190684359,0.425273768,0.146756945,0.200723691,0.260847344,7.827968933,3.37762849,-0.040965339,-0.058594377,-0.101155815,0.16371009,0.01894332,0.144950489,0.200634305,1.38415749,4.20298535
MDS135,0.274841868,0.573261614,0.321179692,0.193903568,0.205274905,0.263672588,7.821608723,3.006662917,-0.069867891,-0.022145667,-0.002609641,-0.014671183,0.033114864,0.155907634,0.173999488,1.11604213,3.708656066
MDS136,0.353568016,0.747515846,0.151806217,0.310497192,0.140271945,0.260766746,7.637810276,2.572723605,-0.058004877,-0.005388676,-0.106491239,0.092346228,0.022969564,0.129021327,0.13815856,1.070819555,3.155313003
MDS137,0.353164797,-0.47351919,0.257651609,0.358777165,0.156296558,0.21754201,7.397842184,1.358905081,-0.042239392,-0.001215603,-0.029121607,0.04072506,0.068664063,0.103584375,0.10523721,1.015956412,2.927247257
MDS138,0.453028847,1.138043421,0.107676381,0.301820561,0.109945153,0.205032001,7.657105472,1.927319185,-0.037206622,0.025019736,-0.031999037,-0.008998097,0.029004415,0.132876078,0.150165319,1.130115528,3.379260617
MDS139,0.248216806,0.653300685,0.710259528,0.198216231,0.226608487,0.212506574,7.631799732,6.544158639,-0.032324717,0.000668944,-0.026528619,-0.008899038,0.020845301,0.111535645,0.172028232,1.542361027,5.645963595
MDS140,0.168188868,-0.856899678,0.692290646,0.069290792,0.226110522,0.232540287,7.606559441,5.102957357,-0.071545113,-0.014618322,-0.006136818,0.026391999,0.017308134,0.16908677,0.254240433,1.503609259,5.372820295
MDS141,0.284383844,0.621435339,0.500316041,0.17899077,0.266341391,0.220971146,7.777448735,4.472400851,-0.047451238,-0.033269378,-0.047820193,0.030986533,0.036773505,0.163375943,0.198682565,1.216106615,4.303866254
MDS142,0.110665084,-0.941674895,0.455882704,0.178958117,0.156806718,0.18872244,6.958826315,5.848965719,-0.043667213,-0.038580436,-0.053320988,0.049122342,0.008612718,0.134464802,0.222963481,1.658154979,4.995535881
MDS143,0.172713765,0.957567081,0.451785747,0.248107183,0.195882949,0.220208853,7.486372561,5.842518379,-0.072402445,0.009149849,-0.028933243,0.038345585,0.017045854,0.135652009,0.200079155,1.474944282,5.053785328
MDS144,0.11470142,0.55852842,0.46788535,0.120179846,0.172882601,0.189617171,7.329841304,4.946690547,-0.04445385,-0.005792838,-0.055502065,-0.025386005,0.015811741,0.132749743,0.204676251,1.541820318,5.668429565
MDS145,0.220897864,-0.952650293,0.359271915,0.0844605,0.202390265,0.219070496,7.641998806,4.046071935,-0.03769177,-0.064460716,-0.046451007,0.048054742,0.009803772,0.159152349,0.229777415,1.44375761,4.646302962
MDS146,0.33385801,-1.126766972,0.31583188,0.196961924,0.216363213,0.234500554,7.703482352,2.857933151,-0.064786819,-0.03985622,-0.03839847,-0.00471559,0.054759979,0.139617284,0.146376689,1.048413812,3.2821939
MDS147,0.277245155,-0.42880816,0.304043106,0.216855395,0.218379768,0.202487499,7.601596023,2.76042227,-0.050499224,-0.036796352,-0.022169236,-0.013755525,0.061731974,0.166027705,0.152930339,0.921113371,3.971991511
MDS148,0.15980865,0.342065395,0.425086499,0.068802343,0.17005117,0.16182826,7.334369828,3.466031346,-0.051280678,0.039052111,-0.044386841,-0.005070674,0.034529463,0.151649306,0.206908667,1.364389145,3.703303916
MDS149,0.211341785,-0.208955631,0.326477575,0.109031371,0.22470959,0.216746788,7.511342769,2.756546775,-0.058995891,0.008775777,0.021634307,-0.026541282,0.030037275,0.133397161,0.182620983,1.369002021,3.935060106
MDS150,0.220877184,-0.56743346,0.358815484,0.151872854,0.256075995,0.25501434,7.666497872,2.857725316,-0.034609007,-0.001986314,-0.048231722,0.009455105,0.029847069,0.134432445,0.180550415,1.343056842,3.754727291
MDS151,0.47365027,1.074525813,0.167159268,0.189043705,0.132730243,0.314070851,7.46087934,2.684721746,-0.067435702,-0.018483805,-0.01148982,0.001625595,0.046372732,0.104202906,0.132846594,1.274883773,5.102768806
MDS152,0.131448822,-0.603195253,0.541436797,0.051940792,0.287405923,0.266208662,7.594076991,2.697197906,-0.037269997,-0.065660131,-0.014175495,0.081623405,0.057225137,0.12194842,0.190007837,1.558100031,5.384609308
MDS153,0.215741559,0.39928491,0.431580903,0.162154849,0.327398848,0.24549363,7.555430905,4.271651426,-0.07444979,0.128263015,-0.012414003,-0.008493195,0.01469976,0.127559021,0.214022007,1.677827294,5.659775051
MDS154,0.153118149,1.242023101,0.272655767,0.180143895,0.232792414,0.173922556,7.456627186,2.799825175,-0.057500084,0.0091157,0.017057465,-0.025321971,0.036115011,0.137994766,0.172661225,1.251215753,3.22931714
MDS155,0.197703882,-0.352096103,0.371235005,0.213550371,0.231202773,0.290497798,7.829825166,2.752744633,-0.024380385,-0.005726103,-0.033498688,0.002904969,0.019484204,0.132717695,0.188492383,1.420250578,4.397126898
MDS156,0.212964963,0.114143488,0.431631382,0.192009067,0.245199784,0.281372993,7.877261601,3.143356644,-0.03912844,-0.009916076,-0.028118352,-0.091583657,0.035086394,0.135967438,0.179739674,1.321931755,4.231544725
MDS157,0.186386551,-0.780403112,0.455215959,0.103943207,0.281597795,0.271192842,7.787864858,3.394414152,-0.0349348,-0.044574524,-0.059690152,-0.020223839,0.019206204,0.14340856,0.199927431,1.394110861,4.416525186
MDS158,0.328813553,1.088349567,0.18105451,0.252583776,0.139626174,0.263957515,7.530328512,1.839698763,-0.052394194,-0.057666339,0.035663359,0.002733926,0.035756621,0.112718498,0.125395218,1.112463528,3.187758498
MDS159,0.324174906,1.398898517,0.405214009,0.252020097,0.216576477,0.24901913,7.350311886,1.915558218,-0.044352694,0.0237842,-0.026056725,0.047753255,0.059723553,0.091626917,0.105732146,1.15394198,3.606083822
MDS160,0.544639907,0.41665367,0.204668595,0.296340903,0.134864584,0.275352276,7.424671374,2.205933054,-0.072895257,-0.012799007,0.011409996,0.010441755,0.052993262,0.109688778,0.086978298,0.792955301,3.578041611
MDS161,0.247616885,-0.468170536,0.455900465,0.147791621,0.26032837,0.20562056,7.483867871,2.400435229,-0.046187587,-0.019722511,-0.089433769,-0.141195204,0.035964966,0.134882609,0.175400813,1.300396058,3.603711061
MDS162,0.219560971,-0.455297879,0.367375967,0.182410824,0.304819266,0.29290183,6.749998485,2.548834906,-0.05709445,-0.076466136,-0.002522023,-0.034031896,0.052150726,0.120770772,0.158134222,1.309374937,3.740769063
MDS163,0.227616839,0.367010968,0.231390783,0.223146886,0.211474596,0.247638109,7.326413851,2.653173749,-0.071548088,-0.008156421,0.070137496,0.004624867,0.044470469,0.134859721,0.138269822,1.025286282,3.673587288
MDS164,0.215627934,0.967872696,0.479972802,0.21919817,0.325991932,0.237461441,7.612112934,2.286157025,-0.06121263,-0.006740804,-0.052612883,-0.114589,0.058818231,0.123270641,0.141018967,1.143978533,5.027185382
MDS165,0.121486244,-1.500436419,0.66808402,0.047676659,0.206067538,0.253579642,7.599484942,3.937484718,-0.028969259,-0.044999438,-0.077951486,-0.082592223,0.042504883,0.117182474,0.171492559,1.463465936,4.806123597
MDS166,0.17727781,-0.143394772,0.369223664,0.182095377,0.242819825,0.264288756,7.782691134,2.498752995,-0.092024026,0.14092373,-0.008205894,-0.008485669,0.055922103,0.112198477,0.144970485,1.292089598,3.63037564
MDS167,0.362416965,0.66925099,0.270366831,0.265537679,0.180904307,0.265320865,7.797854824,3.009126363,-0.076228522,-0.03452023,-0.045879577,0.060763406,0.023241616,0.137919793,0.166726296,1.208864169,3.728784918
MDS168,0.177320576,0.000689147,0.639390011,0.085205405,0.241160245,0.257978017,7.838831646,4.562393026,-0.040496081,-0.062726044,-0.039954826,0.026316428,0.015979984,0.165339159,0.239940832,1.451203898,4.202311058
MDS169,0.225344608,-0.143188642,0.529676824,0.15756059,0.309892481,0.272696932,7.761631079,3.310320798,-0.023941824,-0.075964607,-0.038074037,-0.021492961,0.016738424,0.148427521,0.219924152,1.481693897,4.749002335
MDS170,0.272610985,0.521288463,0.443726981,0.125815504,0.234504503,0.279987382,7.775940552,4.282538266,-0.036479945,-0.040963818,-0.036891719,-0.085464824,0.014371247,0.137183577,0.20735415,1.511508553,5.110979128
MDS171,0.185095186,-0.107402564,0.204046172,0.166872768,0.192760243,0.319314363,7.860997947,2.043119468,-0.044895954,-0.015136435,-0.080809904,-0.036277279,0.034903208,0.128126144,0.125736634,0.981350332,3.530409297
MDS172,0.400281018,-0.31370828,0.320771769,0.25994372,0.217994086,0.209789358,7.590612834,3.114229303,-0.024595797,-0.040410612,-0.031782563,-0.06694535,0.025643667,0.136264165,0.164379517,1.206329757,4.515127586
MDS173,0.235606693,-0.191734308,0.278803509,0.127412082,0.209530405,0.254206303,7.688981671,3.534035894,-0.027790502,-0.073623305,-0.020992078,-0.026269225,0.013230063,0.145353393,0.197578808,1.359299593,3.627454097
MDS174,0.253854531,-0.745343212,0.425304471,0.18896284,0.265263114,0.273119761,7.493848141,3.085523742,-0.066243866,0.082889761,-0.032717793,-0.034346522,0.032698449,0.1047153,0.154047526,1.4711081,4.312618742
MDS175,0.12794401,-0.554919666,0.35827561,0.108760344,0.224930793,0.271932751,7.49961162,2.766162159,-0.043953874,-0.072356776,-0.0801866,-0.066091466,0.046766651,0.131327697,0.15876639,1.208933025,4.153020776
MDS176,0.146440369,1.636024403,0.370880833,0.071703474,0.28740782,0.266094185,7.318366063,2.241515477,-0.088198636,0.181227594,-0.010657932,0.008712847,0.07322508,0.112584113,0.143663887,1.276058257,4.537601102
MDS177,0.199777613,-0.238459182,0.337745028,0.104880112,0.178602951,0.203918112,7.612461304,4.564312436,-0.037913311,-0.006938167,-0.082275854,-0.026700807,0.011245728,0.164431254,0.219708522,1.336172514,4.144863868
MDS178,0.160157518,-1.64554845,0.729340357,0.033411511,0.169601069,0.192531382,7.378978723,4.33900802,-0.024666504,-0.016881803,-0.041213962,-0.047357877,0.017861041,0.149637379,0.242701198,1.621928957,4.283523385
MDS179,0.164467611,-0.429687391,0.634784574,0.028218392,0.143914722,0.242837154,7.522235291,4.748361778,-0.028669199,-0.028110517,-0.019039482,-0.056857317,0.017536477,0.150090476,0.243112647,1.619773976,4.215814934
MDS180,0.226895483,-0.015181482,0.347211836,0.18381077,0.191132064,0.271728549,7.692235248,4.413785515,-0.072756181,-0.03084923,-0.059275454,0.123130512,0.02175604,0.140431975,0.195029451,1.38878237,4.902384047
MDS181,0.228240115,-0.284281329,0.281517461,0.174842379,0.124772674,0.253108475,7.575473911,3.775777544,-0.070495386,0.035672186,-0.076321238,-0.05019679,0.021209851,0.137359306,0.183244929,1.334055437,3.883171975
MDS182,0.221570788,-1.289309505,0.303365886,0.22890785,0.216383212,0.285547968,7.451331243,2.676188322,-0.028430387,-0.049351078,-0.039371553,-0.014629817,0.0411343,0.119997798,0.142670402,1.188941834,4.622599192
MDS183,0.266290162,-0.891866355,0.402859831,0.193455854,0.236194577,0.243981693,7.731540466,4.886712064,-0.047897005,-0.008836205,-0.072488413,0.053295156,0.008270264,0.171923319,0.222578446,1.294637908,4.485342907
MDS184,0.253628468,-0.051419311,0.397361119,0.0980445,0.214446004,0.272087397,7.826127464,5.286432099,-0.068266734,0.032210059,-0.082068375,-0.066043854,0.015996297,0.154108047,0.192467133,1.248910338,4.590169357
MDS185,0.253674322,-0.440754568,0.372915073,0.119945398,0.210319677,0.293322317,7.769901808,5.208078635,-0.048092267,-0.069077791,-0.08200735,-0.049916975,0.015904744,0.156446457,0.185942093,1.188535021,4.625912456
MDS186,0.301132873,-1.529955483,0.161671905,0.184667942,0.117350558,0.255579138,7.336823109,1.606301042,-0.039911758,-0.027889183,-0.065106216,0.095299884,0.021493276,0.086238861,0.151281754,1.754217904,3.96779524
MDS187,0.202039316,1.151715298,0.342722367,0.158970415,0.223266872,0.257439647,7.112771728,2.836905227,-0.068586646,-0.016473458,-0.120225305,0.248736845,0.032838595,0.115007721,0.173099826,1.505114826,4.611419263
MDS188,0.242768238,-0.246331136,0.265371909,0.312046745,0.127930685,0.243491955,7.326649913,1.763283898,-0.043099876,-0.013895799,-0.053399012,-0.080249504,0.025969529,0.101812727,0.144704307,1.421279159,4.455685149
MDS189,0.352639352,0.934193284,0.147016494,0.253828261,0.106508108,0.21463339,7.653009749,1.966823874,-0.055882221,0.007998537,-0.037080477,-0.048464222,0.054189832,0.156399555,0.119315767,0.762890706,3.515217737
MDS190,0.152829561,-0.210612498,0.595905371,0.084684661,0.235233762,0.29337173,7.810841505,3.511088562,-0.059385437,-0.00311517,-0.094510576,-0.066643672,0.019938983,0.128611143,0.205174494,1.595308845,3.875699167
MDS191,0.162876935,-0.660755042,0.471766182,0.101048969,0.227417299,0.234316104,7.623024387,2.776492738,-0.037003164,-0.010843715,-0.040749005,0.000562567,0.06995609,0.129584854,0.177783698,1.371948129,4.403996636
MDS192,0.204853239,-0.267015675,0.416478799,0.202323745,0.25423159,0.310625523,7.789911941,2.935504181,-0.055274742,-0.088897955,0.087895318,0.041938822,0.045433679,0.138174327,0.177046643,1.281328065,4.646184363
MDS193,0.243670247,-0.754042375,0.546790956,0.132738276,0.277763746,0.264925834,7.615385908,4.80676928,-0.077692048,0.002235417,-0.065788425,0.043049168,0.011363766,0.131777486,0.213942172,1.623510802,4.523680731
MDS194,0.298989745,0.380877515,0.307850061,0.150278849,0.181270249,0.227021075,7.743909092,4.470273607,-0.035587383,-0.026196989,-0.06124089,-0.098075818,0.017645326,0.153446851,0.198457428,1.293330079,3.400212922
MDS195,0.219086507,0.493354494,0.386596343,0.083720874,0.200742462,0.235655145,7.806240952,5.044201428,-0.062647551,0.006788913,-0.071350551,-0.064965061,0.011089632,0.174129816,0.225953453,1.297614953,4.445286502
MDS196,0.290310793,0.496066232,0.348775551,0.247982411,0.265119223,0.24468596,7.85325317,2.283620226,-0.059974145,0.027051421,-0.061154811,0.031324585,0.028465803,0.133455866,0.157345149,1.179005118,5.065489914
MDS197,0.291399269,-0.130912685,0.175733302,0.175015536,0.185449171,0.310741249,7.621536275,1.920423981,-0.082884575,0.080787332,-0.015866556,0.007346212,0.029610952,0.096388499,0.133685827,1.386947908,3.655133971
MDS198,0.214766113,-0.78882139,0.429439337,0.137127239,0.288805564,0.225733706,7.740551381,2.709484571,-0.046097909,0.014344089,-0.064153025,-0.046682467,0.036206563,0.13736407,0.156654755,1.140434722,4.215053663
MDS199,0.185480302,-0.74596948,0.305524797,0.144271913,0.212565697,0.245144119,7.771115113,3.748661304,-0.011684178,-0.017268953,-0.027467839,-0.04939731,0.021867116,0.150608063,0.189782222,1.260106652,3.556885627
MDS200,0.18192488,0.496737633,0.336241916,0.084514095,0.154623816,0.156318721,7.288738688,5.422111106,-0.042768811,0.006447446,-0.055661394,-0.090592788,0.015363057,0.157782873,0.212606827,1.347464544,4.512211051
MDS201,0.294337702,-0.792673867,0.368860129,0.110510351,0.200938166,0.213128494,7.639378057,5.705382904,-0.033765957,-0.045789316,-0.038339942,0.018633653,0.006314056,0.155897551,0.223862351,1.435958099,5.403458173
MDS202,0.151035277,0.556187032,0.334261245,0.12559941,0.244443109,0.292643635,7.499048051,3.150893686,-0.076291516,0.047173399,0.041475831,7.25E-05,0.019097541,0.140784409,0.207805604,1.47605552,4.038519235
MDS203,0.143305252,1.188117012,0.434334984,0.153930357,0.285341517,0.340917471,7.782105783,2.596037703,-0.080214551,0.09418641,-0.0203124,0.03204151,0.03376034,0.125461713,0.186021798,1.482697737,3.698655623
MDS204,0.104670456,1.32105432,0.600607199,0.031789945,0.249475861,0.302486512,7.609015026,2.510446721,-0.050159883,-0.065978086,-0.00179569,0.005111792,0.064796358,0.117434513,0.164394529,1.39988258,4.513859803
MDS205,0.168354392,-3.161058338,0.436057816,0.092335013,0.183321274,0.146594821,6.723341582,3.623661303,-0.020994587,-0.007423902,-0.027211415,-0.044732359,0.021856259,0.123132526,0.196116388,1.592726101,4.223420729
MDS206,0.137018921,-1.348531591,0.412178268,0.072527532,0.178709201,0.216413169,7.328422023,3.603507507,-0.023695149,-0.001220211,-0.024985857,-0.045929183,0.013547426,0.143460984,0.230643803,1.607711007,4.297190235
MDS207,0.133457042,-3.164523373,0.478498792,0.049699073,0.161717447,0.147857454,6.838366897,4.479551917,-0.013412515,-0.000340915,-0.01726373,-0.014396708,0.038529563,0.118473722,0.183368368,1.547755611,4.929550729
