image_name,pcnt_road,pcnt_sidewalk,pcnt_building,pcnt_wall,pcnt_fence,pcnt_pole,pcnt_traffic_light,pcnt_traffic_sign,pcnt_vegetation,pcnt_terrain,pcnt_sky,pcnt_person,pcnt_rider,pcnt_car,pcnt_truck,pcnt_bus,pcnt_train,pcnt_motorcycle,pcnt_bicycle,pcnt_unlabeled
Restoration_Image_46,0.0,0.0,0.019429524739583332,0.0,0.0,0.0011189778645833333,0.0,2.5431315104166668e-05,0.4359130859375,0.0,0.5218709309895834,0.0,0.0,0.0,0.0,0.0,0.0,0.0011393229166666667,0.0082855224609375,0.012217203776041666
Restoration_Image_25,0.0,0.0,7.801123361764094e-06,0.0003991574786769295,0.003384387351778656,0.0042295090493031,0.0,7.801123361764094e-06,0.4550551279384231,0.06935068649885584,0.39773897441231537,0.0,0.0,0.0,6.500936134803412e-05,0.0,0.0,0.0,0.0,0.0697615456625754
Restoration_Image_17,0.00546279930985145,0.002380276059420107,0.006293923326179354,0.00031298657576905273,0.0,0.0,0.0,0.0,0.08835952952068342,0.2855989353196145,0.5677129360770946,0.0,0.0,0.01466565669317847,0.0,0.0,0.0,0.0,1.0520557168707655e-05,0.02920243656104027
Restoration_Image_30,0.0009517370501352195,2.600374453921365e-06,0.0,0.0,0.0,0.0032998751820262117,0.0,7.801123361764094e-06,0.2784571978364885,0.37008399209486165,0.3462944664031621,0.0,0.0,6.5009361348034115e-06,0.0,0.0,0.0,0.0,0.0,0.0008958289993759101
Urban_Image_01,0.058746337890625,0.07865397135416667,0.06812032063802083,0.0,0.4047648111979167,0.00017801920572916666,0.001434326171875,0.00018310546875,1.52587890625e-05,3.0517578125e-05,0.11691792805989583,0.004465738932291667,0.0,0.1453857421875,0.0,0.0018513997395833333,0.0,0.0,0.0,0.11925252278645833
Urban_Image_29,0.3027111111111111,0.0049037037037037035,0.16605925925925927,0.0016148148148148148,0.012592592592592593,0.01760740740740741,0.0036814814814814813,0.005918518518518518,0.17932592592592592,0.0891037037037037,0.18425925925925926,8.888888888888889e-05,0.0,0.03211111111111111,0.0,0.0,0.0,0.0,1.4814814814814815e-05,7.4074074074074075e-06
Urban_Image_50,0.04892592592592593,0.016585185185185185,0.7539777777777777,0.0,0.0,0.010896296296296296,0.005348148148148148,0.0045703703703703705,0.0,0.0,0.09946666666666666,0.05417037037037037,0.00046666666666666666,0.004266666666666667,2.2222222222222223e-05,0.0,0.0,0.0,0.000725925925925926,0.0005777777777777778
Restoration_Image_12,0.0,0.02226938938686193,0.00037084964019694485,0.0,0.0,0.0002709043470942221,0.0,0.0,0.1028647477170391,0.3866225855321298,0.41424167823927954,0.0,0.0,0.0005944114800319825,0.0,0.0,0.0,0.0,0.0,0.0727654336573665
Urban_Image_08,0.3033487019255195,0.0560572575318803,0.15304133008179646,0.0003238835543362292,0.007106386221612559,0.008474953005131331,0.0002857796067672611,0.0,0.16639993903368389,0.03865645480871818,0.2532705888330031,0.005861657267692933,0.0,0.002324340801707057,0.0,0.0,0.0,0.0,0.0007366763196667175,0.004112051008484479
Restoration_Image_23,0.0,0.0,0.0,0.0,0.2654280216351155,0.001870969419596422,0.0,1.1701685042646141e-05,0.6719757645100894,0.005852142708550031,0.04696926357395465,2.9904306220095695e-05,0.0,0.00018072602454753485,4.160599126274184e-05,0.0,0.0,0.0,0.0004654670272519243,0.0071744331183690455
Restoration_Image_38,0.0,0.0,7.62740394731305e-05,0.0,0.013697765433657366,0.0006969869124268821,0.0,0.0002761646256785759,0.9756554307116105,0.0006996170517190591,0.008816226907377015,0.0,0.0,0.0,0.0,0.0,0.0,0.0,1.8410975045238395e-05,6.312334301224592e-05
Restoration_Image_36,0.2199305700020803,0.00922092781360516,0.0,0.0,0.0,0.005508893280632411,0.0,2.600374453921365e-06,0.040659454961514456,0.1401952881214895,0.45702231121281467,0.0,0.0,0.035948876638235906,0.0,0.0,0.0,0.0,0.0,0.0915110775951737
Urban_Image_07,0.0,0.0,0.4488994309810496,0.0,0.0,0.0044454605497129505,0.003616699690087893,0.0006001371742112483,0.0003429355281207133,0.0,0.5395487222476248,0.0,0.0,0.0,0.0,0.0,0.0,0.0,0.0,0.002546613829192704
Restoration_Image_43,0.0009915625131506965,0.0002945756007238143,0.0,0.0,0.0,0.00016832891469932248,0.0,0.0,0.7139065984934562,0.2820114253250852,8.153431805748433e-05,0.0,0.0,0.0,0.0,0.0,0.0,0.0,0.0,0.0025459748348272524
Urban_Image_21,0.22730909922267947,0.04433394299649444,0.542781207133059,0.0,0.0,0.015644845806025504,0.0003080069095158258,0.001990931260478586,0.0050233704211756335,0.0,0.15870294162475232,0.0037119595590103137,0.0,0.0,0.0,0.0,0.0,0.0,5.080526342529086e-05,0.00014288980338363056
Restoration_Image_32,0.0,2.7303931766174328e-05,9.491366756812981e-05,0.005062929061784897,0.0007541085916371958,0.0034168920324526733,0.0,0.0,0.5497776679841897,0.0785846161847306,0.3436004784688995,0.0,0.0,4.810692739754525e-05,0.0020412939463282714,0.0,0.0,0.0,0.0,0.016591689203245268
Urban_Image_37,0.3739777777777778,0.0340962962962963,0.18008148148148148,0.0,0.0,0.03577037037037037,0.001637037037037037,0.020444444444444446,0.008333333333333333,0.00023703703703703704,0.24281481481481482,0.006822222222222223,0.0,0.06521481481481481,0.0010148148148148147,0.00025185185185185185,0.0,0.0,0.0,0.029303703703703703
Restoration_Image_15,0.0,0.0,0.0,0.0,0.0,0.0,0.0,0.0003682195009047679,0.9681779447039516,0.021780183478517023,0.0076195135294365186,0.0,0.0,0.0009389597273071581,0.0,0.0,0.0,0.0,0.0,0.0011151790598830113
Restoration_Image_16,0.0,0.0,0.0010783571097925347,0.0,0.004452825821655515,0.00032876741152211423,0.0,2.6301392921769137e-06,0.1772003745318352,0.005865210621554517,0.0,0.00010520557168707655,0.0,0.0,0.6735813028657998,0.0,0.0,0.0,0.008839898161006606,0.12854542776585448
Restoration_Image_29,0.0,0.0,1.3001872269606823e-05,0.0,0.0033167776159767006,0.0028396089036821304,0.0,0.0,0.4906724568337841,0.19111842105263158,0.30986322030372376,0.0,0.0,0.0,0.0,0.0,0.0,0.0,0.0,0.002176513417932182
Restoration_Image_27,0.0,1.3001872269606824e-06,0.00142890576242979,0.0,0.015022363220303724,0.0007749115872685667,0.0,0.0002288329519450801,0.9615352610775951,0.015005460786353234,0.0003692531724568338,0.00033544830455585603,0.0,0.0017422508841273144,0.0,0.0,0.0,0.0,0.0003614520490950697,0.0031945600166423966
Restoration_Image_19,0.0,0.003045038485541918,0.014897545246515499,0.0,0.01584798210942376,0.005654514250052007,0.0,0.0,0.7102532764718119,0.03576555023923445,0.19312070938215103,0.0,0.0,0.0004485645933014354,1.3001872269606824e-06,0.0,0.0,4.2906178489702516e-05,2.3403370085292282e-05,0.02089920948616601
Restoration_Image_10,0.0,0.0,0.0,0.0,8.416445734966124e-05,0.020883305979884696,0.0,0.00011309598956360729,0.6312123890081218,0.0002919454614316374,0.30142185330135085,3.9452089382653705e-05,0.0,0.0,0.0008889870807557968,0.0,0.0,0.0,0.005952005218196356,0.03911280141396288
Urban_Image_35,0.015518641565153193,0.07122923588039867,0.29722406792174233,0.0,0.0060834256183093394,0.007545219638242894,0.000575858250276855,0.0024732373569582872,0.04404577334809893,0.2912513842746401,0.20533038021410113,0.0,0.0,0.008962716869693613,0.003241048357327427,0.0,0.0,0.0,0.0,0.046519010705057214
Urban_Image_46,0.2429490022172949,0.00090169992609017,0.0019733924611973395,0.0,0.0,0.03097560975609756,0.0,0.0007760532150776053,0.37960827790096086,0.07453067257945306,0.17426459719142645,0.0016260162601626016,0.0,0.09174427198817443,0.00024390243902439024,0.0,0.0,0.0,0.0,0.0004065040650406504
Urban_Image_11,0.2839728445866992,0.02124612609866382,0.12682898948331048,0.0,0.004969389828786262,0.004680434893054921,0.0014415993496926282,0.0026355230401869634,0.24034064929126658,0.04939541736523904,0.24565297464817354,0.0030673677793019356,0.0,0.01230439973581263,0.0,0.0,0.0,0.0,0.0,0.0034642838998120203
Urban_Image_32,0.2214495952906549,0.003495217071376012,0.39014716703458424,0.0,0.010463576158940398,0.0012509197939661516,0.003576158940397351,6.622516556291391e-05,0.0,0.0,0.3316114790286976,0.0,0.0,0.03554819720382634,0.0,0.0,0.0,0.0,0.0,0.0023914643119941135
Urban_Image_24,0.24795826347609612,0.09744131992074379,0.2099845043946553,0.0001206625006350658,0.007173068129858253,0.015324137580653355,0.0002540263171264543,0.0010065792816135752,0.14417581161408322,0.007614438855865467,0.20828252806990805,0.0054869684499314125,0.00018734440888076005,0.029279708377787938,0.0,0.0,0.0,0.0,0.003902479296855154,0.021808159325306102
Urban_Image_23,0.17134075090179343,0.01047858558146624,0.43464855459025553,0.0,0.0,0.01791838134430727,0.0035531931108062796,0.009243382614438855,0.0,0.0,0.2435731341767007,0.0005017019763247472,0.0,0.10260440481633898,0.0,0.0004540720418635371,0.0,0.0,4.762993446121018e-05,0.005636208911243205
Urban_Image_28,0.1728011825572801,0.08463414634146342,0.23895787139689578,0.0,0.0,0.06122690317812269,0.0006282335550628234,0.02170731707317073,0.0,0.0,0.33712490761271247,0.0,0.0,0.07628972653362898,0.0,0.0,0.0,0.0,0.0,0.006629711751662971
Restoration_Image_48,0.0,0.0,0.015660603841145832,0.0,0.0,0.0,0.0,0.0,0.4217681884765625,0.0,0.35302734375,0.0,0.0,0.0,0.0,0.0,0.0,0.0,0.0,0.20954386393229166
Urban_Image_04,0.19037882486979166,0.018437703450520832,0.3836161295572917,0.0,0.04656982421875,0.011871337890625,0.0034332275390625,0.0006256103515625,0.0022328694661458335,0.00014750162760416666,0.3087158203125,0.003509521484375,0.0,0.0005696614583333334,0.00017293294270833334,0.0037841796875,0.0,0.0,0.0,0.025934855143229168
Restoration_Image_51,0.0,0.00011572612885578421,0.01426587552076758,0.0,0.0,0.0008363842949122586,3.682195009047679e-05,0.0,0.3282229726886336,0.06736049741194294,0.44414373185203887,0.00024197281488027607,0.0,0.003532277069393595,0.0050183057694735515,0.0,0.0,0.0,0.0,0.13622543449901106
Urban_Image_31,0.14305185185185185,0.0887037037037037,0.6528962962962963,0.0,7.4074074074074075e-06,0.04411111111111111,0.0013851851851851853,0.017274074074074074,0.0,0.0,0.003459259259259259,0.027807407407407406,0.0,0.012318518518518519,0.007896296296296297,0.0,0.0,0.0,0.0,0.0010888888888888888
Urban_Image_19,0.26833117410963775,0.005540949042320785,0.22336851597825536,0.0,0.0062268200985622114,0.014136564548087182,0.0,0.012701315856322715,0.005664786871919931,0.026977594878829447,0.3543476604176193,0.0002540263171264543,0.0,0.04144439363918102,0.0005080526342529086,0.000800182898948331,0.0,0.0,0.0,0.03969796270893665
Urban_Image_49,0.25880740740740743,0.0005185185185185185,0.1534,0.0,0.0,0.03051111111111111,0.0030592592592592594,0.0032222222222222222,0.008177777777777779,0.0,0.46385185185185185,0.0039037037037037035,0.0,0.06032592592592593,0.010325925925925926,0.0,0.0,0.0,0.0,0.003896296296296296
Urban_Image_47,0.10289183222958058,0.044415011037527596,0.6522075055187638,0.0,0.0,0.04192788815305372,0.012089771891096394,0.0010375275938189845,0.0,0.0,0.06947019867549668,0.005091979396615158,0.0,0.00188373804267844,0.040007358351729215,0.025592347314201618,6.622516556291391e-05,0.0,0.0,0.0033186166298749082
Urban_Image_33,0.2252802359882006,0.03334808259587021,0.17162979351032448,0.0,0.0,0.03868731563421829,0.001172566371681416,0.0006268436578171091,0.17978613569321533,0.02929203539823009,0.3028244837758112,0.01644542772861357,0.0,4.424778761061947e-05,0.0,0.0,0.0,0.0,0.0,0.0008628318584070797
Urban_Image_18,0.01187890565462582,0.044530813392267436,0.09268150180358685,0.0033277447543565513,0.024018188284306255,0.007277853985672916,0.0020131585632271504,0.004394655286287659,0.2738943504547071,0.2550614743687446,0.2532801148198953,0.00013018848752730783,0.0,0.02726972514352487,0.0,0.0,0.0,0.0,7.938322410201697e-05,0.0001619417771681146
Restoration_Image_13,0.0,0.0,0.0,0.0,0.0,0.00020252072549762235,0.0,0.0,0.7138908176577031,0.03767411522114211,0.24503692715566217,0.0,0.0,5.260278584353827e-06,0.0,0.0,0.0,0.0,0.0,0.0031903589614105964
Urban_Image_12,0.14688436722044404,0.07511875730325662,0.11681082660163593,0.0,0.04714410912970584,0.012421886907483616,0.0,0.0008160595437687344,0.3224038510389676,0.07231176649900929,0.143655057663974,0.00039374079154600415,0.0,0.06056939998983895,0.0,0.0,0.0,0.0,0.0005906111873190062,0.000879566123050348
Restoration_Image_09,0.0,0.0,0.0,0.0,0.0,0.020252072549762235,5.260278584353827e-06,0.0,0.6629134578967302,0.006612170180532761,0.30374952657492743,0.0,0.0,1.3150696460884569e-05,7.101376088877667e-05,0.0,0.0,0.0,0.0008074527626983126,0.005575895299415057
Restoration_Image_50,0.009084065755208334,0.0,7.120768229166667e-05,0.0,0.0,0.0001068115234375,0.0,0.0,0.2909444173177083,0.10986328125,0.4622701009114583,0.0,0.0,0.0010935465494791667,0.0,0.0,0.0,0.0,0.0,0.12656656901041666
Urban_Image_14,0.06281118223847991,0.09545356398922929,0.24548785754204136,0.0,0.009624422090128537,0.06605319311080628,0.00809391352944165,0.010640527358634355,0.23836241934664432,0.08310788497688361,0.10527803180409491,0.0003143575674439872,0.0,0.047880785449372555,0.0048265000254026314,0.0,0.0,0.0,0.0,0.022065360971396636
Restoration_Image_42,0.0,0.0,7.101376088877667e-05,0.0,0.0,0.0,0.0,0.0,0.9637119681858352,0.023321445103732692,0.012895572949543408,0.0,0.0,0.0,0.0,0.0,0.0,0.0,0.0,0.0
Restoration_Image_39,0.0,0.0,0.0,0.0,0.0,0.0,0.0,0.0,0.8207586373774355,0.05836016075411354,0.06544575600723815,0.0,0.0,0.0,0.0,0.0,0.0,0.0,0.0,0.05543544586121281
Urban_Image_26,0.060585185185185186,0.02525185185185185,0.6191555555555556,0.0,0.0,0.03852592592592593,0.001288888888888889,0.0054444444444444445,0.0,0.0,0.11645185185185185,0.0862962962962963,0.0,0.005096296296296297,0.00817037037037037,0.006422222222222222,0.0,0.0,0.0,0.027311111111111112
Urban_Image_02,0.010701497395833334,0.007415771484375,0.175262451171875,0.0,0.2839711507161458,0.006535847981770833,0.006495157877604167,6.103515625e-05,0.0,0.0,0.1995697021484375,0.0033365885416666665,0.0,0.23868815104166666,0.009679158528645834,0.029886881510416668,0.0,0.0,0.0,0.0283966064453125
Urban_Image_15,0.16347228572880151,0.08032629680434893,0.16353261697911903,0.0,0.0031848549509729206,0.0216938474825992,0.0,0.001235202967027384,0.20340839811004421,0.03960270284001423,0.15068206066148454,0.0006191891479957323,0.0,0.04295585022608342,0.00036833815983335874,0.0006001371742112483,3.1753289640806786e-06,0.0,4.762993446121018e-05,0.12826741350403903
Restoration_Image_03,0.0,0.019804451841065114,0.0016967443311836905,7.801123361764094e-06,0.008624141876430206,0.003864156438527148,0.0,0.00017942583732057416,0.5047573850634491,0.007463074682754317,0.44692765758269193,7.801123361764094e-06,0.0,0.0011857707509881424,3.770542958185979e-05,0.0,0.0,0.0,0.0,0.005443883919284377
Restoration_Image_14,0.002157798102167236,0.015520702850181032,0.012963948041251266,0.0,0.0,0.023135199135164815,0.0,4.718842768158965e-05,0.7338057895910908,0.08081661719031522,7.292757005336583e-05,0.05437393826037716,0.0,0.0023336822417077065,0.029582854299294747,0.0,0.0,0.0,0.0,0.045189354290715036
Urban_Image_10,0.18516930854036479,0.05644464766549814,0.2207933241883859,3.8103947568968146e-05,0.0404282883706752,0.009249733272367017,0.0,0.0010002286236854138,0.39051783264746226,0.03235025148605396,0.048480922623583805,0.0001809937509525987,0.0,0.00757951023726058,0.0,0.0,0.0,0.0,0.0,0.00776685464614134
Restoration_Image_45,0.0016911795648697555,0.0013518915961789337,0.0005286579977275596,0.0,0.0,4.471236796700753e-05,0.0,0.0,0.8034996633421706,0.05711873500820604,0.13238017085384843,0.0,0.0,0.0006943567731347053,0.0,0.0,0.0,0.0,2.8931532213946052e-05,0.0026617009636830365
Urban_Image_36,0.11817037037037037,0.010637037037037037,0.5953111111111111,0.0,0.0,0.022496296296296295,0.0058222222222222226,0.016607407407407408,2.962962962962963e-05,0.0,0.15722222222222224,0.02199259259259259,0.0,0.03322222222222222,0.01682222222222222,0.0011629629629629629,0.0,0.0,0.0,0.0005037037037037037
Urban_Image_09,0.3139384240207285,0.03266143372453386,0.16291660316008738,4.4454605497129505e-05,0.004639155616521872,0.000631890463852055,0.00011431184270690443,0.00019687039577300208,0.16811144134532338,0.05217700553777371,0.24631026774373826,0.002886374028349337,0.0,0.0023148148148148147,0.0,0.0,0.0,0.0,0.00046994868668394043,0.01258700401361581
Urban_Image_45,0.2086074074074074,0.030637037037037036,0.5922592592592593,0.0,0.0,0.012118518518518518,0.001488888888888889,0.010807407407407408,0.0,0.0,0.12351111111111111,0.0006296296296296296,0.0,0.018807407407407408,0.0,0.0,0.0,0.0,0.0,0.0011333333333333334
Restoration_Image_41,0.035893510920338344,0.025791145899086817,0.0,0.0,0.0,0.0,0.0,0.0,0.5992456760510037,0.10460063964987586,0.059630518032234986,0.0,0.0,0.0,0.0,0.0,0.0,0.0,0.0,0.17483850944746035
Urban_Image_05,0.18047078450520834,0.0251617431640625,0.3375244140625,0.0,0.006439208984375,0.0058441162109375,0.0007527669270833334,0.0,0.005137125651041667,0.0,0.2888081868489583,0.0025990804036458335,0.0,0.0010732014973958333,0.0011494954427083333,0.13714599609375,0.0,0.0,0.0,0.007893880208333334
Urban_Image_42,0.0021037037037037036,0.00044444444444444447,0.46011851851851854,0.0,0.0,0.008274074074074074,0.0003925925925925926,0.002777777777777778,2.2222222222222223e-05,0.0,0.12538518518518518,0.006762962962962963,0.0,0.31578518518518517,0.0,0.0,0.0,0.005637037037037037,0.0,0.0722962962962963
Restoration_Image_11,0.0,0.0,5.260278584353827e-06,0.0,0.01193031182931448,0.004742141143794975,0.0,4.208222867483062e-05,0.6644810209148676,0.05632969322055296,0.22417992256869923,1.578083575306148e-05,0.0,0.0,0.005276059420106889,0.0,0.0,0.0,6.049320372006902e-05,0.03293723435593149
Urban_Image_22,0.13079497535944723,0.0494843265762333,0.43747459736828737,0.0,0.000612838490067571,0.01001498755271046,9.525986892242037e-06,0.00019687039577300208,0.0,0.008398745109993395,0.21657013666615862,0.0,0.0,0.08132652542803434,0.019582253721485546,0.0,0.0,0.0,0.0,0.04553421734491693
Restoration_Image_28,0.0,0.0,0.0,0.0027615976700644893,0.013215102974828375,0.002336436446848346,0.0,0.0,0.6765641252340338,0.0003770542958185979,0.2961163407530684,0.0,0.0,0.0,0.005857343457457874,0.0,0.0,0.0,0.0,0.002771999167880175
Urban_Image_40,0.21228844738778513,0.0,0.006372332597498161,0.0,0.01646063281824871,0.02318616629874908,0.00013980868285504047,0.00013245033112582781,0.08606328182487123,0.1662178072111847,0.42125091979396617,0.0,0.0,0.0,0.0,0.0,0.0,0.0,0.0,0.06788815305371597
Urban_Image_20,0.31953970431336687,0.03401729919219631,0.39729715998577453,0.0,0.0,0.03607808768988467,0.01123113854595336,0.005579052989889753,0.02746659553929787,0.0,0.12957564903724025,0.0018321648122745517,0.0,0.017035639892292842,0.01656886653457298,0.0,0.0,0.0,0.0,0.003778641467256008
Restoration_Image_20,0.0,0.0,0.0,0.002246723528188059,0.014437278968171416,0.0008568233825670897,3.380486790097774e-05,0.0,0.6786639276055753,0.006806480133139172,0.29654540253796546,0.0,0.0,2.080299563137092e-05,0.0,0.0,0.0,0.0,0.0,0.000388755980861244
Urban_Image_41,0.1458074074074074,0.004866666666666667,0.4821925925925926,0.0,0.0,0.006044444444444444,0.004622222222222222,0.0027555555555555554,0.0,0.0,0.14557777777777778,0.007237037037037037,0.0,0.026962962962962963,0.1024962962962963,0.0,0.0,0.0,0.00035555555555555557,0.07108148148148148
Restoration_Image_04,0.0,0.0,0.0,0.0005543237250554324,0.00010265254167693193,0.0014591325566935323,0.0,0.0019635964757915977,0.6811362756484708,0.0025795117258531892,0.27379925855535614,0.0,0.0,0.03590345968394749,0.0007185677917385234,0.0,0.0,0.0,0.0,0.0017832212954164174
Restoration_Image_02,0.009155514876067836,0.009728885241762403,0.00032350713293776036,0.0,0.0654168244750242,0.002519673441905483,0.0,0.0005128771619744982,0.2701100450279847,0.007193430964103859,0.5137319572444556,0.0,2.6301392921769137e-06,0.0,0.04089077557547448,0.0,0.0,0.0,0.000823233598451374,0.07959064512056559
Restoration_Image_08,0.0,0.0,0.004234524260404831,2.6301392921769138e-05,7.364390018095358e-05,0.0005865210621554518,0.0,0.0,0.47046353574885325,0.08971668139544671,0.4310403778984135,0.0,0.0,0.0,0.0,0.0,0.0,0.0,0.0,0.0038584143416235325
Restoration_Image_05,0.00044266541087826703,0.0,0.0008570755827643043,0.0,3.45341809905031e-05,0.00291970802919708,0.0,4.709206498704968e-05,0.9566941370379091,0.004542814535750726,0.026936661172592417,0.0014096224786123539,0.0,0.0003861549328938074,1.2557883996546582e-05,0.0,0.0,0.0,0.0,0.005716976689427831
Urban_Image_43,0.10184444444444445,0.046622222222222225,0.5236074074074074,0.0,0.0,0.02379259259259259,0.0021333333333333334,0.0052370370370370374,0.0,0.0,0.23448888888888889,0.022066666666666665,0.0,0.015637037037037036,0.007066666666666666,2.962962962962963e-05,0.0,0.0,0.0003851851851851852,0.01708888888888889
Urban_Image_30,0.0798962962962963,0.0,0.0,0.0,0.013748148148148148,0.02157777777777778,0.0,0.0,0.05022962962962963,0.07471111111111112,0.6835851851851852,7.4074074074074075e-06,0.0,0.014881481481481482,0.009029629629629629,0.0,0.0,0.0,0.0,0.052333333333333336
Restoration_Image_22,0.0,0.0,0.0,0.0,0.057561888912003326,0.003548210942375702,0.0,0.0,0.8687226960682338,1.8202621177449552e-05,0.06717807364260453,0.0,0.0,8.84127314333264e-05,0.0,0.0,0.0,0.0,0.0016590389016018306,0.0012234761805700021
Restoration_Image_40,0.0,0.0,0.004760552118840214,0.0,0.0,0.0,0.0,0.0,0.8268526701174094,0.03943104826831629,0.059530572739132266,0.0,0.0,0.00043660312250136765,0.0,0.0,0.0,0.0,0.0,0.06898855363380045
Restoration_Image_24,0.0,0.0,0.0015134179321822342,0.0,0.0004771687122945704,0.004139796130642813,0.0,0.0,0.5768371645516954,0.03906152485957978,0.3546650717703349,0.0,0.0,0.0,1.8202621177449552e-05,0.0,0.0,0.0,1.1701685042646141e-05,0.023275951737050136
Urban_Image_34,0.29645185185185186,0.0306,0.21981481481481482,0.0,0.0,0.028918518518518517,0.007288888888888889,0.002562962962962963,0.008985185185185185,0.0,0.2524296296296296,0.07235555555555556,0.0,0.06142962962962963,0.011244444444444444,0.0,0.0,0.0,0.00015555555555555556,0.007762962962962963
Restoration_Image_33,0.0,0.0,0.0,0.0,0.0027771999167880176,0.0028682130226752654,0.0,0.0,0.5178346681922197,0.19815243395048887,0.2749466923236946,0.0,0.0,0.0,0.0008074162679425837,0.0,0.0,0.0,0.0,0.0026133763261909715
Restoration_Image_47,0.0,0.0,5.7863064427892103e-05,0.0,0.0,0.0002630139292176914,0.0,0.0,0.2506286032908303,0.21576610697302528,0.4169428312923452,9.73151538105458e-05,0.0,0.000820603459159197,5.7863064427892103e-05,0.0,0.0,0.0,0.0,0.11536579977275596
Restoration_Image_18,0.0076112960266278345,0.0009920428541710007,0.0,0.0,0.0,0.0031984605783232783,0.0,0.0,0.6167763157894737,0.045129498647805286,0.32196536301227374,0.0,0.0,0.0,0.0007268046598710214,0.0,0.0,0.0,0.0,0.0036002184314541294
Restoration_Image_44,0.034623153642216895,0.01002083070319404,0.0002709043470942221,0.0,8.153431805748433e-05,0.0001341371039010226,0.0,0.0007522198375625973,0.5000841644573497,0.237556811008711,0.07207896730210832,3.4191810798299877e-05,0.0,2.6301392921769137e-06,0.0,0.0,0.0,0.0,0.0,0.14436045532971425
Urban_Image_27,0.16023703703703704,0.15473333333333333,0.053148148148148146,0.00045185185185185183,0.1102962962962963,0.008148148148148147,0.00037037037037037035,0.0,0.19705185185185184,0.06394814814814814,0.22996296296296295,0.0,0.0,0.0,0.0035555555555555557,0.008614814814814815,0.0,0.0,0.0,0.009481481481481481
Restoration_Image_49,0.2436370849609375,0.0,0.0,0.0,0.0,0.0012969970703125,0.0,0.0001373291015625,0.09264119466145833,0.025019327799479168,0.5157216389973959,0.0,0.0,0.0,0.0,0.0,0.0,0.0,0.0,0.12154642740885417
Urban_Image_39,0.16435555555555556,0.009525925925925926,0.17842962962962963,0.00014074074074074073,0.0012814814814814815,0.0038370370370370372,0.00021481481481481482,0.002851851851851852,0.0,0.2781037037037037,0.3012888888888889,0.0,0.0,0.01891851851851852,0.0012074074074074075,0.0006222222222222223,0.0,0.0,0.0,0.03922222222222222
Urban_Image_48,0.06642222222222222,0.00015555555555555556,0.0,0.0,0.0,0.014503703703703704,0.00014814814814814815,0.0,0.25078518518518517,0.028207407407407407,0.45336296296296297,0.0012666666666666666,0.0,0.00974074074074074,0.0,0.0,0.0,0.0,0.0,0.1754074074074074
Urban_Image_06,0.0,0.0,0.5726674033429864,0.0,0.0,0.005902936544225982,0.005083701671493167,0.004740766143372453,9.525986892242037e-06,0.0,0.3771401717217904,0.0010700858608951888,0.0,0.021630340903317585,0.0026164710664024794,0.009129070771731952,0.0,0.0,0.0,9.525986892242037e-06
Restoration_Image_06,0.0,0.0,0.00035755148741418763,0.0,0.003921364676513418,0.0,0.0,0.0,0.8620241314749324,4.940711462450593e-05,0.1334629186602871,0.0,0.0,5.20074890784273e-06,3.6405242354899104e-05,0.0,0.0,0.0,0.0,0.00014302059496567506
Urban_Image_38,0.1791851851851852,0.017822222222222222,0.43047407407407406,0.0,0.0,0.04105185185185185,0.0042592592592592595,0.0065703703703703705,0.0,0.0,0.2559111111111111,0.013237037037037037,0.0,0.043133333333333336,0.00017037037037037037,0.0,0.0,0.0,0.001814814814814815,0.00637037037037037
Restoration_Image_34,0.032691907634699396,0.0,0.11181350114416476,0.093452257125026,0.0002821406282504681,0.005308664447680466,1.4302059496567506e-05,0.0001404202205117537,0.21730679217807364,0.011393540669856459,0.5111725088412732,0.006074474724360308,0.0,0.0040565841481173285,2.600374453921365e-06,0.0,0.0,0.0,0.0,0.006290305804035781
Urban_Image_16,0.25351191383427324,0.045639003200731595,0.14525859879083472,0.0,0.0,0.014435045470710766,0.0009525986892242037,0.00024767565919829295,0.00038421480465376215,0.0,0.3555796880556826,0.002914951989026063,0.0,0.052056343037138644,0.00027307829091093835,0.0,0.06999695168419448,0.0,0.0,0.05874993649342072
Restoration_Image_35,0.014844506165046501,0.03566205866262677,2.6301392921769137e-06,0.0015096999537095484,0.027335037663594665,0.0017306316542524092,1.0520557168707655e-05,0.0,0.36414541514118587,0.004629045154231368,0.4197623406135589,0.0,0.0,0.002414467870218407,0.00012098640744013803,0.0,0.0,0.0,0.0,0.12783266001767454
Urban_Image_13,0.0009653000050805264,0.0,0.16405019560026418,0.0,0.06369392369049434,0.024313493877965758,0.0,0.011205735914240716,0.41991820352588527,0.028692272519433012,0.2214855459025555,1.9051973784484073e-05,0.0,0.057616344053243916,0.0,0.0,0.0,0.0,9.525986892242037e-06,0.008030406950160036
Urban_Image_25,0.23774844151081775,0.02445911257792446,0.09251191785845252,0.0,0.0006894022735606894,0.013054638797213055,0.0011807847451411808,0.0016941694169416942,0.4578951228456179,0.07358269160249359,0.046094609460946095,0.0022222222222222222,0.0,0.03784378437843784,0.0,0.0,0.0,0.0,8.800880088008801e-05,0.010935093509350935
Restoration_Image_21,0.0,0.0,0.00028344081547742873,0.0,0.0018202621177449553,0.0007723112128146453,0.0,0.0,0.9124076867068858,0.06770074890784272,0.015528136051591429,0.0,0.0,0.0,0.0,0.0,0.0,0.0,0.0,0.0014874141876430205
Urban_Image_03,0.0,0.0,0.06992085774739583,0.0,0.0,0.027674357096354168,0.062347412109375,0.0036366780598958335,0.10113525390625,0.0,0.5652974446614584,0.0,0.0,0.0035807291666666665,0.0,0.11553446451822917,0.0,0.0,0.0,0.050872802734375
Restoration_Image_37,0.0,0.0,0.00014202752177755335,0.0,0.0001893700290367378,0.0006601649623364053,0.0,5.523292513571519e-05,0.9842980684257038,0.005831018810756218,0.0062255397045827545,0.0,0.0,0.0008653158271262046,0.0,0.0,0.0,0.0,0.0,0.0017332617935445862
Restoration_Image_31,0.00018592677345537757,0.0,0.0,0.0011233617640940296,0.0,0.0040383815269398795,0.0,4.030580403578115e-05,0.3363584356147285,0.2807312252964427,0.3724997399625546,0.0,0.0,0.0,2.3403370085292282e-05,0.0,0.0,0.0,0.0,0.004999219887663824
Restoration_Image_07,8.84127314333264e-05,0.0021011025587684626,0.0003744539213646765,0.0028630122737674226,0.007871333472019971,0.00325826919076347,0.0,0.0,0.6819169960474308,0.09735411899313501,0.18125910131058873,6.240898689411275e-05,0.0,0.0006162887455793634,0.0,0.0,0.0,0.0,0.0,0.02223450176825463
Urban_Image_17,0.1311442615454961,0.02502159223695575,0.15360653863740284,0.0,0.005477442463039171,0.020004572473708276,0.001790885535741503,0.0005874358583549255,0.10296956764720826,0.08895684092872022,0.3637752121119748,0.0016257684296093074,0.0,0.09237984555199918,0.0,0.0,0.0,0.0,0.0007112736879540721,0.011948762891835595
Urban_Image_44,0.039681481481481484,0.029266666666666667,0.3621185185185185,0.0009037037037037037,0.28444444444444444,0.026474074074074073,0.0,7.4074074074074075e-06,0.10015555555555555,0.0,0.08701481481481481,0.002925925925925926,0.0,0.037733333333333334,0.0048814814814814814,0.0004740740740740741,0.0,0.0,0.0,0.02391851851851852
Restoration_Image_26,0.0,0.0,0.0003250468067401706,0.0,0.0004251612232161431,0.004320522155190348,0.0,8.581235697940503e-05,0.4307182234241731,0.08845953817349698,0.4262000728104847,0.0,0.0,0.0,1.3001872269606823e-05,0.0,0.0,0.0,0.0,0.04945262117744955
