id,Hue,Sat ,Lum,sdHue,sdSat,sdBright,Entropy,ED
p1r00001.jpg,1.503162678,0.248000901,0.54401371,1.516761705,0.16015682,0.21639753,7.560045343,0.104991862
p1r00002.jpg,2.178208709,0.224004223,0.545132149,2.217820967,0.145341188,0.180772966,7.022845156,0.093361003
p1r00003.jpg,-2.526766773,0.147734721,0.549103465,1.343882023,0.141703298,0.238747617,7.628253822,0.101782227
p1r00004.jpg,-2.160526781,0.177407891,0.626479703,1.863602185,0.166172932,0.259045342,7.413299283,0.094575195
p1r00005.jpg,0.952139708,0.246620491,0.562286088,1.959104284,0.201824549,0.189645447,7.297526133,0.092789714
p1r00006.jpg,0.85855373,0.160902227,0.580202078,1.490742434,0.155770659,0.238324125,7.438856751,0.109695638
p1r00007.jpg,0.951631358,0.209728429,0.566341005,1.691856582,0.17963921,0.195281649,7.522881673,0.101442057
p1r00008.jpg,-0.026866007,0.183771772,0.611481299,2.103640357,0.196064691,0.251841072,7.583355191,0.108652344
p1r00009.jpg,-2.763950961,0.196878493,0.554547832,0.901773343,0.150811897,0.23085923,7.515973983,0.087862956
p1r00010.jpg,-2.76287541,0.218228287,0.558128562,1.058575249,0.160112898,0.212463314,7.500380655,0.085545247
p1r00011.jpg,-2.751744751,0.130509278,0.593384255,1.034137223,0.112928141,0.224460081,7.355345669,0.087200521
p1r00012.jpg,-2.581340243,0.156636376,0.589309743,1.144661965,0.134104849,0.199569082,7.315383878,0.082070313
p1r00013.jpg,2.663172792,0.172700525,0.478572598,1.757442321,0.139429694,0.171755864,7.202843683,0.123305664
p1r00014.jpg,-2.889680905,0.137331183,0.580818627,1.485513082,0.111629892,0.235506964,7.322970869,0.115310872
p1r00015.jpg,-2.950017757,0.132171829,0.525914816,1.88751739,0.128450412,0.172690784,7.249876258,0.097086589
p1r00016.jpg,-1.911689439,0.139730904,0.513447342,2.050161685,0.116872573,0.180929836,7.09305559,0.101176758
p1r00017.jpg,1.09534555,0.229790195,0.576232358,1.459494495,0.212529304,0.190230652,7.304019938,0.098847656
p1r00018.jpg,2.797517786,0.161074638,0.66800757,2.407784854,0.168687253,0.234661292,7.4517992,0.092503255
p1r00019.jpg,1.299619902,0.172927608,0.710081993,2.127672397,0.15707031,0.205180789,7.196474683,0.096852214
p1r00020.jpg,2.159383494,0.182832641,0.62517642,2.182827174,0.183736057,0.256237279,7.746552445,0.124375
p1r00021.jpg,2.045933318,0.180212097,0.58330082,1.636663373,0.117797433,0.250646087,7.54490472,0.105603841
p1r00022.jpg,1.473726885,0.187911171,0.568578176,1.815117946,0.104437311,0.168266598,7.142992263,0.096411133
p1r00023.jpg,1.951613295,0.174625959,0.623637829,1.951138486,0.091258788,0.199525193,7.417100961,0.090174154
p1r00024.jpg,2.615206502,0.208491389,0.465243158,1.485030978,0.145647599,0.204750968,7.380101981,0.109026693
p1r00025.jpg,0.79949127,0.244429643,0.605248775,1.785511718,0.197197045,0.176243967,7.375452598,0.09742513
p1r00026.jpg,0.855117892,0.188516089,0.578352443,1.686716081,0.150740068,0.242850547,7.55070678,0.107550456
p1r00027.jpg,0.670445907,0.274123848,0.529959189,1.399673854,0.215188044,0.201811735,7.375729172,0.109285482
p1r00028.jpg,1.211746131,0.209169442,0.606106043,1.444171274,0.171149463,0.204355128,7.576587462,0.10858724
p1r00029.jpg,2.091741889,0.290592295,0.49284975,1.776703705,0.210719068,0.236125342,7.543523497,0.122265625
p1r00030.jpg,0.060341376,0.141192847,0.554547501,1.328809459,0.128356483,0.219212024,7.570552058,0.127047526
p1r00031.jpg,0.937084658,0.212379033,0.549596354,1.463970325,0.185236507,0.217758655,7.4670623,0.116702474
p1r00032.jpg,-0.298630061,0.11516515,0.546782731,1.413313422,0.107016457,0.206154055,7.313762022,0.122543945
p1r00033.jpg,1.634833975,0.225229292,0.627907118,2.574747156,0.196987295,0.246888566,7.55421414,0.100201823
p1r00034.jpg,-2.71385066,0.178306948,0.531065679,1.68659148,0.15897513,0.2194161,7.475613593,0.101069336
p1r00035.jpg,-2.835388431,0.188315983,0.545595295,1.900130943,0.187314186,0.237719859,7.354523671,0.098183594
p1r00036.jpg,1.840266284,0.202318605,0.509080027,2.313913177,0.170126339,0.215157551,7.417078376,0.097389323
p1r00037.jpg,0.916970498,0.189517027,0.531781224,1.321590286,0.131328627,0.201028052,7.340702283,0.096625977
p1r00038.jpg,1.020535884,0.206529501,0.490624017,1.1855703,0.171604775,0.197555007,7.407699692,0.104431966
p1r00039.jpg,2.098865056,0.286083146,0.39724986,1.124465339,0.16688685,0.179972148,6.972077256,0.13686849
p1r00040.jpg,0.669871467,0.261138751,0.668428526,1.584051945,0.148635352,0.174352049,7.022810695,0.091002604
p1r00041.jpg,1.679394725,0.268731689,0.547279833,1.226970597,0.250282306,0.250104936,7.718357399,0.126069336
p1r00042.jpg,1.78607854,0.241305809,0.494788156,1.304685696,0.205508664,0.227075717,7.512058376,0.129903971
p1r00043.jpg,1.610657745,0.269000339,0.540140587,1.286601177,0.208593566,0.214981175,7.519183418,0.122716471
p1r00044.jpg,2.801190747,0.261543242,0.490460733,1.138039038,0.179737744,0.1990317,7.296854681,0.109916992
p1r00045.jpg,0.439771048,0.186281124,0.538494715,0.932262308,0.200824009,0.237925586,7.047897905,0.11058431
p1r00046.jpg,0.523622389,0.257043116,0.470996962,1.185918462,0.261461612,0.220009794,7.406033952,0.124506836
p1r00047.jpg,2.23854035,0.15787131,0.630997613,2.044672746,0.118935134,0.253025878,7.370762517,0.082739258
p1r00048.jpg,-3.012718531,0.190255708,0.602562934,0.965250694,0.112976539,0.228419703,7.504137788,0.091416016
p1r00049.jpg,1.100313976,0.139302589,0.540530778,1.70745827,0.09075997,0.204482459,7.42492965,0.109086914
p1r00050.jpg,0.952091532,0.238513498,0.41217393,0.918864567,0.152526089,0.171323583,7.36400991,0.129962565
p1r00051.jpg,-0.709818046,0.090999816,0.498774063,1.950069446,0.075751449,0.193027662,7.323536665,0.100924479
p1r00052.jpg,-0.586432919,0.101080224,0.534653161,1.857356088,0.095155137,0.231773304,7.17377038,0.098453776
p1r00053.jpg,-0.563893707,0.259190936,0.548958767,2.076337128,0.203903804,0.251625088,7.561784603,0.109910482
p1r00054.jpg,1.02483513,0.210221362,0.505118783,1.598281181,0.168386629,0.214086202,7.470899086,0.121119792
p1r00055.jpg,-2.753888527,0.270232131,0.475010289,0.728078777,0.150328014,0.212238506,7.222350064,0.112949219
p1r00056.jpg,-2.774500709,0.284325115,0.643171901,0.85638737,0.125126777,0.265759822,7.397032254,0.089265951
p1r00057.jpg,1.783706939,0.208583227,0.67223329,1.684263315,0.142005934,0.245215865,7.557140922,0.104599609
p1r00058.jpg,1.314935362,0.259580326,0.506814287,1.082414447,0.206637216,0.227105373,7.535944628,0.133619792
p1r00059.jpg,1.59352409,0.27061333,0.629790492,1.634664954,0.178662419,0.226837646,7.521378486,0.103367513
p1r00060.jpg,1.745166128,0.208882832,0.412262753,1.413986445,0.144107495,0.210423069,7.307833516,0.112402344
p1r00061.jpg,0.551485597,0.185183394,0.534331125,1.567466608,0.212373647,0.250906351,7.658044678,0.110654297
p1r00062.jpg,0.614926525,0.179631128,0.501011821,1.165333593,0.171735016,0.2310464,7.360618907,0.096165365
p1r00063.jpg,1.405106843,0.342961264,0.468055096,0.674659881,0.249953156,0.20207576,7.48049669,0.145214844
p1r00064.jpg,1.852381714,0.274101087,0.502353184,1.1005301,0.198496463,0.218300144,7.580846496,0.141240234
p1r00065.jpg,-2.504471148,0.091540065,0.559129493,0.996543967,0.095762775,0.201808773,7.584865794,0.105327148
p1r00066.jpg,-2.802542288,0.089343143,0.613215865,1.991737785,0.124080563,0.209898349,7.552465423,0.096497396
p1r00067.jpg,-1.873970464,0.244367004,0.666334125,2.435477572,0.165588706,0.187818929,7.09693285,0.085325521
p1r00068.jpg,-2.464429463,0.21318452,0.594219401,1.964978456,0.183550669,0.204635459,7.517017659,0.099765625
p1r00069.jpg,1.367738457,0.127224917,0.508477597,1.391597486,0.123582126,0.238681692,7.489520625,0.104384766
p1r00070.jpg,1.568632574,0.1902838,0.427014885,1.550707427,0.169186314,0.196968973,7.299929582,0.107449544
p1r00071.jpg,1.177689189,0.136883722,0.494862643,1.071013312,0.114326802,0.185539785,7.214901084,0.103447266
p1r00072.jpg,1.13331902,0.154111216,0.412559092,0.997027004,0.132806898,0.171645473,7.053737773,0.114352214
p1r00073.jpg,0.367065788,0.261329703,0.515143153,1.39646311,0.207096484,0.217475475,7.374001309,0.108852539
p1r00074.jpg,0.749637777,0.152541449,0.605412058,1.306364688,0.145845213,0.251917579,7.433949269,0.086844076
p1r00075.jpg,1.147511869,0.209699618,0.581875728,0.991728287,0.158507949,0.198307764,7.425685121,0.100761719
p1r00076.jpg,1.507097096,0.095709237,0.546510532,1.925727615,0.085982136,0.225654169,7.553124346,0.095052083
p1r00077.jpg,1.552872437,0.34122813,0.584524114,1.570282449,0.226663116,0.231535813,7.571241099,0.113263346
p1r00078.jpg,-0.733097235,0.231356554,0.691716656,2.230032251,0.171258239,0.223290237,7.204923906,0.111393229
p1r00079.jpg,1.794227622,0.122015846,0.500099775,1.358986203,0.16984316,0.192401594,7.250294178,0.085463867
p1r00080.jpg,1.770772527,0.127906221,0.4724435,1.452708574,0.152238604,0.183687508,7.1535262,0.091178385
p1r00081.jpg,1.394930264,0.102872165,0.585996668,1.508795764,0.101775275,0.220044145,7.363250884,0.110424805
p1r00082.jpg,1.22656868,0.196389068,0.448664726,0.823788016,0.1519096,0.179009531,7.261793922,0.122452799
p1r00083.jpg,1.506022165,0.143762376,0.460050845,1.630970619,0.144435368,0.185920516,7.320462337,0.107457682
p1r00084.jpg,1.169466317,0.131582903,0.529354958,1.506603246,0.101481549,0.190098322,7.287471483,0.09218099
p1r00085.jpg,1.282399095,0.155949641,0.411686338,1.000698606,0.12369224,0.18037219,7.24918925,0.111832682
p1r00086.jpg,1.063991498,0.169146407,0.489284148,1.319570038,0.164301863,0.204881546,7.450155438,0.100201823
p1r00087.jpg,1.174700667,0.166029201,0.50701971,1.181459596,0.13919786,0.188383397,7.370146857,0.110808919
p1r00088.jpg,1.223873568,0.176740732,0.480540888,1.403948182,0.159076772,0.198898266,7.428096439,0.111617839
p1r00089.jpg,0.594640202,0.195630772,0.489455104,1.491547228,0.198880777,0.213784233,7.576491096,0.106604818
p1r00090.jpg,0.639209403,0.164072843,0.540438623,1.337047452,0.181838526,0.214271069,7.424862632,0.096004232
p1r00091.jpg,0.426657499,0.166203634,0.385986813,1.469779811,0.120172522,0.154947008,6.81712304,0.104471029
p1r00092.jpg,0.478645346,0.242448804,0.551909046,1.484318356,0.204756108,0.181310019,7.405864094,0.108704427
p1r00093.jpg,0.824813645,0.126133596,0.636537735,1.329621092,0.143751885,0.212950427,7.340912248,0.10050944
p1r00094.jpg,0.86174695,0.158488899,0.488910922,1.152088131,0.165491989,0.176887906,7.342715974,0.123017578
p1r00095.jpg,1.358910528,0.294009101,0.38685012,1.169297682,0.21784945,0.196269637,7.213624775,0.132171224
p1r00096.jpg,1.456958188,0.229203043,0.659837725,1.72534212,0.165042016,0.246149946,7.431949589,0.107674154
p1r00097.jpg,1.542951462,0.286245697,0.4731953,1.24500411,0.180736467,0.209282305,7.476964345,0.129519857
p1r00098.jpg,-0.368823476,0.175476068,0.576133553,1.602854211,0.090504989,0.232744542,7.501724479,0.112249349
p1r00099.jpg,0.793095049,0.211483254,0.509350911,0.757484732,0.184069144,0.222019256,6.903971341,0.117918294
p1r00100.jpg,0.887199585,0.265340056,0.496648399,0.818316139,0.256905735,0.217148925,7.140517535,0.114275716
p1r00101.jpg,0.678977817,0.253386868,0.59597572,1.943127965,0.219260532,0.244248022,7.537209334,0.108180339
p1r00102.jpg,1.041106569,0.301386957,0.68741156,1.703367374,0.268039692,0.189375658,7.442610869,0.102563477
p1r00103.jpg,1.757696357,0.238165846,0.681354435,2.201506461,0.187658409,0.252748439,7.385650472,0.104344076
p1r00104.jpg,1.363576708,0.281210647,0.613556539,1.434951473,0.251303205,0.211404759,7.511703679,0.122734375
p1r00105.jpg,1.86695934,0.245484236,0.508843852,1.620315202,0.198554607,0.241307658,7.578647414,0.122265625
p1r00106.jpg,1.778144988,0.323850527,0.640043301,2.164675787,0.261918276,0.21984973,7.463106155,0.095864258
p1r00107.jpg,-2.514778029,0.227895708,0.688145501,1.562454522,0.217542701,0.229455395,7.294883475,0.098570964
p1r00108.jpg,1.761144487,0.298566429,0.593581023,1.807347977,0.253213391,0.223392541,7.467743247,0.107664388
p1r00109.jpg,0.75965155,0.13413501,0.521210031,1.349035657,0.149015651,0.212398209,7.35186218,0.110470378
p1r00110.jpg,0.616483188,0.163257033,0.516987413,1.500744482,0.180036888,0.206446114,7.449432019,0.111020508
p1r00111.jpg,-2.519206161,0.170538034,0.666466146,2.334961176,0.167274544,0.237154745,7.450908646,0.089316406
p1r00112.jpg,0.738778603,0.30052577,0.387072355,1.365813544,0.262498399,0.174075114,7.199047436,0.126341146
p1r00113.jpg,0.786349512,0.167865987,0.440349265,1.505541918,0.116200538,0.226417645,7.204942496,0.120579427
p1r00114.jpg,2.115530516,0.286309668,0.481466797,1.610041976,0.148411875,0.203317456,7.381677188,0.105288086
p1r00115.jpg,1.517214928,0.253403037,0.47888137,1.045348343,0.203676296,0.225830777,7.54830568,0.130769857
p1r00116.jpg,1.091584436,0.37089539,0.416653212,0.549347173,0.187021304,0.15632946,6.946503785,0.135563151
p1r00117.jpg,1.35083331,0.226486062,0.436162658,0.86508628,0.19861344,0.174110494,7.258588626,0.12917806
p1r00118.jpg,1.600708033,0.222071826,0.456055173,1.02520899,0.18018412,0.182057709,7.307726264,0.127148438
p1r00119.jpg,1.92905501,0.188493461,0.377662735,1.362421489,0.14322897,0.172044281,7.158977038,0.112843424
p1r00120.jpg,1.588540048,0.142345977,0.543698529,1.627426191,0.088547766,0.231952511,7.309835258,0.096326497
p1r00121.jpg,1.349368518,0.176458883,0.482776846,1.371621522,0.1283167,0.23273218,7.464582026,0.114812826
p1r00122.jpg,1.761380642,0.297961618,0.509696959,1.544798377,0.196747381,0.202325324,7.38334086,0.101443685
p1r00123.jpg,2.16489138,0.252243093,0.406462623,1.414431452,0.145617225,0.227275507,7.263966129,0.122556966
p1r00124.jpg,1.233668248,0.30244595,0.600094171,1.578902916,0.222852187,0.22531142,7.465847262,0.108736979
p1r00125.jpg,0.633054793,0.112671986,0.479367941,1.066421459,0.104010039,0.198155654,7.423071648,0.092867839
p1r00126.jpg,0.538093579,0.126841634,0.500599316,0.94494864,0.134062257,0.219804129,7.087400815,0.098502604
p1r00127.jpg,-2.702768987,0.311090533,0.608570542,0.948623049,0.154343081,0.250566016,7.38826046,0.083836263
p1r00128.jpg,2.661602499,0.279998787,0.563674466,1.682000098,0.177567126,0.260714313,7.469817797,0.103826497
p1r00129.jpg,1.625085895,0.148938814,0.585858954,2.182938394,0.199496243,0.226184366,7.396791661,0.084002279
p1r00130.jpg,-2.560428564,0.09005445,0.613496732,2.091794305,0.100520811,0.224668968,7.489160173,0.087706706
p1r00131.jpg,1.473657242,0.087551021,0.598237809,1.848015658,0.099023365,0.211338348,7.214516276,0.096427409
p1r00132.jpg,1.682822579,0.121564215,0.599075214,2.173203544,0.128888522,0.236270615,7.493833794,0.100909831
p1r00133.jpg,1.576749857,0.245160054,0.634000677,1.90413736,0.229254101,0.233313612,7.559065334,0.097547201
p1r00134.jpg,0.740502742,0.206840171,0.690290237,2.123718013,0.162698094,0.233882709,7.35358865,0.094700521
p1r00135.jpg,2.204741394,0.241467255,0.494148297,1.804864241,0.190006615,0.283312866,7.693887084,0.115063477
p1r00136.jpg,1.031155207,0.240704861,0.559035195,1.216617419,0.212817019,0.255300293,7.718959942,0.124842122
p1r00137.jpg,0.879516111,0.262057699,0.66885589,1.688598117,0.235877915,0.210146279,7.379337077,0.091964518
p1r00138.jpg,1.621877749,0.188492695,0.591658752,1.660536007,0.137797862,0.22870246,7.478945543,0.107965495
p1r00139.jpg,2.454096248,0.153834339,0.653955538,2.076924446,0.132388974,0.257622426,7.45385146,0.08289388
p1r00140.jpg,1.645870151,0.318066426,0.347920241,0.992561328,0.285068156,0.21608678,7.488807005,0.121679688
p1r00141.jpg,1.502923913,0.097692197,0.520644097,1.300234194,0.133234855,0.18378152,7.412285554,0.087477214
p1r00142.jpg,1.199990459,0.24241773,0.363141046,1.121556314,0.202166134,0.209303698,7.313781047,0.104819336
p1r00143.jpg,1.45775951,0.229106838,0.647273552,2.135272301,0.132362482,0.191506942,7.325327964,0.098950195
p1r00144.jpg,0.64209628,0.282771272,0.58679939,1.870707683,0.182141557,0.195085912,7.305183525,0.09925293
p1r00145.jpg,2.646790512,0.119091007,0.532720371,2.373777401,0.123282444,0.240716012,7.603695395,0.095372721
p1r00146.jpg,0.907704963,0.250516345,0.589402178,1.214080528,0.201213098,0.222707728,7.602870837,0.103071289
p1r00147.jpg,0.802663457,0.14189294,0.597133412,1.003096397,0.157052694,0.216231797,6.991861073,0.093676758
p1r00148.jpg,0.628614207,0.163219257,0.498778582,1.235812585,0.182096857,0.175198311,7.360380848,0.123566081
p1r00149.jpg,1.437197166,0.184434673,0.507029795,1.324303149,0.176656583,0.208095783,7.2690825,0.116456706
p1r00150.jpg,1.142121171,0.21952659,0.421982511,0.880744231,0.204777273,0.165141843,7.082170314,0.116529948
p1r00151.jpg,1.130437359,0.129304482,0.55498426,1.457906367,0.153350216,0.206792661,7.416972863,0.108530273
p1r00152.jpg,0.871849568,0.14207491,0.561366396,1.44747361,0.162105231,0.221708808,7.496051434,0.105799154
p1r00153.jpg,1.114058065,0.256260005,0.443733328,0.955265564,0.205602994,0.169737796,7.112938492,0.130369466
p1r00154.jpg,1.359911738,0.155245636,0.590632417,1.447434953,0.171459376,0.226855088,7.362817749,0.101015625
p1r00155.jpg,2.868638486,0.174184505,0.479585095,1.313927779,0.110217717,0.190870457,7.264209694,0.102332357
p1r00156.jpg,2.224327303,0.185749403,0.465137549,1.495749814,0.120051999,0.178985369,7.158152179,0.111235352
p1r00157.jpg,-2.531454479,0.127971988,0.477731937,1.028767733,0.146675693,0.171040689,7.394542767,0.10773763
p1r00158.jpg,2.138428322,0.137918596,0.554706393,1.930429464,0.115538258,0.191073069,7.266861577,0.111015625
p1r00159.jpg,3.0416338,0.134587245,0.493163807,1.476988791,0.119354677,0.144455909,7.084459426,0.105047201
p1r00160.jpg,-2.271406334,0.10453874,0.547325266,1.339873016,0.094928477,0.225680837,7.269873361,0.101269531
p1r00161.jpg,-0.26330814,0.152340526,0.555849801,1.613732222,0.09941843,0.235387583,7.411906666,0.116777344
p1r00162.jpg,0.83435422,0.256019681,0.547198708,1.559038316,0.211646689,0.243447636,7.602209005,0.103876953
p1r00163.jpg,0.17377247,0.188863819,0.613440691,1.367531238,0.158939349,0.248095889,7.549692037,0.104921875
p1r00164.jpg,0.83332885,0.210193705,0.530032858,1.424488524,0.168629706,0.200303453,7.423170289,0.103932292
p1r00165.jpg,0.982384401,0.289405814,0.430841759,0.776361866,0.213256736,0.167573242,7.275160262,0.120841471
p1r00166.jpg,0.485204969,0.153449935,0.549456955,1.709443613,0.122914494,0.215980252,7.463493822,0.098896484
p1r00167.jpg,2.14182458,0.257403356,0.410958895,1.349113956,0.151043346,0.198141316,7.090263769,0.12015625
p1r00168.jpg,1.635106638,0.282223881,0.527944674,1.167049767,0.179559387,0.25916305,7.580160147,0.130361328
p1r00169.jpg,1.083218314,0.107866838,0.483076989,1.76442902,0.077210039,0.21697782,7.374672594,0.108030599
p1r00170.jpg,0.885796935,0.186063504,0.451244562,1.411633868,0.098296967,0.167193566,7.216902283,0.101554362
p1r00171.jpg,-2.020298592,0.256177795,0.420843648,1.507622853,0.135911037,0.195097485,7.085018246,0.10507487
p1r00172.jpg,0.178514691,0.279896957,0.576184819,1.844886241,0.189747191,0.224151928,7.27449588,0.099344076
p1r00173.jpg,0.456630608,0.216146668,0.577203865,2.389253286,0.127227818,0.180553245,7.390309501,0.087335612
p1r00174.jpg,0.207456863,0.231085606,0.570608392,1.453528012,0.137257547,0.20838478,7.409560804,0.092314453
p1r00175.jpg,3.050256533,0.205847293,0.576492596,2.280822033,0.115081556,0.171403513,7.23238588,0.09074056
p1r00176.jpg,0.679219337,0.245199165,0.505060534,1.255313743,0.197193134,0.224526929,7.458715659,0.121139323
p1r00177.jpg,0.495949498,0.166465902,0.496750357,0.948894875,0.141474668,0.179339102,7.240138723,0.118676758
p1r00178.jpg,0.711336013,0.173308057,0.564455142,0.885354137,0.139639937,0.188522123,7.319837427,0.098048503
p1r00179.jpg,0.612349309,0.150162932,0.500168428,0.97990969,0.132896027,0.19002894,7.302624858,0.105782878
p1r00180.jpg,0.479431848,0.159923542,0.566013314,1.062579311,0.149341494,0.217434326,7.25067786,0.10871582
p1r00181.jpg,0.876609626,0.13725102,0.565130757,1.087658919,0.157876646,0.205092264,7.223983686,0.105847982
p1r00182.jpg,0.883583858,0.10001451,0.578040939,1.238809666,0.107443027,0.220605989,7.38844323,0.095501302
p1r00183.jpg,1.06643605,0.127378568,0.532799339,1.273940981,0.135026951,0.211906375,7.460066158,0.094500326
p1r00184.jpg,1.044291543,0.103230051,0.614758527,1.300581404,0.100251106,0.214247367,7.573909379,0.093234049
p1r00185.jpg,2.513435636,0.325360556,0.497129072,1.553197335,0.181395473,0.255738092,7.485718431,0.121302083
p1r00186.jpg,-3.127602595,0.368387666,0.485855009,1.11731899,0.189000072,0.269564383,7.424524304,0.11061849
p1r00187.jpg,2.881082849,0.322296891,0.435079606,1.02506549,0.157451169,0.246553548,6.83276266,0.118803711
p1r00188.jpg,2.062975067,0.324389991,0.661455436,1.4679749,0.218853477,0.2804487,7.723378751,0.120561523
p1r00189.jpg,1.144044664,0.180914782,0.484523718,0.782399747,0.134026726,0.194232294,7.418407349,0.124659831
p1r00190.jpg,1.230454803,0.198516733,0.466162977,0.667953289,0.153779849,0.184115768,7.430512671,0.118076172
p1r00191.jpg,1.299221097,0.168012748,0.441134102,0.923995317,0.13581544,0.169453312,7.329775308,0.124002279
p1r00192.jpg,1.394084861,0.15400013,0.466778212,0.968723688,0.145206015,0.196240297,7.406081466,0.111824544
p1r00193.jpg,-1.887253327,0.200716225,0.556085797,1.43538296,0.130438427,0.238684662,7.299019332,0.103806966
p1r00194.jpg,-1.838003232,0.21455656,0.596006932,2.043602102,0.126391374,0.250360026,7.401167203,0.092648112
p1r00195.jpg,1.361207387,0.136078702,0.396647493,1.155819229,0.086348209,0.177075866,7.086863057,0.118999023
p1r00196.jpg,1.014171451,0.215903173,0.387781276,0.677792735,0.158681199,0.161120806,7.185982721,0.114290365
p1r00197.jpg,1.107845436,0.082885097,0.59137117,1.609807168,0.095539447,0.229362078,7.397437809,0.085864258
p1r00198.jpg,0.569565348,0.196647772,0.556220971,0.915134107,0.186922848,0.199681961,7.402358286,0.112246094
p1r00199.jpg,0.963265484,0.130316287,0.554097018,1.176982285,0.107841565,0.174280934,7.347670782,0.102861328
p1r00200.jpg,1.003403852,0.095467864,0.52626634,1.459620062,0.095490541,0.191840439,7.380843891,0.100126953
p1r00201.jpg,0.326444962,0.172052957,0.528991741,1.204208628,0.118469739,0.220700829,7.364045971,0.094003906
p1r00202.jpg,1.867092626,0.289426595,0.495640191,1.498976871,0.214303429,0.218393959,7.536629053,0.120460612
p1r00203.jpg,2.609448267,0.112827333,0.464649242,1.361612817,0.113522585,0.193502545,7.267574449,0.105110677
p1r00204.jpg,2.296068629,0.118057097,0.507591082,1.743684094,0.109438066,0.187550805,7.426229178,0.103730469
p1r00205.jpg,1.277864786,0.143756633,0.530779603,1.5198905,0.197831716,0.210266009,7.472386295,0.105086263
p1r00206.jpg,-0.145407821,0.117183172,0.489256664,2.06753688,0.164910178,0.194748763,7.436257785,0.104238281
p1r00207.jpg,1.233110701,0.146582795,0.432119855,0.941814902,0.171225996,0.193772688,7.192571438,0.096375326
p1r00208.jpg,1.022133171,0.233052201,0.388566981,1.380641199,0.249568203,0.214106704,7.534650652,0.116707357
p1r00209.jpg,1.429965639,0.230509582,0.434949091,1.141062786,0.204398046,0.238717251,7.787191336,0.126279297
p1r00210.jpg,1.83647588,0.140480662,0.613719478,2.159840977,0.167217715,0.235515657,7.696730483,0.108691406
p1r00211.jpg,0.937181487,0.077063461,0.445364813,1.197573584,0.076129627,0.131497456,6.89671633,0.097965495
p1r00212.jpg,1.401123415,0.106927943,0.435181258,1.296265554,0.109359976,0.149855135,7.114120864,0.11257487
p1r00213.jpg,0.067226868,0.106503889,0.467031863,1.828783275,0.115710908,0.148460967,6.83175718,0.097231445
p1r00214.jpg,1.482368909,0.107065666,0.484622523,1.551101395,0.092703882,0.15643196,7.293827014,0.110198568
p1r00215.jpg,1.818542856,0.224213728,0.336077512,1.458154953,0.163903708,0.166005378,7.04771731,0.124311523
p1r00216.jpg,1.208325045,0.210606062,0.466925807,1.89570333,0.176416835,0.172390423,7.333127702,0.111069336
p1r00217.jpg,0.86991428,0.145310142,0.513820325,1.046387139,0.129785152,0.19314869,7.487626227,0.122307943
p1r00218.jpg,1.471401947,0.162053912,0.470488958,1.241934857,0.137355919,0.199797794,7.478998417,0.134285482
p1r00219.jpg,2.573999953,0.106526556,0.407944649,1.400988375,0.104044822,0.170107216,7.244735658,0.106075846
p1r00220.jpg,1.744159799,0.155218281,0.446303973,1.200997308,0.161522859,0.151627458,7.244198979,0.129383138
p1r00221.jpg,1.501148941,0.107906173,0.437696666,1.186389544,0.105521805,0.173308107,7.239772374,0.104897461
p1r00222.jpg,1.455850796,0.2531107,0.38808715,0.639778543,0.209023922,0.130641111,6.955650058,0.132010091
p1r00223.jpg,1.123839035,0.087495528,0.4250126,1.076081232,0.077145157,0.153948083,7.010805416,0.110304362
p1r00224.jpg,1.87228644,0.10858974,0.458251621,1.547222677,0.103721108,0.173761251,7.36747884,0.106113281
p1r00225.jpg,1.347939253,0.192441269,0.642640919,1.881482061,0.176351558,0.264893678,7.73291492,0.109077148
p1r00226.jpg,-0.386385589,0.165195882,0.547055083,1.750874627,0.156871222,0.25393339,7.604056394,0.097311198
p1r00227.jpg,0.971275155,0.102955279,0.404690283,1.015047206,0.098001982,0.141468222,6.926877891,0.11304362
p1r00228.jpg,1.479261434,0.09404218,0.503628281,1.2325069,0.102143354,0.172761771,7.133824412,0.098751628
p1r00229.jpg,1.468004771,0.165072991,0.387510404,1.747160942,0.122095678,0.176162324,7.290113592,0.120208333
p1r00230.jpg,1.05676969,0.173217271,0.486244779,1.545306615,0.10259221,0.194685131,7.432864143,0.125963542
p1r00231.jpg,0.879544153,0.170050563,0.474402497,0.962936614,0.141890428,0.206082669,7.569116874,0.10862793
p1r00232.jpg,2.16496451,0.1407683,0.475518433,2.128031204,0.107615854,0.183368603,7.214216337,0.098377279
p1r00233.jpg,3.128533266,0.16471725,0.398667241,1.043884468,0.095500264,0.13676792,6.883325515,0.107885742
p1r00234.jpg,0.801236013,0.16983099,0.529779578,0.959986687,0.09941482,0.176234183,7.361089068,0.113059896
p1r00235.jpg,0.749387946,0.150633765,0.493589525,0.78773772,0.124054734,0.173780233,7.403803443,0.099513346
p1r00236.jpg,1.457798961,0.203410383,0.465244702,1.33260895,0.145289253,0.199018123,7.529616409,0.130677083
p1r00237.jpg,1.076541207,0.142258687,0.562115656,1.568613397,0.093897748,0.208588073,7.316062375,0.104414063
p1r00238.jpg,0.946660181,0.182115018,0.517006676,1.342512818,0.143956551,0.190271641,7.304405827,0.105419922
p1r00239.jpg,-2.905169351,0.197189478,0.564535578,1.438035325,0.130647501,0.226069808,7.51953419,0.10359375
p1r00240.jpg,-2.692292836,0.229325985,0.532196168,1.165892376,0.160243509,0.198056852,7.306189852,0.103741862
p1r00241.jpg,1.260432992,0.23122279,0.48289388,2.070514292,0.192267753,0.212721167,7.486805572,0.116518555
p1r00242.jpg,1.7443762,0.245015624,0.582941113,1.662793883,0.188127195,0.247600479,7.641624612,0.107132161
p1r00243.jpg,1.037665957,0.195759005,0.486977022,1.428892876,0.154152857,0.225559473,7.539562533,0.101756185
p1r00244.jpg,1.784364083,0.203529433,0.600828431,1.69368497,0.175622957,0.253299307,7.493248015,0.10125651
p1r00245.jpg,-1.748532287,0.304288943,0.52083364,1.696334595,0.139213811,0.223128403,7.031933479,0.097237956
p1r00246.jpg,-2.597876658,0.34549792,0.657279437,1.297297535,0.198316698,0.244681306,7.333073862,0.090786133
p1r00247.jpg,-2.056322404,0.27299814,0.535960172,1.841871549,0.150242064,0.249444521,7.355642906,0.094597982
p1r00248.jpg,-2.526203443,0.350323338,0.64151634,1.225818328,0.196462661,0.250763902,7.354970821,0.085582682
p1r00249.jpg,-0.062814432,0.250372558,0.554297922,2.087902531,0.202083362,0.27583866,7.7855874,0.103911133
p1r00250.jpg,0.682421277,0.230886176,0.638781403,1.408011435,0.181357996,0.277953436,7.670102062,0.099871419
p1r00251.jpg,0.347504713,0.290019151,0.493014004,0.569203721,0.228339904,0.194943192,7.1487689,0.102841797
p1r00252.jpg,0.367300639,0.311458378,0.418285756,0.652021215,0.21472913,0.169235524,7.057949643,0.11538737
p1r00253.jpg,0.517328031,0.241118585,0.459706087,1.227230067,0.184251954,0.228773799,7.49612981,0.124672852
p1r00254.jpg,0.568671269,0.226497822,0.528412646,1.047605856,0.200796406,0.260361574,7.574380861,0.123579102
p1r00255.jpg,0.495633762,0.242137433,0.443356413,1.011454462,0.187710284,0.211469427,7.342666839,0.119690755
p1r00256.jpg,0.582139383,0.201539406,0.526709061,1.065126774,0.171455246,0.265722671,7.576001292,0.113417969
p1r00257.jpg,0.426114958,0.206476754,0.590731247,1.433122165,0.159656973,0.263842031,7.621988964,0.114034831
p1r00258.jpg,0.373203164,0.254894592,0.585493387,1.399565689,0.199643652,0.265991012,7.575692369,0.111124674
p1r00259.jpg,-0.680886331,0.12226544,0.567147046,1.905387482,0.082220455,0.237651769,7.259138069,0.09938151
p1r00260.jpg,0.695340077,0.210491138,0.528632864,1.407829252,0.166963822,0.208145711,7.60162505,0.102327474
p1r00261.jpg,2.623356153,0.320963746,0.420214563,1.694951666,0.192938636,0.223076287,7.378357355,0.122109375
p1r00262.jpg,1.148305763,0.217055869,0.502504762,1.227867599,0.201847451,0.279036316,7.737282427,0.103510742
p1r00263.jpg,1.413051003,0.280085224,0.44868436,1.269837284,0.211473186,0.25704991,7.619254123,0.117014974
p1r00264.jpg,-3.075497887,0.201772705,0.543849048,1.870610513,0.170027737,0.271186049,7.657243059,0.103557943
p1r00265.jpg,1.433470619,0.140442506,0.660913437,1.957769869,0.095131642,0.218356973,7.519743627,0.095296224
p1r00266.jpg,1.135939769,0.252863903,0.451573695,0.885752025,0.161185317,0.1695603,7.262449093,0.126806641
p1r00267.jpg,1.56883025,0.16106939,0.63887223,2.057455504,0.123285773,0.209598552,7.442914612,0.085776367
p1r00268.jpg,0.997369801,0.207103628,0.51599603,1.23205247,0.135853413,0.166928931,7.260976327,0.112503255
p1r00269.jpg,1.607361973,0.118894409,0.668127247,1.982683193,0.13178679,0.219581274,7.444228949,0.089690755
p1r00270.jpg,2.189859497,0.13783537,0.670826682,2.061608706,0.158283969,0.208489619,7.480677451,0.093933919
p1r00271.jpg,2.154273195,0.096512004,0.678820019,1.935852869,0.103713913,0.212676909,7.288548432,0.08722168
p1r00272.jpg,2.024806689,0.134064445,0.658616409,2.016192542,0.143882028,0.215228919,7.456362229,0.081940104
p1r00273.jpg,1.69577574,0.219897357,0.610389463,1.419412177,0.197575182,0.240363473,7.726411495,0.137283529
p1r00274.jpg,1.893601102,0.278785277,0.48908655,1.461908167,0.248355877,0.210303846,7.546342949,0.132143555
p1r00275.jpg,-0.424333635,0.21834623,0.586562283,2.658619595,0.152613107,0.267493472,7.638463036,0.111502279
p1r00276.jpg,0.862748749,0.259816296,0.73478522,1.710037945,0.159679127,0.218978702,7.162910278,0.099117839
p1r00277.jpg,-2.615926907,0.131165826,0.570597618,2.132437013,0.150396548,0.221104617,7.599807953,0.098147786
p1r00278.jpg,0.966475693,0.088735522,0.614703827,1.976052689,0.101825145,0.204966651,7.4468663,0.105651042
p1r00279.jpg,0.933473425,0.104651979,0.596321538,2.149239033,0.125842381,0.211334785,7.459798799,0.110180664
p1r00280.jpg,0.820100309,0.093248202,0.610526386,1.810336558,0.090525735,0.230521159,7.309173673,0.086681315
p1r00281.jpg,-2.133434749,0.121274965,0.592560662,1.574104049,0.113806621,0.15803389,6.706373462,0.106761068
p1r00282.jpg,-2.320437979,0.1286817,0.594450227,1.775121683,0.137613693,0.180016625,7.164623187,0.097957357
p1r00283.jpg,-2.346344535,0.123265688,0.631218252,1.331533521,0.118193359,0.186874987,7.006883799,0.106848958
p1r00284.jpg,-2.073641329,0.122965743,0.593426407,1.688414279,0.123140222,0.177102376,6.773300846,0.099005534
p1r00285.jpg,-2.89217944,0.099778793,0.546535858,1.863113686,0.104302466,0.209874593,7.354096433,0.078881836
p1r00286.jpg,-2.509579124,0.107723036,0.542520833,1.778355973,0.105651528,0.179426185,7.29841142,0.083544922
p1r00287.jpg,-2.791215928,0.100421941,0.559284952,1.593655435,0.099980314,0.214097472,7.372085432,0.075091146
p1r00288.jpg,2.735126757,0.111195549,0.526573517,2.19173484,0.108769927,0.184867651,7.199220583,0.086642253
p1r00289.jpg,0.745057211,0.122194673,0.595395374,1.512041784,0.135343046,0.21922211,7.39255541,0.089939779
p1r00290.jpg,0.711243147,0.117470878,0.577851001,1.524774953,0.123392794,0.219682268,7.490348908,0.094142253
p1r00291.jpg,0.401358319,0.092706271,0.606230852,1.583853102,0.090990099,0.227455288,7.324744714,0.09652832
p1r00292.jpg,0.667481992,0.148557518,0.586158369,1.436672376,0.152105328,0.209508372,7.323039305,0.099794922
p1r00293.jpg,0.453233594,0.154612884,0.616441445,1.508452779,0.180715574,0.241318331,7.348961176,0.089156901
p1r00294.jpg,0.367691821,0.117269187,0.663033982,1.962120276,0.139315287,0.244825143,7.318129613,0.086308594
p1r00295.jpg,0.338783178,0.140456643,0.576361928,1.903769161,0.148025801,0.25764963,7.534789365,0.092633464
p1r00296.jpg,0.707089579,0.110149502,0.667321742,1.759914201,0.118063709,0.233773956,7.087462127,0.082529297
p1r00297.jpg,1.194650415,0.10826019,0.644411573,1.8822528,0.116057119,0.213430303,7.309397192,0.07758138
p1r00298.jpg,1.091819079,0.117739598,0.598079797,1.876131818,0.110607189,0.187901963,7.293559372,0.097989909
p1r00299.jpg,-1.942628692,0.202228327,0.459073223,1.692291695,0.147359855,0.246355246,7.181450583,0.09398763
p1r00300.jpg,3.080479565,0.278234029,0.508688343,1.571824366,0.170844766,0.251539531,7.527133676,0.096689453
p1r00301.jpg,1.384216531,0.27683616,0.590524037,1.813306357,0.201162558,0.215343968,7.414453892,0.109311523
p1r00302.jpg,2.120469304,0.264809437,0.615235039,2.003437807,0.177917254,0.227459217,7.470057748,0.096025391
p1r00303.jpg,1.023213828,0.273734916,0.648508489,1.944660699,0.2067249,0.204455411,7.298633698,0.098404948
p1r00304.jpg,2.529135964,0.249398469,0.683540173,2.311752057,0.168246581,0.224778551,7.381261746,0.09987793
p1r00305.jpg,2.037803999,0.23757347,0.605485179,1.84028654,0.142686065,0.224995648,7.413744096,0.109627279
p1r00306.jpg,1.59978122,0.24368149,0.581992443,1.662124594,0.169555564,0.219587588,7.509588224,0.116263021
p1r00307.jpg,1.762010871,0.246026733,0.565731605,2.396688994,0.14156333,0.23778452,7.500638012,0.101040039
p1r00308.jpg,2.155366796,0.254902724,0.582561428,2.177399776,0.161624322,0.209971341,7.446957767,0.097171224
p1r00309.jpg,1.649621489,0.31391861,0.687381076,1.712928056,0.242371448,0.267529985,7.344677951,0.095426432
p1r00310.jpg,2.208300097,0.245255854,0.681942721,1.954184798,0.196244862,0.260290022,7.580936145,0.103893229
p1r00311.jpg,1.246634625,0.260892355,0.660495264,1.425613652,0.208074014,0.263649703,7.513726292,0.106149089
p1r00312.jpg,0.794736454,0.239727354,0.712595371,1.751616439,0.187270313,0.230621647,7.308005425,0.098115234
p1r00313.jpg,2.802505168,0.182998214,0.819836257,2.333916646,0.123995012,0.202450825,6.80884101,0.081072591
p1r00314.jpg,1.146886168,0.331883532,0.805285884,1.610403519,0.204691954,0.172951759,7.143978057,0.097848307
p1r00315.jpg,0.897972644,0.168257244,0.624068896,1.706844767,0.125411529,0.282340424,7.688374528,0.107161458
p1r00316.jpg,2.135451755,0.297481669,0.622135991,1.842551719,0.186820374,0.253723446,7.623545614,0.097291667
p1r00317.jpg,0.95734105,0.189558396,0.700368349,1.821835557,0.148016806,0.242747113,7.408402221,0.08610026
p1r00318.jpg,-2.837284167,0.313707987,0.650776412,1.079410633,0.162059407,0.2556793,7.493350658,0.087586263
p1r00319.jpg,0.456619628,0.18502197,0.700557738,1.653851034,0.148643631,0.266529387,7.490026448,0.095180664
p1r00320.jpg,1.186896141,0.284155573,0.691898118,2.027362127,0.168495164,0.211913943,7.150716914,0.082652995
p1r00321.jpg,0.280654446,0.137090836,0.689821308,1.523574918,0.110351031,0.250254676,7.431869808,0.096744792
p1r00322.jpg,1.640176029,0.255716555,0.707939364,2.359266747,0.18197547,0.200125893,7.09933075,0.089195964
p1r00323.jpg,0.467185579,0.147180727,0.651630464,1.123290568,0.120617928,0.254951746,7.400638808,0.114916992
p1r00324.jpg,2.176519951,0.293212423,0.73664185,2.622215965,0.187679773,0.201584137,6.978685497,0.071095378
p1r00325.jpg,-2.690923897,0.191527564,0.726882225,2.006698026,0.171317037,0.242353666,7.346035992,0.092234701
p1r00326.jpg,1.600828123,0.322882547,0.641281531,1.331434981,0.272841522,0.259963005,7.480775006,0.109109701
p1r00327.jpg,3.1102256,0.206779139,0.728084955,2.191179892,0.15829684,0.243564831,7.251419446,0.086612956
p1r00328.jpg,1.55021212,0.321161391,0.616512459,1.118576641,0.273635327,0.260432747,7.578690425,0.119957682
p1r00329.jpg,1.689267925,0.300557491,0.812356311,1.954763174,0.206996773,0.164621033,6.985866368,0.086687826
p1r00330.jpg,-2.792563769,0.187803304,0.658092052,1.920416278,0.163355463,0.275305504,7.478392741,0.086798503
p1r00331.jpg,1.994819942,0.235100379,0.777643293,2.516862695,0.157439215,0.217826395,6.85609364,0.093548177
p1r00332.jpg,1.637946919,0.322553183,0.770195721,1.880089163,0.221592558,0.196681322,7.063012865,0.110291341
p1r00333.jpg,2.523676838,0.26873466,0.792860332,2.267632023,0.215462846,0.201353339,6.974750791,0.088152669
p1r00334.jpg,1.869851118,0.18795849,0.683875434,2.476273546,0.148847048,0.239108186,7.462102698,0.089584961
p1r00335.jpg,2.594585729,0.280538849,0.786685534,2.130858775,0.232473975,0.217107627,7.023446228,0.089736328
p1r00336.jpg,-2.965711848,0.1823767,0.678037403,2.071894976,0.155614063,0.238862022,7.536440853,0.092750651
p1r00337.jpg,1.804020039,0.248526949,0.768784365,2.073614003,0.215955465,0.210849518,7.161367434,0.096482747
p1r00338.jpg,2.810904477,0.190480051,0.811390229,1.836696462,0.168403999,0.198436941,6.933189826,0.089677734
p1r00339.jpg,1.675821387,0.228613563,0.800665428,1.959914906,0.182203043,0.211492138,6.951730287,0.080520833
p1r00340.jpg,0.072675771,0.326760075,0.763676317,2.130312343,0.214501933,0.213960895,7.042040019,0.077250977
p1r00341.jpg,1.564512649,0.285953128,0.741545509,1.595309172,0.222178029,0.225472024,7.190970126,0.108095703
p1r00342.jpg,1.657494546,0.208236154,0.654682253,1.533438739,0.175283242,0.253828493,7.655814164,0.11
p1r00343.jpg,1.118795683,0.268956436,0.753293428,1.449120552,0.203065561,0.20908409,7.2154851,0.107654622
p1r00344.jpg,1.849279711,0.227528019,0.647892055,1.517903675,0.200440125,0.270610123,7.652849441,0.128398438
p1r00345.jpg,0.439836507,0.222909407,0.594034441,2.200915169,0.186659057,0.157747187,7.232784255,0.092814128
p1r00346.jpg,-0.413431682,0.16370214,0.620678181,2.583701198,0.13758565,0.188702677,7.070176671,0.08879069
p1r00347.jpg,-2.802807826,0.280301507,0.633845358,0.732275592,0.130505486,0.259610637,7.282687301,0.081912435
p1r00348.jpg,-2.766330373,0.292665023,0.611414509,0.890766169,0.147098968,0.241199266,7.349454656,0.075415039
p1r00349.jpg,1.517957338,0.205367215,0.579905624,2.104158512,0.196857556,0.182093808,7.300113815,0.100419922
p1r00350.jpg,1.0317957,0.274745617,0.496369562,1.360735357,0.196060441,0.188029825,7.385113638,0.122939453
p1r00351.jpg,-2.799153331,0.295011572,0.621033254,0.640148294,0.158017195,0.28878247,7.289147418,0.085571289
p1r00352.jpg,-2.652459331,0.32801792,0.609364328,0.865707683,0.170307342,0.268014847,7.529073369,0.101870117
p1r00353.jpg,0.406525261,0.158094287,0.514230111,1.354786924,0.135092259,0.155557329,7.146509918,0.101853841
p1r00354.jpg,-0.195599532,0.149479235,0.477563317,1.36102919,0.117091326,0.23383001,7.454721427,0.121414388
p1r00355.jpg,0.244497822,0.102847523,0.518789714,1.338187561,0.110645542,0.261030503,7.235944726,0.103986003
p1r00356.jpg,0.492048816,0.139619786,0.504854677,1.497172415,0.137651397,0.167582318,7.095856596,0.088505859
p1r00357.jpg,-1.170367322,0.144467687,0.525580448,2.60992133,0.134375899,0.204543476,7.309402981,0.104327799
p1r00358.jpg,-2.07139938,0.114134216,0.580197929,1.832797472,0.111883587,0.200801419,7.416570396,0.091013997
p1r00359.jpg,1.024586731,0.107297308,0.577085121,2.030645223,0.117297156,0.211999812,7.482361889,0.100623372
p1r00360.jpg,0.314510103,0.12272533,0.515352992,2.131505227,0.124741503,0.196044099,7.330348105,0.101577148
p1r00361.jpg,1.51640931,0.079166559,0.513128013,1.472779136,0.060019266,0.209890067,7.062719063,0.111225586
p1r00362.jpg,1.680438444,0.11164445,0.579306411,1.884356564,0.12703817,0.233080211,7.494245883,0.093653971
p1r00363.jpg,1.937713885,0.074078808,0.567792037,1.579030429,0.08007891,0.230699855,7.285986268,0.102115885
p1r00364.jpg,2.135066529,0.08794118,0.558191176,1.538788254,0.089142648,0.242703973,7.598852503,0.085094401
p1r00365.jpg,1.726329215,0.239336921,0.691838605,1.984007974,0.153272642,0.245891058,7.396299858,0.104838867
p1r00366.jpg,0.808977944,0.278624753,0.650577704,1.915841378,0.216716871,0.187013654,7.116474485,0.100730794
p1r00367.jpg,1.514451725,0.207542735,0.684335669,2.159776317,0.135293647,0.249141628,7.502871796,0.106030273
p1r00368.jpg,1.912607322,0.288348246,0.647934015,2.065163307,0.243440223,0.223583008,7.334766453,0.097062174
p1r00369.jpg,-0.210213754,0.167928977,0.550210669,1.882954574,0.212480808,0.214275037,7.445739133,0.099431966
p1r00370.jpg,0.55136302,0.074237244,0.619812104,1.945265649,0.078783407,0.21910261,7.29932318,0.109754232
p1r00371.jpg,1.478430173,0.297839639,0.470956891,1.328821571,0.218762884,0.226631287,7.514628598,0.127869466
p1r00372.jpg,2.902813522,0.229422451,0.68833101,2.202883087,0.184204586,0.23409935,7.255363763,0.097555339
p1r00373.jpg,1.141502022,0.122433671,0.480899331,1.284772336,0.122324817,0.186649975,7.296567386,0.112957357
p1r00374.jpg,0.759698386,0.125216747,0.518809998,0.837184677,0.125813148,0.216822576,7.010121688,0.110852865
p1r00375.jpg,0.968088781,0.119183274,0.595006855,1.432921369,0.111485964,0.209246177,7.483722358,0.084830729
p1r00376.jpg,0.55906023,0.098988554,0.598826695,1.677535725,0.100250258,0.239658228,7.576414165,0.10441569
p1r00377.jpg,0.550076494,0.189070797,0.549306347,1.425735895,0.195599792,0.234624822,7.510474694,0.123300781
p1r00378.jpg,0.605809645,0.210348541,0.505805836,1.142835957,0.19138478,0.2303023,7.447796732,0.14656901
p1r00379.jpg,-2.457450366,0.112060982,0.559891085,1.573878373,0.132663523,0.254904821,7.440850832,0.086194661
p1r00380.jpg,-2.735715509,0.118739103,0.550337661,1.09599483,0.082619475,0.191974412,7.323146751,0.093986003
p1r00381.jpg,1.022993932,0.117089436,0.542948453,2.334306678,0.099100834,0.195261544,7.53583582,0.099980469
p1r00382.jpg,0.563836937,0.117006328,0.577352852,1.681420309,0.135288723,0.241774717,7.459335817,0.091261393
p1r00383.jpg,1.191442612,0.113493195,0.597262459,1.539867093,0.128715938,0.225506465,7.399548929,0.103893229
p1r00384.jpg,1.325624431,0.141347336,0.513676726,1.215314056,0.141602435,0.209927998,7.536623628,0.115563151
p1r00385.jpg,0.683920863,0.11973546,0.60452151,1.152094342,0.147061355,0.253898985,6.948794798,0.097491862
p1r00386.jpg,1.243014078,0.171309787,0.561155344,1.822222375,0.183332626,0.248771471,7.573415091,0.103372396
p1r00387.jpg,0.730620702,0.134089136,0.64783978,1.538352221,0.173281248,0.265360195,7.331881758,0.089873047
p1r00388.jpg,1.522163175,0.129811288,0.646801764,1.905414485,0.149937682,0.23340093,7.432646316,0.087239583
p1r00389.jpg,-2.972363191,0.141742506,0.58323952,1.049065505,0.125502791,0.156788479,7.010172547,0.080244141
p1r00390.jpg,2.653490723,0.10573491,0.514536063,1.392337968,0.092483509,0.250891115,7.328526869,0.101230469
p1r00391.jpg,-2.678178966,0.203602286,0.528427428,0.970311619,0.131571364,0.220584343,7.471331962,0.120893555
p1r00392.jpg,-2.613487689,0.195963379,0.632380847,0.763991418,0.096968138,0.199316561,7.15675964,0.094856771
p1r00393.jpg,0.775173189,0.286582979,0.636062972,1.722538443,0.22532475,0.198706765,7.31342454,0.107027995
p1r00394.jpg,-1.18299944,0.257017226,0.688556679,2.417729458,0.214808034,0.237829548,7.450109453,0.096660156
p1r00395.jpg,0.7554286,0.332361006,0.614845946,1.475298926,0.216310286,0.185542093,7.171188738,0.103170573
p1r00396.jpg,-0.477236745,0.303760713,0.670544488,2.171385377,0.215670072,0.228518526,7.416641533,0.10347168
p1r00397.jpg,1.429712405,0.202638044,0.73306624,1.701960868,0.135178129,0.226574767,7.496447545,0.095649414
p1r00398.jpg,1.140709924,0.249748896,0.748405484,1.811382103,0.142256991,0.154850151,6.959574062,0.088878581
p1r00399.jpg,0.879120488,0.202132078,0.76144918,1.808961891,0.130557365,0.199455487,7.218169468,0.10417806
p1r00400.jpg,0.696182565,0.23917949,0.728125804,2.083469956,0.164337586,0.18788325,7.008434361,0.091023763
p1r00401.jpg,1.648977881,0.228087913,0.640705678,1.904934667,0.180205531,0.252806655,7.63297383,0.106621094
p1r00402.jpg,1.211668564,0.235930493,0.684976601,1.785262882,0.172568696,0.219350722,7.397434794,0.086165365
p1r00403.jpg,1.359073844,0.21172807,0.656535552,1.959336168,0.167194383,0.265299999,7.522691754,0.093595378
p1r00404.jpg,1.257133848,0.230314827,0.71031393,1.773717766,0.173284201,0.194511118,7.084516098,0.082947591
p1r00405.jpg,-1.58741841,0.233995382,0.706683696,2.367845274,0.209508816,0.259104481,7.563373124,0.092234701
p1r00406.jpg,-1.932560891,0.165824942,0.740163743,2.143901387,0.114491942,0.225016483,7.490568463,0.09254069
p1r00407.jpg,-2.878771198,0.18851746,0.612224277,1.592521156,0.115307057,0.243260733,7.366626149,0.082918294
p1r00408.jpg,3.097723419,0.200997379,0.416631561,1.654122443,0.12746493,0.182490366,7.170711535,0.133167318
p1r00409.jpg,1.523488316,0.133348045,0.649306258,1.556725503,0.158617823,0.221604432,7.603884369,0.102249349
p1r00410.jpg,1.388319211,0.144741171,0.644638557,1.448680806,0.166401461,0.239161826,7.479929543,0.105576172
p1r00411.jpg,1.318430254,0.154481086,0.616581036,1.186633312,0.162594631,0.202048726,7.204732676,0.102631836
p1r00412.jpg,2.031856218,0.110092472,0.688213478,1.747056567,0.141551093,0.230290093,7.312337208,0.090086263
p1r00413.jpg,1.374867993,0.238870323,0.477815487,1.216078439,0.208279321,0.198481508,7.465765735,0.113580729
p1r00414.jpg,0.830098843,0.110429888,0.59822923,2.011448038,0.123860992,0.193636713,7.317775931,0.094568685
p1r00415.jpg,1.229973228,0.175252395,0.540648591,1.326465808,0.15886489,0.202899945,7.293822027,0.104960938
p1r00416.jpg,1.055473492,0.1999958,0.489051432,0.948936917,0.16563747,0.199672125,7.410768774,0.104412435
p1r00417.jpg,-2.96148795,0.264445285,0.655149203,2.185484316,0.184842569,0.200517455,7.163187456,0.081186523
p1r00418.jpg,-2.791289668,0.322996576,0.627065602,1.691245118,0.212463791,0.253278516,7.539033008,0.079920247
p1r00419.jpg,1.627824791,0.131305337,0.584847018,2.353209272,0.121238639,0.205445591,7.387192394,0.096350911
p1r00420.jpg,0.929705653,0.124569811,0.565217984,2.039755674,0.137902249,0.210530027,7.550218531,0.101513672
p1r00421.jpg,1.265689898,0.18812306,0.4334892,0.906751236,0.160751547,0.181897538,7.040015998,0.116266276
p1r00422.jpg,1.115316927,0.234149724,0.456415224,0.567883267,0.179353582,0.155118909,7.08186845,0.120008138
p1r00423.jpg,0.83128629,0.164936733,0.556228375,0.75727571,0.17778353,0.233175336,7.05966325,0.100039063
p1r00424.jpg,1.450364388,0.188152063,0.452885327,1.020414548,0.179363518,0.206362553,7.381323912,0.116896159
p1r00425.jpg,0.783839105,0.226059025,0.463326019,1.035986029,0.168595511,0.187467417,7.415453819,0.113032227
p1r00426.jpg,0.961303888,0.309915777,0.436692632,0.766298901,0.231072932,0.19080421,7.395598047,0.12737793
p1r00427.jpg,0.87581357,0.130320791,0.573056909,0.929409978,0.139720438,0.220913338,6.98257007,0.103427734
p1r00428.jpg,1.276030256,0.234989072,0.396007506,0.688469411,0.195551685,0.124497038,6.744293837,0.119342448
p1r00429.jpg,-0.006073652,0.163203193,0.594924007,2.080429065,0.175073393,0.250064374,7.595005679,0.103168945
p1r00430.jpg,-1.503560942,0.109589736,0.617260021,1.822140999,0.117478105,0.232418523,7.539619017,0.103408203
p1r00431.jpg,1.263560448,0.297302295,0.533873289,1.555833101,0.180671412,0.193541824,7.329944822,0.107242839
p1r00432.jpg,1.532147479,0.20899266,0.665774395,2.238234435,0.134819962,0.246297113,7.594307174,0.112871094
p1r00433.jpg,2.660704272,0.234233769,0.551365324,2.272787861,0.140234153,0.180086346,7.242522056,0.085657552
p1r00434.jpg,1.06646941,0.233831212,0.453051892,1.088365243,0.1707936,0.199745512,7.503792835,0.143649089
p1r00435.jpg,0.976971976,0.102032536,0.601680492,1.404806654,0.092217131,0.218272299,7.043995909,0.085170898
p1r00436.jpg,1.133965669,0.147217926,0.473902203,1.322143362,0.144795054,0.188385629,7.399962577,0.098932292
p1r00437.jpg,-2.716221677,0.226810416,0.645662454,2.24932525,0.127539486,0.232057557,7.489926899,0.085789388
p1r00438.jpg,1.437640593,0.289376782,0.618789573,2.555952402,0.177944169,0.190381293,7.170960279,0.093338216
p1r00439.jpg,-2.873445514,0.260975331,0.639672207,2.141007701,0.161960709,0.219700177,7.482067072,0.086858724
p1r00440.jpg,2.397426912,0.278043323,0.560575227,2.434072795,0.16526244,0.196530678,7.228026097,0.094622396
p1r00441.jpg,0.084154575,0.230115475,0.615893587,1.408316574,0.159192142,0.266544123,7.754398961,0.097555339
p1r00442.jpg,-1.296020803,0.243281713,0.402513978,1.888526641,0.168472561,0.223341094,7.478361241,0.106004232
p1r00443.jpg,0.656574452,0.1809144,0.49053716,0.68719602,0.110251964,0.179616625,6.994245792,0.121892904
p1r00444.jpg,0.944037267,0.105837642,0.533720984,1.434162485,0.085602396,0.150257175,6.890361811,0.088019206
p1r00445.jpg,0.955278352,0.19309088,0.569006102,1.19407533,0.173386492,0.167500563,7.327565582,0.10769694
p1r00446.jpg,1.421386489,0.094797081,0.607113728,1.672138193,0.102773156,0.213737836,7.439133185,0.084503581
p1r00447.jpg,0.296182553,0.295468067,0.600684424,1.379046494,0.216337698,0.200964118,7.255250821,0.097648112
p1r00448.jpg,1.603558699,0.191888426,0.669621477,2.281509044,0.135885266,0.244253138,7.516670649,0.081808268
p1r00449.jpg,2.273983198,0.07442236,0.597974775,1.859843376,0.089821311,0.225390018,7.389527265,0.088439128
p1r00450.jpg,2.57615785,0.109538251,0.562678641,1.784209559,0.112199492,0.212727924,7.455027876,0.095465495
p1r00451.jpg,2.619984639,0.079015079,0.578418084,1.736838241,0.07761113,0.232922872,7.51201028,0.084469401
p1r00452.jpg,1.532535769,0.114089181,0.559611252,1.603219834,0.10970276,0.203219976,7.409728548,0.087902018
p1r00453.jpg,1.041207102,0.122233062,0.571015523,1.635593568,0.106324391,0.205202184,7.279944745,0.090079753
p1r00454.jpg,0.569032573,0.101310263,0.636388302,1.191036513,0.121007722,0.257559501,6.799640564,0.093089193
p1r00455.jpg,1.548831203,0.111066346,0.588915543,1.878535323,0.09596962,0.209391289,7.3290249,0.099179688
p1r00456.jpg,0.750090287,0.133720668,0.595518255,1.202631641,0.150242043,0.247383427,7.035939074,0.095426432
p1r00457.jpg,2.306828421,0.312365427,0.587715227,2.386861655,0.191046745,0.190900618,7.209700879,0.096432292
p1r00458.jpg,1.94714143,0.29151643,0.590539777,1.988580843,0.178054109,0.258590045,7.589777525,0.097307943
p1r00459.jpg,1.893105298,0.312934338,0.608368656,1.890507086,0.19270384,0.191717884,7.377243701,0.110247396
p1r00460.jpg,0.389258602,0.232068503,0.651851971,2.459248057,0.163753319,0.252344155,7.45399364,0.096775716
p1r00461.jpg,1.824693256,0.073299969,0.560803181,1.608083584,0.064899956,0.188277724,7.198046155,0.079256185
p1r00462.jpg,2.10439919,0.082460088,0.601499017,1.579472211,0.11109473,0.233451973,7.409547374,0.092949219
p1r00463.jpg,1.55336346,0.204620385,0.565222899,1.534812308,0.13036323,0.247767579,7.557905933,0.119454753
p1r00464.jpg,0.943318223,0.242735483,0.680994536,1.975485098,0.157716632,0.178896535,7.191654192,0.092755534
p1r00465.jpg,2.685104472,0.259909296,0.517859286,1.558256071,0.178297795,0.263716285,7.501261949,0.110683594
p1r00466.jpg,2.63963441,0.196859662,0.523824385,1.54042743,0.140672245,0.268225406,7.311601582,0.11808431
p1r00467.jpg,2.608679205,0.274631178,0.46051648,1.478074545,0.158909718,0.23435584,7.181872539,0.116359049
p1r00468.jpg,-2.772302093,0.197648264,0.531442989,1.590485704,0.128068101,0.247172825,7.180045816,0.099199219
p1r00469.jpg,1.512110269,0.142285858,0.559306385,1.498886126,0.187303692,0.213498559,7.595378424,0.101448568
p1r00470.jpg,1.658711514,0.095458884,0.555075151,1.886019264,0.113402646,0.205716868,7.479901851,0.085052083
p1r00471.jpg,1.821416452,0.099677339,0.596479754,1.764377086,0.128360413,0.195513849,7.494276155,0.094503581
p1r00472.jpg,1.46816172,0.128601667,0.52266419,1.337493257,0.123479488,0.220213149,7.492647905,0.103754883
p1r00473.jpg,1.006527299,0.284215048,0.536264502,1.197727145,0.187347032,0.220349286,7.482005307,0.122862956
p1r00474.jpg,0.706604851,0.224685398,0.622685675,1.742438773,0.136923508,0.227861031,7.378600062,0.099980469
p1r00475.jpg,0.453691313,0.239579363,0.543326861,1.856986267,0.161118262,0.213677078,7.306471094,0.102255859
p1r00476.jpg,1.204485161,0.238103468,0.575020182,1.450558322,0.164330477,0.228356221,7.50714131,0.111217448
p1r00477.jpg,1.334787637,0.232664446,0.554512204,1.590258552,0.146309524,0.245444525,7.471367,0.114375
p1r00478.jpg,1.281333005,0.289089188,0.48336757,1.009820019,0.194934745,0.226407518,7.697373554,0.146515299
p1r00479.jpg,0.375259746,0.176501121,0.484094695,1.308353712,0.150704749,0.173961508,7.28979109,0.117021484
p1r00480.jpg,0.597155937,0.250981578,0.499090303,1.052600736,0.228065188,0.195903501,7.311590507,0.119142253
p1r00481.jpg,-2.306310094,0.106444796,0.585628536,0.943139824,0.086361725,0.218729936,7.60346274,0.095004883
p1r00482.jpg,0.266546048,0.186463779,0.52050457,0.820452193,0.147640351,0.114899319,6.946914386,0.101873372
p1r00483.jpg,1.078498734,0.126329867,0.509475733,2.396886599,0.134134621,0.186309196,7.510526438,0.080097656
p1r00484.jpg,0.70344727,0.112497223,0.531611596,1.528218047,0.109407927,0.184732957,7.170990596,0.076155599
p1r00485.jpg,-2.258842019,0.113358778,0.566537914,1.332580282,0.104593153,0.208973447,7.497113825,0.111847331
p1r00486.jpg,-2.206911125,0.127738055,0.544738575,1.191459243,0.159872421,0.202152747,7.438193529,0.099892578
p1r00487.jpg,-2.465066782,0.117805758,0.577791003,1.150033045,0.135806004,0.204837304,7.475568156,0.098001302
p1r00488.jpg,-1.787148132,0.111756541,0.530390382,1.632555694,0.115238239,0.207050882,7.560584709,0.098989258
p1r00489.jpg,0.037074366,0.107837128,0.52527045,1.742483306,0.124204989,0.174150335,7.298093958,0.095737305
p1r00490.jpg,0.275784546,0.10082276,0.512602316,1.333828855,0.077284182,0.149175633,7.156778736,0.095716146
p1r00491.jpg,0.515885907,0.206227687,0.573295241,1.331138209,0.115456966,0.165341529,7.141402046,0.111591797
p1r00492.jpg,1.558417342,0.188163247,0.459082299,1.842388668,0.190339492,0.18193506,7.344969788,0.1196875
p1r00493.jpg,0.452937348,0.184904881,0.53009232,1.103041715,0.151410626,0.16536338,7.215663559,0.108232422
p1r00494.jpg,0.505370913,0.086787538,0.609259944,1.874488907,0.089924315,0.23842665,7.475524385,0.090644531
p1r00495.jpg,0.577109167,0.183958003,0.500337354,1.129559997,0.176638801,0.173603129,7.212863227,0.111739909
p1r00496.jpg,0.457062504,0.123360846,0.583021855,1.434285701,0.116072428,0.220328848,7.288413715,0.102880859
p1r00497.jpg,-2.742865204,0.247218423,0.56029159,1.50899087,0.171315989,0.254801675,7.517362546,0.103193359
p1r00498.jpg,2.105084748,0.282170569,0.624666411,1.940094039,0.185217583,0.230990182,7.487723293,0.097911784
p1r00499.jpg,-2.295116405,0.116121879,0.538943551,1.355583655,0.124572626,0.234281308,7.557803067,0.107539063
p1r00500.jpg,-2.205964296,0.124644065,0.522169067,1.008075829,0.104054366,0.217394934,7.595379574,0.109905599
p1r00501.jpg,0.636579787,0.132461534,0.556435368,1.53454787,0.10671042,0.211518151,7.509087063,0.095380859
p1r00502.jpg,0.367582932,0.122995522,0.548360588,1.385993285,0.102799263,0.209157585,7.413303378,0.083105469
p1r00503.jpg,0.472648897,0.132457629,0.555420458,1.339339728,0.097313938,0.197517617,7.455702029,0.084186198
p1r00504.jpg,0.432263114,0.15396952,0.585522876,1.244759775,0.12411119,0.205112805,7.467537319,0.104749349
p1r00505.jpg,0.848179183,0.277442582,0.561139374,1.775774495,0.227901775,0.207766643,7.531571751,0.100498047
p1r00506.jpg,-2.906071075,0.165184857,0.62548066,2.141599107,0.17187481,0.209255545,7.22445475,0.095968424
p1r00507.jpg,1.212562861,0.332792759,0.598303615,1.790693238,0.237303212,0.191290772,7.366652221,0.100032552
p1r00508.jpg,1.033656454,0.167059818,0.610944751,1.584678848,0.132667003,0.224730738,7.375281167,0.109876302
p1r00509.jpg,1.70510245,0.202023849,0.565301215,2.297509096,0.105937012,0.232192121,7.49145467,0.098404948
p1r00510.jpg,0.95276422,0.24338279,0.522029284,1.754888102,0.164845457,0.204321656,7.446561867,0.108028971
p1r00511.jpg,2.402407679,0.21031527,0.590755719,1.965305717,0.099613447,0.241762032,7.501452784,0.108650716
p1r00512.jpg,1.3973522,0.276828761,0.536148782,1.549934742,0.187630446,0.204943217,7.447855081,0.117814128
p1r00513.jpg,2.190452316,0.166061797,0.488011872,1.994160371,0.105360142,0.242197417,7.516772502,0.115349935
p1r00514.jpg,1.4886027,0.2916236,0.623016863,1.80107743,0.191947262,0.187289742,7.151108726,0.100898438
p1r00515.jpg,1.58587748,0.218709525,0.585089218,1.691198403,0.132870518,0.236429271,7.653095437,0.110369466
p1r00516.jpg,1.71252843,0.281329001,0.466412467,1.519552765,0.199665993,0.223341677,7.492402448,0.131355794
p1r00517.jpg,1.645986028,0.241993361,0.5593263,2.09131442,0.157446507,0.18054291,7.293261967,0.090288086
p1r00518.jpg,1.389823713,0.210280718,0.579654399,1.982268535,0.138787702,0.171504516,7.209273979,0.094085286
p1r00519.jpg,-2.592574534,0.342065758,0.613508629,0.958696877,0.182774586,0.241569017,7.233281178,0.082211914
p1r00520.jpg,0.974168261,0.309409175,0.656268714,1.735646318,0.226420558,0.204254792,7.400413221,0.098113607
p1r00521.jpg,2.858781995,0.260872952,0.62957824,2.519355836,0.172647566,0.227550144,7.329710019,0.106232096
p1r00522.jpg,1.190740509,0.258500008,0.609556398,1.490105509,0.185294531,0.211276838,7.510425313,0.100647786
p1r00523.jpg,1.387459856,0.252856273,0.598355596,1.815437786,0.159805646,0.232850528,7.55034675,0.124495443
p1r00524.jpg,0.007646376,0.296334145,0.580132813,1.726981586,0.198627483,0.21706037,7.42959458,0.108414714
p1r00525.jpg,1.284884693,0.308451557,0.620052339,2.374128428,0.222977354,0.224006034,7.419445054,0.091261393
p1r00526.jpg,1.174274543,0.265026344,0.627067415,1.835514276,0.191000943,0.236349762,7.449234694,0.11703776
p1r00527.jpg,0.563446231,0.112625979,0.629929164,0.852783755,0.127798188,0.242277478,7.043080967,0.083107096
p1r00528.jpg,0.895800659,0.239511865,0.346851282,0.62261238,0.157420127,0.123098272,6.677348332,0.103061523
p1r00529.jpg,0.284669394,0.143429639,0.563824691,1.152926465,0.09782207,0.243526603,7.201977687,0.095963542
p1r00530.jpg,0.440247636,0.25015261,0.520237234,1.824532156,0.163190117,0.159632682,7.00456573,0.090970052
p1r00531.jpg,0.5927116,0.166623239,0.572798841,1.112247479,0.110228237,0.238674675,7.229897972,0.10309082
p1r00532.jpg,0.78879998,0.231752583,0.459076734,1.420213547,0.143960488,0.173670981,7.246303745,0.095273438
p1r00533.jpg,0.816155284,0.149369542,0.54883798,1.10577049,0.107038793,0.280007577,7.241386009,0.107747396
p1r00534.jpg,0.89623472,0.286460487,0.506353031,1.287620539,0.18790535,0.186535847,7.420488893,0.107395833
p1r00535.jpg,0.934622415,0.187028822,0.43535866,1.159098145,0.142873168,0.227830762,7.305499758,0.107504883
p1r00536.jpg,1.785135592,0.190139838,0.666945491,1.822026819,0.156291126,0.240886424,7.438871295,0.08718099
p1r00537.jpg,0.764010002,0.127092734,0.466403225,1.12790956,0.08662343,0.205660243,7.292316627,0.12194987
p1r00538.jpg,0.919792087,0.213684769,0.505865962,0.962806162,0.153833689,0.195480888,7.468142336,0.124908854
p1r00539.jpg,0.791253032,0.198082698,0.524046045,1.006307672,0.150423876,0.18891734,7.441375367,0.101692708
p1r00540.jpg,1.335310607,0.117654536,0.57780059,1.76127942,0.116084365,0.161219742,7.309068855,0.082133789
p1r00541.jpg,0.933839139,0.258634467,0.54090491,1.15538224,0.138622839,0.15798885,7.143743356,0.100161133
p1r00542.jpg,0.629636334,0.131416433,0.586984515,1.376127483,0.081453636,0.237472594,7.294359626,0.098388672
p1r00543.jpg,-2.773436427,0.205909801,0.51662763,1.052372614,0.127478428,0.181208156,7.045901283,0.086910807
p1r00544.jpg,-2.821050158,0.124339235,0.503044781,1.167696683,0.081740486,0.239992936,6.732763883,0.09519694
p1r00545.jpg,-2.630175467,0.185185751,0.573464767,0.870625016,0.141121217,0.241787868,7.171287389,0.092166341
p1r00546.jpg,-3.013838909,0.162340707,0.530493617,1.37130351,0.140227512,0.212252412,7.138485842,0.095940755
p1r00547.jpg,2.135964959,0.121483913,0.517933326,1.677854518,0.109661924,0.208566018,7.561102226,0.100893555
p1r00548.jpg,2.697416734,0.166880078,0.554869651,1.687378048,0.117658858,0.188224409,7.378779892,0.094440104
p1r00549.jpg,1.331401676,0.084060215,0.701264336,1.471361872,0.117209408,0.210968214,7.257916394,0.084763997
p1r00550.jpg,1.192844658,0.123802203,0.644711372,1.635935393,0.117632906,0.208002644,7.267917347,0.092013346
p1r00551.jpg,1.055323017,0.118324467,0.598679036,1.379797673,0.13154683,0.213785365,7.522390233,0.101005859
p1r00552.jpg,1.104081051,0.121279258,0.686037824,2.071495266,0.113435726,0.211182874,7.106383381,0.082034505
p1rf0553.jpg,1.286247541,0.180800009,0.44691682,1.264160145,0.153323932,0.211866557,7.328193892,0.119013672
p1rf0554.jpg,1.310912805,0.171707729,0.507677058,1.496862629,0.126934578,0.230547287,7.548767032,0.111354167
p1rf0555.jpg,1.121063222,0.255983998,0.513431717,1.091895069,0.170699066,0.181049363,7.395452779,0.125540365
p1rf0556.jpg,1.377132785,0.19386245,0.469142757,1.110286616,0.141015289,0.183059614,7.416539251,0.117963867
p1rf0557.jpg,1.628949727,0.241376746,0.527518867,1.132022777,0.175621086,0.261244822,7.659830041,0.119202474
p1rf0558.jpg,2.256269534,0.293815778,0.464841554,1.258763113,0.192187932,0.205165834,7.462516329,0.124241536
p1rt0559.jpg,1.273754723,0.111635844,0.539373366,1.387512102,0.068993083,0.113768785,6.255898918,0.119248047
p1rt0560.jpg,1.436402425,0.09041665,0.51842633,1.31633709,0.05146982,0.105688124,6.171908878,0.118878581
p1rt0561.jpg,1.142202109,0.114822021,0.53716765,1.413514368,0.053278044,0.099381124,6.210281471,0.119882813
p1rt0562.jpg,1.14522335,0.094560835,0.533647301,1.344919121,0.046896646,0.103149179,6.165520168,0.121350911
p1rt0563.jpg,1.412332752,0.085608025,0.541466376,1.365585894,0.05263251,0.111067436,6.326151655,0.115244141
p1rt0564.jpg,1.18202027,0.104036625,0.542748021,1.45051268,0.057774918,0.115407449,6.305591596,0.122443034
