statefp10,countyfp10,tractce10,commarea,geoid10,name10,commarea_n,Community Area Name,namelsad10,Census Tract Match,Fixed Tract Match,block_group_code
17,31,842400,44,17031842400,8424,44,CHATHAM,8424,8424,842400,170318424003
17,31,840300,59,17031840300,8403,59,MCKINLEY PARK,8403,8403,840300,170318403001
17,31,841100,34,17031841100,8411,34,ARMOUR SQUARE,8411,8411,841100,170318411002
17,31,841200,31,17031841200,8412,31,LOWER WEST SIDE,8412,8412,841200,170318412003
17,31,838200,28,17031838200,8382,28,NEAR WEST SIDE,8382,8382,838200,170318382001
17,31,650301,65,17031650301,6503.01,65,WEST LAWN,6503.01,6503.01,650301,170316503011
17,31,530503,53,17031530503,5305.03,53,WEST PULLMAN,5305.03,5305.03,530503,170315305032
17,31,760803,76,17031760803,7608.03,76,OHARE,7608.03,7608.03,760803,170317608032
17,31,540102,54,17031540102,5401.02,54,RIVERDALE,5401.02,5401.02,540102,170315401023
17,31,540101,54,17031540101,5401.01,54,RIVERDALE,5401.01,5401.01,540101,170315401013
17,31,440201,44,17031440201,4402.01,44,CHATHAM,4402.01,4402.01,440201,170314402012
17,31,839000,32,17031839000,8390,32,LOOP,8390,8390,839000,170318390003
17,31,30601,77,17031030601,306.01,77,EDGEWATER,306.01,306.01,30601,170310306013
17,31,30604,77,17031030604,306.04,77,EDGEWATER,306.04,306.04,30604,170310306041
17,31,20801,2,17031020801,208.01,2,WEST RIDGE,208.01,208.01,20801,170310208012
17,31,843300,29,17031843300,8433,29,NORTH LAWNDALE,8433,8433,843300,170318433001
17,31,80202,8,17031080202,802.02,8,NEAR NORTH SIDE,802.02,802.02,80202,170310802021
17,31,70102,7,17031070102,701.02,7,LINCOLN PARK,701.02,701.02,70102,170310701023
17,31,31501,3,17031031501,315.01,3,UPTOWN,315.01,315.01,31501,170310315011
17,31,31502,3,17031031502,315.02,3,UPTOWN,315.02,315.02,31502,170310315023
17,31,834900,67,17031834900,8349,67,WEST ENGLEWOOD,8349,8349,834900,170318349001
17,31,834800,68,17031834800,8348,68,ENGLEWOOD,8348,8348,834800,170318348003
17,31,160502,16,17031160502,1605.02,16,IRVING PARK,1605.02,1605.02,160502,170311605023
17,31,140702,14,17031140702,1407.02,14,ALBANY PARK,1407.02,1407.02,140702,170311407022
17,31,842000,35,17031842000,8420,35,DOUGLAS,8420,8420,842000,170318420001
17,31,150402,15,17031150402,1504.02,15,PORTAGE PARK,1504.02,1504.02,150402,170311504022
17,31,834400,42,17031834400,8344,42,WOODLAWN,8344,8344,834400,170318344003
17,31,40201,4,17031040201,402.01,4,LINCOLN SQUARE,402.01,402.01,40201,170310402012
17,31,40202,4,17031040202,402.02,4,LINCOLN SQUARE,402.02,402.02,40202,170310402022
17,31,20702,2,17031020702,207.02,2,WEST RIDGE,207.02,207.02,20702,170310207021
17,31,20802,2,17031020802,208.02,2,WEST RIDGE,208.02,208.02,20802,170310208022
17,31,20301,2,17031020301,203.01,2,WEST RIDGE,203.01,203.01,20301,170310203012
17,31,838700,29,17031838700,8387,29,NORTH LAWNDALE,8387,8387,838700,170318387003
17,31,841500,29,17031841500,8415,29,NORTH LAWNDALE,8415,8415,841500,170318415001
17,31,838600,29,17031838600,8386,29,NORTH LAWNDALE,8386,8386,838600,170318386001
17,31,837300,27,17031837300,8373,27,EAST GARFIELD PARK,8373,8373,837300,170318373001
17,31,837800,28,17031837800,8378,28,NEAR WEST SIDE,8378,8378,837800,170318378002
17,31,837400,27,17031837400,8374,27,EAST GARFIELD PARK,8374,8374,837400,170318374001
17,31,836900,27,17031836900,8369,27,EAST GARFIELD PARK,8369,8369,836900,170318369001
17,31,20601,2,17031020601,206.01,2,WEST RIDGE,206.01,206.01,20601,170310206012
17,31,20602,2,17031020602,206.02,2,WEST RIDGE,206.02,206.02,20602,170310206022
17,31,20302,2,17031020302,203.02,2,WEST RIDGE,203.02,203.02,20302,170310203022
17,31,20902,2,17031020902,209.02,2,WEST RIDGE,209.02,209.02,20902,170310209021
17,31,10701,1,17031010701,107.01,1,ROGERS PARK,107.01,107.01,10701,170310107011
17,31,30103,77,17031030103,301.03,77,EDGEWATER,301.03,301.03,30103,170310301032
17,31,30102,77,17031030102,301.02,77,EDGEWATER,301.02,301.02,30102,170310301023
17,31,10502,1,17031010502,105.02,1,ROGERS PARK,105.02,105.02,10502,170310105021
17,31,10503,1,17031010503,105.03,1,ROGERS PARK,105.03,105.03,10503,170310105032
17,31,10702,1,17031010702,107.02,1,ROGERS PARK,107.02,107.02,10702,170310107024
17,31,837100,27,17031837100,8371,27,EAST GARFIELD PARK,8371,8371,837100,170318371002
17,31,837000,27,17031837000,8370,27,EAST GARFIELD PARK,8370,8370,837000,170318370001
17,31,10201,1,17031010201,102.01,1,ROGERS PARK,102.01,102.01,10201,170310102013
17,31,20901,2,17031020901,209.01,2,WEST RIDGE,209.01,209.01,20901,170310209011
17,31,40401,4,17031040401,404.01,4,LINCOLN SQUARE,404.01,404.01,40401,170310404014
17,31,210602,21,17031210602,2106.02,21,AVONDALE,2106.02,2106.02,210602,170312106021
17,31,160501,16,17031160501,1605.01,16,IRVING PARK,1605.01,1605.01,160501,170311605012
17,31,191302,19,17031191302,1913.02,19,BELMONT CRAGIN,1913.02,1913.02,191302,170311913022
17,31,190602,19,17031190602,1906.02,19,BELMONT CRAGIN,1906.02,1906.02,190602,170311906023
17,31,840200,60,17031840200,8402,60,BRIDGEPORT,8402,8402,840200,170318402001
17,31,530501,53,17031530501,5305.01,53,WEST PULLMAN,5305.01,5305.01,530501,170315305013
17,31,831400,25,17031831400,8314,25,AUSTIN,8314,8314,831400,170318314002
17,31,831300,25,17031831300,8313,25,AUSTIN,8313,8313,831300,170318313001
17,31,833000,28,17031833000,8330,28,NEAR WEST SIDE,8330,8330,833000,170318330002
17,31,760801,76,17031760801,7608.01,76,OHARE,7608.01,7608.01,760801,170317608012
17,31,20701,2,17031020701,207.01,2,WEST RIDGE,207.01,207.01,20701,170310207012
17,31,10501,1,17031010501,105.01,1,ROGERS PARK,105.01,105.01,10501,170310105013
17,31,252101,25,17031252101,2521.01,25,AUSTIN,2521.01,2521.01,252101,170312521011
17,31,252102,25,17031252102,2521.02,25,AUSTIN,2521.02,2521.02,252102,170312521023
17,31,252202,25,17031252202,2522.02,25,AUSTIN,2522.02,2522.02,252202,170312522022
17,31,220601,22,17031220601,2206.01,22,LOGAN SQUARE,2206.01,2206.01,220601,170312206011
17,31,210502,21,17031210502,2105.02,21,AVONDALE,2105.02,2105.02,210502,170312105023
17,31,220602,22,17031220602,2206.02,22,LOGAN SQUARE,2206.02,2206.02,220602,170312206021
17,31,220901,22,17031220901,2209.01,22,LOGAN SQUARE,2209.01,2209.01,220901,170312209011
17,31,220902,22,17031220902,2209.02,22,LOGAN SQUARE,2209.02,2209.02,220902,170312209022
17,31,200401,20,17031200401,2004.01,20,HERMOSA,2004.01,2004.01,200401,170312004011
17,31,200402,20,17031200402,2004.02,20,HERMOSA,2004.02,2004.02,200402,170312004023
17,31,191301,19,17031191301,1913.01,19,BELMONT CRAGIN,1913.01,1913.01,191301,170311913013
17,31,190601,19,17031190601,1906.01,19,BELMONT CRAGIN,1906.01,1906.01,190601,170311906012
17,31,190701,19,17031190701,1907.01,19,BELMONT CRAGIN,1907.01,1907.01,190701,170311907012
17,31,190702,19,17031190702,1907.02,19,BELMONT CRAGIN,1907.02,1907.02,190702,170311907021
17,31,190401,19,17031190401,1904.01,19,BELMONT CRAGIN,1904.01,1904.01,190401,170311904012
17,31,190402,19,17031190402,1904.02,19,BELMONT CRAGIN,1904.02,1904.02,190402,170311904021
17,31,832100,6,17031832100,8321,6,LAKE VIEW,8321,8321,832100,170318321002
17,31,843800,61,17031843800,8438,61,NEW CITY,8438,8438,843800,170318438001
17,31,842800,58,17031842800,8428,58,BRIGHTON PARK,8428,8428,842800,170318428004
17,31,980100,56,17031980100,9801,56,GARFIELD RIDGE,9801,9801,980100,170319801001
17,31,833300,28,17031833300,8333,28,NEAR WEST SIDE,8333,8333,833300,170318333001
17,31,832900,28,17031832900,8329,28,NEAR WEST SIDE,8329,8329,832900,170318329001
17,31,838000,28,17031838000,8380,28,NEAR WEST SIDE,8380,8380,838000,170318380002
17,31,838100,28,17031838100,8381,28,NEAR WEST SIDE,8381,8381,838100,170318381002
17,31,833100,28,17031833100,8331,28,NEAR WEST SIDE,8331,8331,833100,170318331003
17,31,839100,32,17031839100,8391,32,LOOP,8391,8391,839100,170318391002
17,31,30706,77,17031030706,307.06,77,EDGEWATER,307.06,307.06,30706,170310307061
17,31,150401,15,17031150401,1504.01,15,PORTAGE PARK,1504.01,1504.01,150401,170311504014
17,31,150501,15,17031150501,1505.01,15,PORTAGE PARK,1505.01,1505.01,150501,170311505012
17,31,842900,28,17031842900,8429,28,NEAR WEST SIDE,8429,8429,842900,170318429002
17,31,841900,28,17031841900,8419,28,NEAR WEST SIDE,8419,8419,841900,170318419001
17,31,843000,29,17031843000,8430,29,NORTH LAWNDALE,8430,8430,843000,170318430001
17,31,842100,23,17031842100,8421,23,HUMBOLDT PARK,8421,8421,842100,170318421002
17,31,80201,8,17031080201,802.01,8,NEAR NORTH SIDE,802.01,802.01,80201,170310802012
17,31,70101,7,17031070101,701.01,7,LINCOLN PARK,701.01,701.01,70101,170310701011
17,31,63301,6,17031063301,633.01,6,LAKE VIEW,633.01,633.01,63301,170310633012
17,31,63303,6,17031063303,633.03,6,LAKE VIEW,633.03,633.03,63303,170310633032
17,31,81201,8,17031081201,812.01,8,NEAR NORTH SIDE,812.01,812.01,81201,170310812013
17,31,81202,8,17031081202,812.02,8,NEAR NORTH SIDE,812.02,812.02,81202,170310812022
17,31,40402,4,17031040402,404.02,4,LINCOLN SQUARE,404.02,404.02,40402,170310404022
17,31,220702,22,17031220702,2207.02,22,LOGAN SQUARE,2207.02,2207.02,220702,170312207021
17,31,842200,8,17031842200,8422,8,NEAR NORTH SIDE,8422,8422,842200,170318422001
17,31,842300,24,17031842300,8423,24,WEST TOWN,8423,8423,842300,170318423001
17,31,843700,5,17031843700,8437,5,NORTH CENTER,8437,8437,843700,170318437001
17,31,835000,66,17031835000,8350,66,CHICAGO LAWN,8350,8350,835000,170318350001
17,31,835100,63,17031835100,8351,63,GAGE PARK,8351,8351,835100,170318351002
17,31,834700,68,17031834700,8347,68,ENGLEWOOD,8347,8347,834700,170318347003
17,31,151001,15,17031151001,1510.01,15,PORTAGE PARK,1510.01,1510.01,151001,170311510011
17,31,151002,15,17031151002,1510.02,15,PORTAGE PARK,1510.02,1510.02,151002,170311510021
17,31,160602,16,17031160602,1606.02,16,IRVING PARK,1606.02,1606.02,160602,170311606022
17,31,140601,14,17031140601,1406.01,14,ALBANY PARK,1406.01,1406.01,140601,170311406011
17,31,140701,14,17031140701,1407.01,14,ALBANY PARK,1407.01,1407.01,140701,170311407011
17,31,140602,14,17031140602,1406.02,14,ALBANY PARK,1406.02,1406.02,140602,170311406022
17,31,140301,14,17031140301,1403.01,14,ALBANY PARK,1403.01,1403.01,140301,170311403011
17,31,841800,69,17031841800,8418,69,GREATER GRAND CROSSING,8418,8418,841800,170318418002
17,31,842500,69,17031842500,8425,69,GREATER GRAND CROSSING,8425,8425,842500,170318425001
17,31,842600,61,17031842600,8426,61,NEW CITY,8426,8426,842600,170318426003
17,31,843500,30,17031843500,8435,30,SOUTH LAWNDALE,8435,8435,843500,170318435001
17,31,843400,29,17031843400,8434,29,NORTH LAWNDALE,8434,8434,843400,170318434001
17,31,843200,31,17031843200,8432,31,LOWER WEST SIDE,8432,8432,843200,170318432002
17,31,140302,14,17031140302,1403.02,14,ALBANY PARK,1403.02,1403.02,140302,170311403021
17,31,110501,11,17031110501,1105.01,11,JEFFERSON PARK,1105.01,1105.01,110501,170311105014
17,31,110502,11,17031110502,1105.02,11,JEFFERSON PARK,1105.02,1105.02,110502,170311105022
17,31,760802,76,17031760802,7608.02,76,OHARE,7608.02,7608.02,760802,170317608021
17,31,150502,15,17031150502,1505.02,15,PORTAGE PARK,1505.02,1505.02,150502,170311505022
17,31,843100,29,17031843100,8431,29,NORTH LAWNDALE,8431,8431,843100,170318431002
17,31,834300,45,17031834300,8343,45,AVALON PARK,8343,8343,834300,170318343004
17,31,843900,42,17031843900,8439,42,WOODLAWN,8439,8439,843900,170318439003
17,31,831200,20,17031831200,8312,20,HERMOSA,8312,8312,831200,170318312001
17,31,831600,18,17031831600,8316,18,MONTCLARE,8316,8316,831600,170318316003
17,31,831500,19,17031831500,8315,19,BELMONT CRAGIN,8315,8315,831500,170318315002
17,31,831100,21,17031831100,8311,21,AVONDALE,8311,8311,831100,170318311003
17,31,831700,15,17031831700,8317,15,PORTAGE PARK,8317,8317,831700,170318317001
17,31,440202,44,17031440202,4402.02,44,CHATHAM,4402.02,4402.02,440202,170314402023
17,31,440102,44,17031440102,4401.02,44,CHATHAM,4401.02,4401.02,440102,170314401024
17,31,430102,43,17031430102,4301.02,43,SOUTH SHORE,4301.02,4301.02,430102,170314301022
17,31,30702,77,17031030702,307.02,77,EDGEWATER,307.02,307.02,30702,170310307021
17,31,30603,77,17031030603,306.03,77,EDGEWATER,306.03,306.03,30603,170310306031
17,31,30701,77,17031030701,307.01,77,EDGEWATER,307.01,307.01,30701,170310307011
17,31,840800,30,17031840800,8408,30,SOUTH LAWNDALE,8408,8408,840800,170318408002
17,31,836300,41,17031836300,8363,41,HYDE PARK,8363,8363,836300,170318363001
17,31,838300,8,17031838300,8383,8,NEAR NORTH SIDE,8383,8383,838300,170318383001
17,31,839800,60,17031839800,8398,60,BRIDGEPORT,8398,8398,839800,170318398001
17,31,836600,23,17031836600,8366,23,HUMBOLDT PARK,8366,8366,836600,170318366002
17,31,730202,73,17031730202,7302.02,73,WASHINGTON HEIGHTS,7302.02,7302.02,730202,170317302023
17,31,430101,43,17031430101,4301.01,43,SOUTH SHORE,4301.01,4301.01,430101,170314301011
17,31,63302,6,17031063302,633.02,6,LAKE VIEW,633.02,633.02,63302,170310633023
17,31,836200,41,17031836200,8362,41,HYDE PARK,8362,8362,836200,170318362001
17,31,840100,60,17031840100,8401,60,BRIDGEPORT,8401,8401,840100,170318401001
17,31,580502,58,17031580502,5805.02,58,BRIGHTON PARK,5805.02,5805.02,580502,170315805023
17,31,841400,29,17031841400,8414,29,NORTH LAWNDALE,8414,8414,841400,170318414001
17,31,81401,8,17031081401,814.01,8,NEAR NORTH SIDE,814.01,814.01,81401,170310814011
17,31,81403,8,17031081403,814.03,8,NEAR NORTH SIDE,814.03,814.03,81403,170310814033
17,31,30703,77,17031030703,307.03,77,EDGEWATER,307.03,307.03,30703,170310307032
17,31,836000,38,17031836000,8360,38,GRAND BOULEVARD,8360,8360,836000,170318360001
17,31,835800,38,17031835800,8358,38,GRAND BOULEVARD,8358,8358,835800,170318358001
17,31,835900,38,17031835900,8359,38,GRAND BOULEVARD,8359,8359,835900,170318359002
17,31,834500,40,17031834500,8345,40,WASHINGTON PARK,8345,8345,834500,170318345001
17,31,843600,38,17031843600,8436,38,GRAND BOULEVARD,8436,8436,843600,170318436002
17,31,834600,68,17031834600,8346,68,ENGLEWOOD,8346,8346,834600,170318346001
17,31,831800,13,17031831800,8318,13,NORTH PARK,8318,8318,831800,170318318004
17,31,832600,7,17031832600,8326,7,LINCOLN PARK,8326,8326,832600,170318326003
17,31,61901,6,17031061901,619.01,6,LAKE VIEW,619.01,619.01,61901,170310619011
17,31,770602,76,17031770602,7706.02,76,OHARE,7706.02,7706.02,770602,170317706023
17,31,839700,60,17031839700,8397,60,BRIDGEPORT,8397,8397,839700,170318397003
17,31,839900,60,17031839900,8399,60,BRIDGEPORT,8399,8399,839900,170318399004
17,31,835200,56,17031835200,8352,56,GARFIELD RIDGE,8352,8352,835200,170318352001
17,31,838800,51,17031838800,8388,51,SOUTH DEERING,8388,8388,838800,170318388002
17,31,833900,46,17031833900,8339,46,SOUTH CHICAGO,8339,8339,833900,170318339001
17,31,836800,27,17031836800,8368,27,EAST GARFIELD PARK,8368,8368,836800,170318368002
17,31,836700,23,17031836700,8367,23,HUMBOLDT PARK,8367,8367,836700,170318367002
17,31,832200,22,17031832200,8322,22,LOGAN SQUARE,8322,8322,832200,170318322003
17,31,831000,22,17031831000,8310,22,LOGAN SQUARE,8310,8310,831000,170318310001
17,31,832400,22,17031832400,8324,22,LOGAN SQUARE,8324,8324,832400,170318324001
17,31,770902,76,17031770902,7709.02,76,OHARE,7709.02,7709.02,770902,170317709021
17,31,660301,66,17031660301,6603.01,66,CHICAGO LAWN,6603.01,6603.01,660301,170316603011
17,31,660302,66,17031660302,6603.02,66,CHICAGO LAWN,6603.02,6603.02,660302,170316603021
17,31,252201,25,17031252201,2522.01,25,AUSTIN,2522.01,2522.01,252201,170312522012
17,31,70103,7,17031070103,701.03,7,LINCOLN PARK,701.03,701.03,70103,170310701031
17,31,220701,22,17031220701,2207.01,22,LOGAN SQUARE,2207.01,2207.01,220701,170312207011
17,31,834000,49,17031834000,8340,49,ROSELAND,8340,8340,834000,170318340001
17,31,834200,43,17031834200,8342,43,SOUTH SHORE,8342,8342,834200,170318342003
17,31,835500,37,17031835500,8355,37,FULLER PARK,8355,8355,835500,170318355001
17,31,839500,35,17031839500,8395,35,DOUGLAS,8395,8395,839500,170318395001
17,31,839200,35,17031839200,8392,35,DOUGLAS,8392,8392,839200,170318392002
17,31,840400,59,17031840400,8404,59,MCKINLEY PARK,8404,8404,840400,170318404002
17,31,841000,33,17031841000,8410,33,NEAR SOUTH SIDE,8410,8410,841000,170318410001
17,31,301802,30,17031301802,3018.02,30,SOUTH LAWNDALE,3018.02,3018.02,301802,170313018021
17,31,730201,73,17031730201,7302.01,73,WASHINGTON HEIGHTS,7302.01,7302.01,730201,170317302014
17,31,580501,58,17031580501,5805.01,58,BRIGHTON PARK,5805.01,5805.01,580501,170315805011
17,31,700302,70,17031700302,7003.02,70,ASHBURN,7003.02,7003.02,700302,170317003022
17,31,700402,70,17031700402,7004.02,70,ASHBURN,7004.02,7004.02,700402,170317004021
17,31,700401,70,17031700401,7004.01,70,ASHBURN,7004.01,7004.01,700401,170317004014
17,31,830500,30,17031830500,8305,30,SOUTH LAWNDALE,8305,8305,830500,170318305001
17,31,841700,30,17031841700,8417,30,SOUTH LAWNDALE,8417,8417,841700,170318417001
17,31,841600,29,17031841600,8416,29,NORTH LAWNDALE,8416,8416,841600,170318416001
17,31,840700,30,17031840700,8407,30,SOUTH LAWNDALE,8407,8407,840700,170318407001
17,31,841300,31,17031841300,8413,31,LOWER WEST SIDE,8413,8413,841300,170318413002
17,31,301801,30,17031301801,3018.01,30,SOUTH LAWNDALE,3018.01,3018.01,301801,170313018011
17,31,530502,53,17031530502,5305.02,53,WEST PULLMAN,5305.02,5305.02,530502,170315305021
17,31,71400,7,17031071400,714,7,LINCOLN PARK,714,714,71400,170310714003
17,31,71600,7,17031071600,716,7,LINCOLN PARK,716,716,71600,170310716001
17,31,832300,22,17031832300,8323,22,LOGAN SQUARE,8323,8323,832300,170318323001
17,31,832500,7,17031832500,8325,7,LINCOLN PARK,8325,8325,832500,170318325002
17,31,832000,6,17031832000,8320,6,LAKE VIEW,8320,8320,832000,170318320001
17,31,30104,77,17031030104,301.04,77,EDGEWATER,301.04,301.04,30104,170310301042
17,31,30101,77,17031030101,301.01,77,EDGEWATER,301.01,301.01,30101,170310301011
17,31,160601,16,17031160601,1606.01,16,IRVING PARK,1606.01,1606.01,160601,170311606012
17,31,210501,21,17031210501,2105.01,21,AVONDALE,2105.01,2105.01,210501,170312105011
17,31,210601,21,17031210601,2106.01,21,AVONDALE,2106.01,2106.01,210601,170312106012
17,31,700502,70,17031700502,7005.02,70,ASHBURN,7005.02,7005.02,700502,170317005022
17,31,836100,40,17031836100,8361,40,WASHINGTON PARK,8361,8361,836100,170318361001
17,31,835700,38,17031835700,8357,38,GRAND BOULEVARD,8357,8357,835700,170318357001
17,31,836400,36,17031836400,8364,36,OAKLAND,8364,8364,836400,170318364001
17,31,836500,36,17031836500,8365,36,OAKLAND,8365,8365,836500,170318365002
17,31,839600,35,17031839600,8396,35,DOUGLAS,8396,8396,839600,170318396001
17,31,840000,60,17031840000,8400,60,BRIDGEPORT,8400,8400,840000,170318400002
17,31,835600,37,17031835600,8356,37,FULLER PARK,8356,8356,835600,170318356002
17,31,830800,4,17031830800,8308,4,LINCOLN SQUARE,8308,8308,830800,170318308003
17,31,460301,46,17031460301,4603.01,46,SOUTH CHICAGO,4603.01,4603.01,460301,170314603012
17,31,301701,30,17031301701,3017.01,30,SOUTH LAWNDALE,3017.01,3017.01,301701,170313017012
17,31,310400,31,17031310400,3104,31,LOWER WEST SIDE,3104,3104,310400,170313104001
17,31,530100,53,17031530100,5301,53,WEST PULLMAN,5301,5301,530100,170315301002
17,31,81100,8,17031081100,811,8,NEAR NORTH SIDE,811,811,81100,170310811001
17,31,150700,15,17031150700,1507,15,PORTAGE PARK,1507,1507,150700,170311507001
17,31,640100,64,17031640100,6401,64,CLEARING,6401,6401,640100,170316401001
17,31,81300,8,17031081300,813,8,NEAR NORTH SIDE,813,813,81300,170310813002
17,31,301702,30,17031301702,3017.02,30,SOUTH LAWNDALE,3017.02,3017.02,301702,170313017022
17,31,700301,70,17031700301,7003.01,70,ASHBURN,7003.01,7003.01,700301,170317003013
17,31,490902,49,17031490902,4909.02,49,ROSELAND,4909.02,4909.02,490902,170314909023
17,31,490901,49,17031490901,4909.01,49,ROSELAND,4909.01,4909.01,490901,170314909012
17,31,650302,65,17031650302,6503.02,65,WEST LAWN,6503.02,6503.02,650302,170316503022
17,31,831900,6,17031831900,8319,6,LAKE VIEW,8319,8319,831900,170318319002
17,31,830900,22,17031830900,8309,22,LOGAN SQUARE,8309,8309,830900,170318309003
17,31,830700,3,17031830700,8307,3,UPTOWN,8307,8307,830700,170318307004
17,31,830600,1,17031830600,8306,1,ROGERS PARK,8306,8306,830600,170318306003
17,31,700501,70,17031700501,7005.01,70,ASHBURN,7005.01,7005.01,700501,170317005015
17,31,460302,46,17031460302,4603.02,46,SOUTH CHICAGO,4603.02,4603.02,460302,170314603023
17,31,431302,43,17031431302,4313.02,43,SOUTH SHORE,4313.02,4313.02,431302,170314313022
17,31,431301,43,17031431301,4313.01,43,SOUTH SHORE,4313.01,4313.01,431301,170314313011
17,31,440101,44,17031440101,4401.01,44,CHATHAM,4401.01,4401.01,440101,170314401014
17,31,301803,30,17031301803,3018.03,30,SOUTH LAWNDALE,3018.03,3018.03,301803,170313018032
17,31,310200,31,17031310200,3102,31,LOWER WEST SIDE,3102,3102,310200,170313102001
17,31,310300,31,17031310300,3103,31,LOWER WEST SIDE,3103,3103,310300,170313103001
17,31,310500,31,17031310500,3105,31,LOWER WEST SIDE,3105,3105,310500,170313105001
17,31,510300,51,17031510300,5103,51,SOUTH DEERING,5103,5103,510300,170315103004
17,31,491400,49,17031491400,4914,49,ROSELAND,4914,4914,491400,170314914001
17,31,500200,50,17031500200,5002,50,PULLMAN,5002,5002,500200,170315002001
17,31,530200,53,17031530200,5302,53,WEST PULLMAN,5302,5302,530200,170315302003
17,31,740100,74,17031740100,7401,74,MOUNT GREENWOOD,7401,7401,740100,170317401003
17,31,140500,14,17031140500,1405,14,ALBANY PARK,1405,1405,140500,170311405002
17,31,140800,14,17031140800,1408,14,ALBANY PARK,1408,1408,140800,170311408005
17,31,150200,15,17031150200,1502,15,PORTAGE PARK,1502,1502,150200,170311502004
17,31,150300,15,17031150300,1503,15,PORTAGE PARK,1503,1503,150300,170311503006
17,31,300900,30,17031300900,3009,30,SOUTH LAWNDALE,3009,3009,300900,170313009003
17,31,301100,30,17031301100,3011,30,SOUTH LAWNDALE,3011,3011,301100,170313011002
17,31,301200,30,17031301200,3012,30,SOUTH LAWNDALE,3012,3012,301200,170313012003
17,31,740400,74,17031740400,7404,74,MOUNT GREENWOOD,7404,7404,740400,170317404001
17,31,640300,64,17031640300,6403,64,CLEARING,6403,6403,640300,170316403002
17,31,640600,64,17031640600,6406,64,CLEARING,6406,6406,640600,170316406003
17,31,10400,1,17031010400,104,1,ROGERS PARK,104,104,10400,170310104002
17,31,20400,2,17031020400,204,2,WEST RIDGE,204,204,20400,170310204003
17,31,160300,16,17031160300,1603,16,IRVING PARK,1603,1603,160300,170311603003
17,31,310700,31,17031310700,3107,31,LOWER WEST SIDE,3107,3107,310700,170313107001
17,31,71500,7,17031071500,715,7,LINCOLN PARK,715,715,71500,170310715005
17,31,71700,7,17031071700,717,7,LINCOLN PARK,717,717,71700,170310717001
17,31,71800,7,17031071800,718,7,LINCOLN PARK,718,718,71800,170310718002
17,31,670500,67,17031670500,6705,67,WEST ENGLEWOOD,6705,6705,670500,170316705001
17,31,670600,67,17031670600,6706,67,WEST ENGLEWOOD,6706,6706,670600,170316706001
17,31,670700,67,17031670700,6707,67,WEST ENGLEWOOD,6707,6707,670700,170316707001
17,31,670800,67,17031670800,6708,67,WEST ENGLEWOOD,6708,6708,670800,170316708001
17,31,670900,67,17031670900,6709,67,WEST ENGLEWOOD,6709,6709,670900,170316709002
17,31,671100,67,17031671100,6711,67,WEST ENGLEWOOD,6711,6711,671100,170316711001
17,31,671200,67,17031671200,6712,67,WEST ENGLEWOOD,6712,6712,671200,170316712001
17,31,671300,67,17031671300,6713,67,WEST ENGLEWOOD,6713,6713,671300,170316713002
17,31,671400,67,17031671400,6714,67,WEST ENGLEWOOD,6714,6714,671400,170316714001
17,31,671500,67,17031671500,6715,67,WEST ENGLEWOOD,6715,6715,671500,170316715002
17,31,671600,67,17031671600,6716,67,WEST ENGLEWOOD,6716,6716,671600,170316716002
17,31,230500,23,17031230500,2305,23,HUMBOLDT PARK,2305,2305,230500,170312305001
17,31,230600,23,17031230600,2306,23,HUMBOLDT PARK,2306,2306,230600,170312306004
17,31,240600,24,17031240600,2406,24,WEST TOWN,2406,2406,240600,170312406001
17,31,241000,24,17031241000,2410,24,WEST TOWN,2410,2410,241000,170312410002
17,31,191000,19,17031191000,1910,19,BELMONT CRAGIN,1910,1910,191000,170311910002
17,31,80300,8,17031080300,803,8,NEAR NORTH SIDE,803,803,80300,170310803004
17,31,300800,30,17031300800,3008,30,SOUTH LAWNDALE,3008,3008,300800,170313008001
17,31,650200,65,17031650200,6502,65,WEST LAWN,6502,6502,650200,170316502004
17,31,660500,66,17031660500,6605,66,CHICAGO LAWN,6605,6605,660500,170316605001
17,31,221400,22,17031221400,2214,22,LOGAN SQUARE,2214,2214,221400,170312214001
17,31,161000,16,17031161000,1610,16,IRVING PARK,1610,1610,161000,170311610001
17,31,340600,34,17031340600,3406,34,ARMOUR SQUARE,3406,3406,340600,170313406001
17,31,670100,67,17031670100,6701,67,WEST ENGLEWOOD,6701,6701,670100,170316701002
17,31,240500,24,17031240500,2405,24,WEST TOWN,2405,2405,240500,170312405001
17,31,240700,24,17031240700,2407,24,WEST TOWN,2407,2407,240700,170312407001
17,31,240800,24,17031240800,2408,24,WEST TOWN,2408,2408,240800,170312408002
17,31,240900,24,17031240900,2409,24,WEST TOWN,2409,2409,240900,170312409001
17,31,241100,24,17031241100,2411,24,WEST TOWN,2411,2411,241100,170312411001
17,31,190300,19,17031190300,1903,19,BELMONT CRAGIN,1903,1903,190300,170311903004
17,31,190800,19,17031190800,1908,19,BELMONT CRAGIN,1908,1908,190800,170311908003
17,31,190900,19,17031190900,1909,19,BELMONT CRAGIN,1909,1909,190900,170311909001
17,31,191100,19,17031191100,1911,19,BELMONT CRAGIN,1911,1911,191100,170311911006
17,31,191200,19,17031191200,1912,19,BELMONT CRAGIN,1912,1912,191200,170311912001
17,31,80100,8,17031080100,801,8,NEAR NORTH SIDE,801,801,80100,170310801006
17,31,80400,8,17031080400,804,8,NEAR NORTH SIDE,804,804,80400,170310804001
17,31,81000,8,17031081000,810,8,NEAR NORTH SIDE,810,810,81000,170310810006
17,31,150600,15,17031150600,1506,15,PORTAGE PARK,1506,1506,150600,170311506003
17,31,301600,30,17031301600,3016,30,SOUTH LAWNDALE,3016,3016,301600,170313016002
17,31,821402,53,17031821402,8214.02,53,WEST PULLMAN,8214.02,8214.02,821402,170318214023
17,31,750300,75,17031750300,7503,75,MORGAN PARK,7503,7503,750300,170317503003
17,31,750100,75,17031750100,7501,75,MORGAN PARK,7501,7501,750100,170317501004
17,31,740200,74,17031740200,7402,74,MOUNT GREENWOOD,7402,7402,740200,170317402004
17,31,650400,65,17031650400,6504,65,WEST LAWN,6504,6504,650400,170316504003
17,31,650500,65,17031650500,6505,65,WEST LAWN,6505,6505,650500,170316505001
17,31,660600,66,17031660600,6606,66,CHICAGO LAWN,6606,6606,660600,170316606003
17,31,20500,2,17031020500,205,2,WEST RIDGE,205,205,20500,170310205003
17,31,221100,22,17031221100,2211,22,LOGAN SQUARE,2211,2211,221100,170312211003
17,31,221300,22,17031221300,2213,22,LOGAN SQUARE,2213,2213,221300,170312213003
17,31,221500,22,17031221500,2215,22,LOGAN SQUARE,2215,2215,221500,170312215001
17,31,221600,22,17031221600,2216,22,LOGAN SQUARE,2216,2216,221600,170312216001
17,31,160800,16,17031160800,1608,16,IRVING PARK,1608,1608,160800,170311608003
17,31,160900,16,17031160900,1609,16,IRVING PARK,1609,1609,160900,170311609001
17,31,161100,16,17031161100,1611,16,IRVING PARK,1611,1611,161100,170311611001
17,31,161200,16,17031161200,1612,16,IRVING PARK,1612,1612,161200,170311612001
17,31,161300,16,17031161300,1613,16,IRVING PARK,1613,1613,161300,170311613003
17,31,330200,33,17031330200,3302,33,NEAR SOUTH SIDE,3302,3302,330200,170313302002
17,31,420600,42,17031420600,4206,42,WOODLAWN,4206,4206,420600,170314206001
17,31,420700,42,17031420700,4207,42,WOODLAWN,4207,4207,420700,170314207001
17,31,661000,66,17031661000,6610,66,CHICAGO LAWN,6610,6610,661000,170316610001
17,31,823304,75,17031823304,8233.04,75,MORGAN PARK,8233.04,8233.04,823304,170318233045
17,31,640400,64,17031640400,6404,64,CLEARING,6404,6404,640400,170316404001
17,31,640500,64,17031640500,6405,64,CLEARING,6405,6405,640500,170316405002
17,31,640700,64,17031640700,6407,64,CLEARING,6407,6407,640700,170316407002
17,31,640800,64,17031640800,6408,64,CLEARING,6408,6408,640800,170316408002
17,31,650100,65,17031650100,6501,65,WEST LAWN,6501,6501,650100,170316501003
17,31,10100,1,17031010100,101,1,ROGERS PARK,101,101,10100,170310101002
17,31,20100,2,17031020100,201,2,WEST RIDGE,201,201,20100,170310201001
17,31,151200,15,17031151200,1512,15,PORTAGE PARK,1512,1512,151200,170311512003
17,31,310800,31,17031310800,3108,31,LOWER WEST SIDE,3108,3108,310800,170313108003
17,31,660400,66,17031660400,6604,66,CHICAGO LAWN,6604,6604,660400,170316604003
17,31,670400,67,17031670400,6704,67,WEST ENGLEWOOD,6704,6704,670400,170316704001
17,31,340400,34,17031340400,3404,34,ARMOUR SQUARE,3404,3404,340400,170313404001
17,31,420800,42,17031420800,4208,42,WOODLAWN,4208,4208,420800,170314208002
17,31,421200,42,17031421200,4212,42,WOODLAWN,4212,4212,421200,170314212002
17,31,661100,66,17031661100,6611,66,CHICAGO LAWN,6611,6611,661100,170316611005
17,31,222500,22,17031222500,2225,22,LOGAN SQUARE,2225,2225,222500,170312225001
17,31,222800,22,17031222800,2228,22,LOGAN SQUARE,2228,2228,222800,170312228001
17,31,230300,23,17031230300,2303,23,HUMBOLDT PARK,2303,2303,230300,170312303001
17,31,351500,35,17031351500,3515,35,DOUGLAS,3515,3515,351500,170313515001
17,31,381500,38,17031381500,3815,38,GRAND BOULEVARD,3815,3815,381500,170313815001
17,31,190200,19,17031190200,1902,19,BELMONT CRAGIN,1902,1902,190200,170311902002
17,31,390600,39,17031390600,3906,39,KENWOOD,3906,3906,390600,170313906001
17,31,10300,1,17031010300,103,1,ROGERS PARK,103,103,10300,170310103003
17,31,10600,1,17031010600,106,1,ROGERS PARK,106,106,10600,170310106002
17,31,20200,2,17031020200,202,2,WEST RIDGE,202,202,20200,170310202003
17,31,150800,15,17031150800,1508,15,PORTAGE PARK,1508,1508,150800,170311508005
17,31,151100,15,17031151100,1511,15,PORTAGE PARK,1511,1511,151100,170311511002
17,31,160100,16,17031160100,1601,16,IRVING PARK,1601,1601,160100,170311601001
17,31,160200,16,17031160200,1602,16,IRVING PARK,1602,1602,160200,170311602004
17,31,160400,16,17031160400,1604,16,IRVING PARK,1604,1604,160400,170311604001
17,31,310600,31,17031310600,3106,31,LOWER WEST SIDE,3106,3106,310600,170313106003
17,31,310900,31,17031310900,3109,31,LOWER WEST SIDE,3109,3109,310900,170313109003
17,31,320400,32,17031320400,3204,32,LOOP,3204,3204,320400,170313204001
17,31,320600,32,17031320600,3206,32,LOOP,3206,3206,320600,170313206001
17,31,740300,74,17031740300,7403,74,MOUNT GREENWOOD,7403,7403,740300,170317403004
17,31,660700,66,17031660700,6607,66,CHICAGO LAWN,6607,6607,660700,170316607002
17,31,221200,22,17031221200,2212,22,LOGAN SQUARE,2212,2212,221200,170312212001
17,31,160700,16,17031160700,1607,16,IRVING PARK,1607,1607,160700,170311607002
17,31,222200,22,17031222200,2222,22,LOGAN SQUARE,2222,2222,222200,170312222001
17,31,330100,33,17031330100,3301,33,NEAR SOUTH SIDE,3301,3301,330100,170313301001
17,31,340300,34,17031340300,3403,34,ARMOUR SQUARE,3403,3403,340300,170313403001
17,31,340500,34,17031340500,3405,34,ARMOUR SQUARE,3405,3405,340500,170313405001
17,31,350400,35,17031350400,3504,35,DOUGLAS,3504,3504,350400,170313504001
17,31,750500,75,17031750500,7505,75,MORGAN PARK,7505,7505,750500,170317505003
17,31,750400,75,17031750400,7504,75,MORGAN PARK,7504,7504,750400,170317504002
17,31,750200,75,17031750200,7502,75,MORGAN PARK,7502,7502,750200,170317502003
17,31,430200,43,17031430200,4302,43,SOUTH SHORE,4302,4302,430200,170314302003
17,31,660800,66,17031660800,6608,66,CHICAGO LAWN,6608,6608,660800,170316608001
17,31,660900,66,17031660900,6609,66,CHICAGO LAWN,6609,6609,660900,170316609003
17,31,670200,67,17031670200,6702,67,WEST ENGLEWOOD,6702,6702,670200,170316702001
17,31,670300,67,17031670300,6703,67,WEST ENGLEWOOD,6703,6703,670300,170316703001
17,31,222600,22,17031222600,2226,22,LOGAN SQUARE,2226,2226,222600,170312226001
17,31,222700,22,17031222700,2227,22,LOGAN SQUARE,2227,2227,222700,170312227002
17,31,222900,22,17031222900,2229,22,LOGAN SQUARE,2229,2229,222900,170312229001
17,31,230100,23,17031230100,2301,23,HUMBOLDT PARK,2301,2301,230100,170312301001
17,31,230200,23,17031230200,2302,23,HUMBOLDT PARK,2302,2302,230200,170312302001
17,31,230400,23,17031230400,2304,23,HUMBOLDT PARK,2304,2304,230400,170312304002
17,31,170400,17,17031170400,1704,17,DUNNING,1704,1704,170400,170311704003
17,31,380700,38,17031380700,3807,38,GRAND BOULEVARD,3807,3807,380700,170313807001
17,31,381900,38,17031381900,3819,38,GRAND BOULEVARD,3819,3819,381900,170313819001
17,31,390200,39,17031390200,3902,39,KENWOOD,3902,3902,390200,170313902001
17,31,171000,17,17031171000,1710,17,DUNNING,1710,1710,171000,170311710002
17,31,180100,18,17031180100,1801,18,MONTCLARE,1801,1801,180100,170311801002
17,31,390300,39,17031390300,3903,39,KENWOOD,3903,3903,390300,170313903001
17,31,390500,39,17031390500,3905,39,KENWOOD,3905,3905,390500,170313905001
17,31,390700,39,17031390700,3907,39,KENWOOD,3907,3907,390700,170313907003
17,31,400300,40,17031400300,4003,40,WASHINGTON PARK,4003,4003,400300,170314003001
17,31,400400,40,17031400400,4004,40,WASHINGTON PARK,4004,4004,400400,170314004001
17,31,400500,40,17031400500,4005,40,WASHINGTON PARK,4005,4005,400500,170314005001
17,31,400800,40,17031400800,4008,40,WASHINGTON PARK,4008,4008,400800,170314008001
17,31,410100,41,17031410100,4101,41,HYDE PARK,4101,4101,410100,170314101002
17,31,440300,44,17031440300,4403,44,CHATHAM,4403,4403,440300,170314403001
17,31,440700,44,17031440700,4407,44,CHATHAM,4407,4407,440700,170314407001
17,31,671800,67,17031671800,6718,67,WEST ENGLEWOOD,6718,6718,671800,170316718001
17,31,680500,68,17031680500,6805,68,ENGLEWOOD,6805,6805,680500,170316805002
17,31,681100,68,17031681100,6811,68,ENGLEWOOD,6811,6811,681100,170316811004
17,31,200100,20,17031200100,2001,20,HERMOSA,2001,2001,200100,170312001003
17,31,410200,41,17031410200,4102,41,HYDE PARK,4102,4102,410200,170314102001
17,31,170600,17,17031170600,1706,17,DUNNING,1706,1706,170600,170311706002
17,31,380500,38,17031380500,3805,38,GRAND BOULEVARD,3805,3805,380500,170313805001
17,31,381700,38,17031381700,3817,38,GRAND BOULEVARD,3817,3817,381700,170313817001
17,31,430300,43,17031430300,4303,43,SOUTH SHORE,4303,4303,430300,170314303002
17,31,430700,43,17031430700,4307,43,SOUTH SHORE,4307,4307,430700,170314307001
17,31,430800,43,17031430800,4308,43,SOUTH SHORE,4308,4308,430800,170314308001
17,31,430900,43,17031430900,4309,43,SOUTH SHORE,4309,4309,430900,170314309002
17,31,431200,43,17031431200,4312,43,SOUTH SHORE,4312,4312,431200,170314312001
17,31,431400,43,17031431400,4314,43,SOUTH SHORE,4314,4314,431400,170314314004
17,31,230800,23,17031230800,2308,23,HUMBOLDT PARK,2308,2308,230800,170312308001
17,31,231100,23,17031231100,2311,23,HUMBOLDT PARK,2311,2311,231100,170312311001
17,31,170900,17,17031170900,1709,17,DUNNING,1709,1709,170900,170311709001
17,31,210100,21,17031210100,2101,21,AVONDALE,2101,2101,210100,170312101002
17,31,420200,42,17031420200,4202,42,WOODLAWN,4202,4202,420200,170314202001
17,31,420300,42,17031420300,4203,42,WOODLAWN,4203,4203,420300,170314203001
17,31,440600,44,17031440600,4406,44,CHATHAM,4406,4406,440600,170314406002
17,31,440800,44,17031440800,4408,44,CHATHAM,4408,4408,440800,170314408002
17,31,440900,44,17031440900,4409,44,CHATHAM,4409,4409,440900,170314409001
17,31,450300,45,17031450300,4503,45,AVALON PARK,4503,4503,450300,170314503001
17,31,671900,67,17031671900,6719,67,WEST ENGLEWOOD,6719,6719,671900,170316719001
17,31,672000,67,17031672000,6720,67,WEST ENGLEWOOD,6720,6720,672000,170316720004
17,31,680600,68,17031680600,6806,68,ENGLEWOOD,6806,6806,680600,170316806001
17,31,680900,68,17031680900,6809,68,ENGLEWOOD,6809,6809,680900,170316809004
17,31,681000,68,17031681000,6810,68,ENGLEWOOD,6810,6810,681000,170316810003
17,31,240200,24,17031240200,2402,24,WEST TOWN,2402,2402,240200,170312402001
17,31,240300,24,17031240300,2403,24,WEST TOWN,2403,2403,240300,170312403001
17,31,200200,20,17031200200,2002,20,HERMOSA,2002,2002,200200,170312002002
17,31,410500,41,17031410500,4105,41,HYDE PARK,4105,4105,410500,170314105001
17,31,410600,41,17031410600,4106,41,HYDE PARK,4106,4106,410600,170314106001
17,31,170100,17,17031170100,1701,17,DUNNING,1701,1701,170100,170311701001
17,31,170200,17,17031170200,1702,17,DUNNING,1702,1702,170200,170311702003
17,31,170300,17,17031170300,1703,17,DUNNING,1703,1703,170300,170311703003
17,31,170500,17,17031170500,1705,17,DUNNING,1705,1705,170500,170311705004
17,31,351400,35,17031351400,3514,35,DOUGLAS,3514,3514,351400,170313514001
17,31,381200,38,17031381200,3812,38,GRAND BOULEVARD,3812,3812,381200,170313812001
17,31,381400,38,17031381400,3814,38,GRAND BOULEVARD,3814,3814,381400,170313814001
17,31,381800,38,17031381800,3818,38,GRAND BOULEVARD,3818,3818,381800,170313818001
17,31,390100,39,17031390100,3901,39,KENWOOD,3901,3901,390100,170313901001
17,31,430400,43,17031430400,4304,43,SOUTH SHORE,4304,4304,430400,170314304003
17,31,430500,43,17031430500,4305,43,SOUTH SHORE,4305,4305,430500,170314305003
17,31,430600,43,17031430600,4306,43,SOUTH SHORE,4306,4306,430600,170314306002
17,31,230700,23,17031230700,2307,23,HUMBOLDT PARK,2307,2307,230700,170312307003
17,31,230900,23,17031230900,2309,23,HUMBOLDT PARK,2309,2309,230900,170312309002
17,31,231200,23,17031231200,2312,23,HUMBOLDT PARK,2312,2312,231200,170312312005
17,31,170700,17,17031170700,1707,17,DUNNING,1707,1707,170700,170311707001
17,31,170800,17,17031170800,1708,17,DUNNING,1708,1708,170800,170311708003
17,31,171100,17,17031171100,1711,17,DUNNING,1711,1711,171100,170311711002
17,31,190100,19,17031190100,1901,19,BELMONT CRAGIN,1901,1901,190100,170311901001
17,31,390400,39,17031390400,3904,39,KENWOOD,3904,3904,390400,170313904002
17,31,242200,24,17031242200,2422,24,WEST TOWN,2422,2422,242200,170312422001
17,31,200300,20,17031200300,2003,20,HERMOSA,2003,2003,200300,170312003002
17,31,210400,21,17031210400,2104,21,AVONDALE,2104,2104,210400,170312104001
17,31,210700,21,17031210700,2107,21,AVONDALE,2107,2107,210700,170312107001
17,31,210800,21,17031210800,2108,21,AVONDALE,2108,2108,210800,170312108001
17,31,210900,21,17031210900,2109,21,AVONDALE,2109,2109,210900,170312109001
17,31,220300,22,17031220300,2203,22,LOGAN SQUARE,2203,2203,220300,170312203002
17,31,420100,42,17031420100,4201,42,WOODLAWN,4201,4201,420100,170314201001
17,31,420400,42,17031420400,4204,42,WOODLAWN,4204,4204,420400,170314204001
17,31,420500,42,17031420500,4205,42,WOODLAWN,4205,4205,420500,170314205001
17,31,470100,47,17031470100,4701,47,BURNSIDE,4701,4701,470100,170314701002
17,31,480100,48,17031480100,4801,48,CALUMET HEIGHTS,4801,4801,480100,170314801001
17,31,691000,69,17031691000,6910,69,GREATER GRAND CROSSING,6910,6910,691000,170316910002
17,31,691300,69,17031691300,6913,69,GREATER GRAND CROSSING,6913,6913,691300,170316913001
17,31,242300,24,17031242300,2423,24,WEST TOWN,2423,2423,242300,170312423002
17,31,411100,41,17031411100,4111,41,HYDE PARK,4111,4111,411100,170314111001
17,31,460400,46,17031460400,4604,46,SOUTH CHICAGO,4604,4604,460400,170314604003
17,31,681200,68,17031681200,6812,68,ENGLEWOOD,6812,6812,681200,170316812004
17,31,690500,69,17031690500,6905,69,GREATER GRAND CROSSING,6905,6905,690500,170316905001
17,31,241400,24,17031241400,2414,24,WEST TOWN,2414,2414,241400,170312414003
17,31,241500,24,17031241500,2415,24,WEST TOWN,2415,2415,241500,170312415002
17,31,241600,24,17031241600,2416,24,WEST TOWN,2416,2416,241600,170312416001
17,31,242000,24,17031242000,2420,24,WEST TOWN,2420,2420,242000,170312420003
17,31,243300,24,17031243300,2433,24,WEST TOWN,2433,2433,243300,170312433002
17,31,491200,49,17031491200,4912,49,ROSELAND,4912,4912,491200,170314912003
17,31,710800,71,17031710800,7108,71,AUBURN GRESHAM,7108,7108,710800,170317108003
17,31,711300,71,17031711300,7113,71,AUBURN GRESHAM,7113,7113,711300,170317113001
17,31,10202,1,17031010202,102.02,1,ROGERS PARK,102.02,102.02,10202,170310102022
17,31,480200,48,17031480200,4802,48,CALUMET HEIGHTS,4802,4802,480200,170314802002
17,31,480300,48,17031480300,4803,48,CALUMET HEIGHTS,4803,4803,480300,170314803002
17,31,480400,48,17031480400,4804,48,CALUMET HEIGHTS,4804,4804,480400,170314804006
17,31,480500,48,17031480500,4805,48,CALUMET HEIGHTS,4805,4805,480500,170314805002
17,31,691100,69,17031691100,6911,69,GREATER GRAND CROSSING,6911,6911,691100,170316911002
17,31,691200,69,17031691200,6912,69,GREATER GRAND CROSSING,6912,6912,691200,170316912001
17,31,691400,69,17031691400,6914,69,GREATER GRAND CROSSING,6914,6914,691400,170316914003
17,31,691500,69,17031691500,6915,69,GREATER GRAND CROSSING,6915,6915,691500,170316915002
17,31,700100,70,17031700100,7001,70,ASHBURN,7001,7001,700100,170317001002
17,31,410700,41,17031410700,4107,41,HYDE PARK,4107,4107,410700,170314107001
17,31,410800,41,17031410800,4108,41,HYDE PARK,4108,4108,410800,170314108001
17,31,410900,41,17031410900,4109,41,HYDE PARK,4109,4109,410900,170314109001
17,31,411000,41,17031411000,4110,41,HYDE PARK,4110,4110,411000,170314110002
17,31,411200,41,17031411200,4112,41,HYDE PARK,4112,4112,411200,170314112002
17,31,530600,53,17031530600,5306,53,WEST PULLMAN,5306,5306,530600,170315306003
17,31,460100,46,17031460100,4601,46,SOUTH CHICAGO,4601,4601,460100,170314601001
17,31,460200,46,17031460200,4602,46,SOUTH CHICAGO,4602,4602,460200,170314602001
17,31,460500,46,17031460500,4605,46,SOUTH CHICAGO,4605,4605,460500,170314605005
17,31,460600,46,17031460600,4606,46,SOUTH CHICAGO,4606,4606,460600,170314606001
17,31,460700,46,17031460700,4607,46,SOUTH CHICAGO,4607,4607,460700,170314607002
17,31,461000,46,17031461000,4610,46,SOUTH CHICAGO,4610,4610,461000,170314610001
17,31,681300,68,17031681300,6813,68,ENGLEWOOD,6813,6813,681300,170316813002
17,31,681400,68,17031681400,6814,68,ENGLEWOOD,6814,6814,681400,170316814003
17,31,690300,69,17031690300,6903,69,GREATER GRAND CROSSING,6903,6903,690300,170316903002
17,31,690400,69,17031690400,6904,69,GREATER GRAND CROSSING,6904,6904,690400,170316904003
17,31,690900,69,17031690900,6909,69,GREATER GRAND CROSSING,6909,6909,690900,170316909002
17,31,241200,24,17031241200,2412,24,WEST TOWN,2412,2412,241200,170312412001
17,31,241300,24,17031241300,2413,24,WEST TOWN,2413,2413,241300,170312413001
17,31,242100,24,17031242100,2421,24,WEST TOWN,2421,2421,242100,170312421003
17,31,243100,24,17031243100,2431,24,WEST TOWN,2431,2431,243100,170312431002
17,31,243200,24,17031243200,2432,24,WEST TOWN,2432,2432,243200,170312432001
17,31,243400,24,17031243400,2434,24,WEST TOWN,2434,2434,243400,170312434003
17,31,243500,24,17031243500,2435,24,WEST TOWN,2435,2435,243500,170312435002
17,31,250200,25,17031250200,2502,25,AUSTIN,2502,2502,250200,170312502002
17,31,491000,49,17031491000,4910,49,ROSELAND,4910,4910,491000,170314910004
17,31,491100,49,17031491100,4911,49,ROSELAND,4911,4911,491100,170314911003
17,31,510100,51,17031510100,5101,51,SOUTH DEERING,5101,5101,510100,170315101002
17,31,510200,51,17031510200,5102,51,SOUTH DEERING,5102,5102,510200,170315102002
17,31,520200,52,17031520200,5202,52,EAST SIDE,5202,5202,520200,170315202001
17,31,710900,71,17031710900,7109,71,AUBURN GRESHAM,7109,7109,710900,170317109002
17,31,711000,71,17031711000,7110,71,AUBURN GRESHAM,7110,7110,711000,170317110003
17,31,711100,71,17031711100,7111,71,AUBURN GRESHAM,7111,7111,711100,170317111001
17,31,711200,71,17031711200,7112,71,AUBURN GRESHAM,7112,7112,711200,170317112001
17,31,711400,71,17031711400,7114,71,AUBURN GRESHAM,7114,7114,711400,170317114001
17,31,81402,8,17031081402,814.02,8,NEAR NORTH SIDE,814.02,814.02,81402,170310814022
17,31,61902,6,17031061902,619.02,6,LAKE VIEW,619.02,619.02,61902,170310619022
17,31,30200,77,17031030200,302,77,EDGEWATER,302,302,30200,170310302004
17,31,30300,77,17031030300,303,77,EDGEWATER,303,303,30300,170310303001
17,31,30400,77,17031030400,304,77,EDGEWATER,304,304,30400,170310304002
17,31,30500,77,17031030500,305,77,EDGEWATER,305,305,30500,170310305004
17,31,30800,77,17031030800,308,77,EDGEWATER,308,308,30800,170310308002
17,31,242400,24,17031242400,2424,24,WEST TOWN,2424,2424,242400,170312424001
17,31,242500,24,17031242500,2425,24,WEST TOWN,2425,2425,242500,170312425001
17,31,242600,24,17031242600,2426,24,WEST TOWN,2426,2426,242600,170312426002
17,31,242700,24,17031242700,2427,24,WEST TOWN,2427,2427,242700,170312427001
17,31,242800,24,17031242800,2428,24,WEST TOWN,2428,2428,242800,170312428001
17,31,242900,24,17031242900,2429,24,WEST TOWN,2429,2429,242900,170312429002
17,31,243000,24,17031243000,2430,24,WEST TOWN,2430,2430,243000,170312430002
17,31,220400,22,17031220400,2204,22,LOGAN SQUARE,2204,2204,220400,170312204001
17,31,220500,22,17031220500,2205,22,LOGAN SQUARE,2205,2205,220500,170312205003
17,31,221000,22,17031221000,2210,22,LOGAN SQUARE,2210,2210,221000,170312210001
17,31,810400,10,17031810400,8104,10,NORWOOD PARK,8104,8104,810400,170318104003
17,31,520500,52,17031520500,5205,52,EAST SIDE,5205,5205,520500,170315205002
17,31,720500,72,17031720500,7205,72,BEVERLY,7205,7205,720500,170317205002
17,31,490300,49,17031490300,4903,49,ROSELAND,4903,4903,490300,170314903001
17,31,490400,49,17031490400,4904,49,ROSELAND,4904,4904,490400,170314904001
17,31,710100,71,17031710100,7101,71,AUBURN GRESHAM,7101,7101,710100,170317101001
17,31,710300,71,17031710300,7103,71,AUBURN GRESHAM,7103,7103,710300,170317103001
17,31,710600,71,17031710600,7106,71,AUBURN GRESHAM,7106,7106,710600,170317106002
17,31,31800,3,17031031800,318,3,UPTOWN,318,318,31800,170310318001
17,31,350100,35,17031350100,3501,35,DOUGLAS,3501,3501,350100,170313501001
17,31,351100,35,17031351100,3511,35,DOUGLAS,3511,3511,351100,170313511002
17,31,251200,25,17031251200,2512,25,AUSTIN,2512,2512,251200,170312512002
17,31,570100,57,17031570100,5701,57,ARCHER HEIGHTS,5701,5701,570100,170315701001
17,31,30900,77,17031030900,309,77,EDGEWATER,309,309,30900,170310309002
17,31,250600,25,17031250600,2506,25,AUSTIN,2506,2506,250600,170312506001
17,31,560100,56,17031560100,5601,56,GARFIELD RIDGE,5601,5601,560100,170315601001
17,31,490500,49,17031490500,4905,49,ROSELAND,4905,4905,490500,170314905001
17,31,490600,49,17031490600,4906,49,ROSELAND,4906,4906,490600,170314906001
17,31,490700,49,17031490700,4907,49,ROSELAND,4907,4907,490700,170314907003
17,31,490800,49,17031490800,4908,49,ROSELAND,4908,4908,490800,170314908005
17,31,700200,70,17031700200,7002,70,ASHBURN,7002,7002,700200,170317002003
17,31,710200,71,17031710200,7102,71,AUBURN GRESHAM,7102,7102,710200,170317102002
17,31,710400,71,17031710400,7104,71,AUBURN GRESHAM,7104,7104,710400,170317104002
17,31,710500,71,17031710500,7105,71,AUBURN GRESHAM,7105,7105,710500,170317105003
17,31,710700,71,17031710700,7107,71,AUBURN GRESHAM,7107,7107,710700,170317107004
17,31,31900,3,17031031900,319,3,UPTOWN,319,319,31900,170310319002
17,31,32100,3,17031032100,321,3,UPTOWN,321,321,32100,170310321005
17,31,251000,25,17031251000,2510,25,AUSTIN,2510,2510,251000,170312510001
17,31,280400,28,17031280400,2804,28,NEAR WEST SIDE,2804,2804,280400,170312804001
17,31,320100,32,17031320100,3201,32,LOOP,3201,3201,320100,170313201002
17,31,351000,35,17031351000,3510,35,DOUGLAS,3510,3510,351000,170313510001
17,31,360200,36,17031360200,3602,36,OAKLAND,3602,3602,360200,170313602001
17,31,380100,38,17031380100,3801,38,GRAND BOULEVARD,3801,3801,380100,170313801001
17,31,231500,23,17031231500,2315,23,HUMBOLDT PARK,2315,2315,231500,170312315001
17,31,251100,25,17031251100,2511,25,AUSTIN,2511,2511,251100,170312511001
17,31,550200,55,17031550200,5502,55,HEGEWISCH,5502,5502,550200,170315502001
17,31,560800,56,17031560800,5608,56,GARFIELD RIDGE,5608,5608,560800,170315608001
17,31,560900,56,17031560900,5609,56,GARFIELD RIDGE,5609,5609,560900,170315609001
17,31,561000,56,17031561000,5610,56,GARFIELD RIDGE,5610,5610,561000,170315610001
17,31,561100,56,17031561100,5611,56,GARFIELD RIDGE,5611,5611,561100,170315611001
17,31,570200,57,17031570200,5702,57,ARCHER HEIGHTS,5702,5702,570200,170315702001
17,31,730400,73,17031730400,7304,73,WASHINGTON HEIGHTS,7304,7304,730400,170317304003
17,31,730500,73,17031730500,7305,73,WASHINGTON HEIGHTS,7305,7305,730500,170317305004
17,31,730600,73,17031730600,7306,73,WASHINGTON HEIGHTS,7306,7306,730600,170317306001
17,31,730700,73,17031730700,7307,73,WASHINGTON HEIGHTS,7307,7307,730700,170317307002
17,31,250300,25,17031250300,2503,25,AUSTIN,2503,2503,250300,170312503001
17,31,250400,25,17031250400,2504,25,AUSTIN,2504,2504,250400,170312504003
17,31,250500,25,17031250500,2505,25,AUSTIN,2505,2505,250500,170312505007
17,31,250700,25,17031250700,2507,25,AUSTIN,2507,2507,250700,170312507001
17,31,250800,25,17031250800,2508,25,AUSTIN,2508,2508,250800,170312508002
17,31,500300,50,17031500300,5003,50,PULLMAN,5003,5003,500300,170315003002
17,31,520300,52,17031520300,5203,52,EAST SIDE,5203,5203,520300,170315203003
17,31,520600,52,17031520600,5206,52,EAST SIDE,5206,5206,520600,170315206001
17,31,560200,56,17031560200,5602,56,GARFIELD RIDGE,5602,5602,560200,170315602003
17,31,560300,56,17031560300,5603,56,GARFIELD RIDGE,5603,5603,560300,170315603001
17,31,560400,56,17031560400,5604,56,GARFIELD RIDGE,5604,5604,560400,170315604001
17,31,560700,56,17031560700,5607,56,GARFIELD RIDGE,5607,5607,560700,170315607001
17,31,711500,71,17031711500,7115,71,AUBURN GRESHAM,7115,7115,711500,170317115001
17,31,720600,72,17031720600,7206,72,BEVERLY,7206,7206,720600,170317206002
17,31,31000,3,17031031000,310,3,UPTOWN,310,310,31000,170310310002
17,31,31700,3,17031031700,317,3,UPTOWN,317,317,31700,170310317002
17,31,580300,58,17031580300,5803,58,BRIGHTON PARK,5803,5803,580300,170315803001
17,31,50500,5,17031050500,505,5,NORTH CENTER,505,505,50500,170310505004
17,31,50800,5,17031050800,508,5,NORTH CENTER,508,508,50800,170310508001
17,31,51000,5,17031051000,510,5,NORTH CENTER,510,510,51000,170310510001
17,31,51400,5,17031051400,514,5,NORTH CENTER,514,514,51400,170310514001
17,31,81900,8,17031081900,819,8,NEAR NORTH SIDE,819,819,81900,170310819001
17,31,252000,25,17031252000,2520,25,AUSTIN,2520,2520,252000,170312520004
17,31,260300,26,17031260300,2603,26,WEST GARFIELD PARK,2603,2603,260300,170312603001
17,31,40300,4,17031040300,403,4,LINCOLN SQUARE,403,403,40300,170310403001
17,31,40800,4,17031040800,408,4,LINCOLN SQUARE,408,408,40800,170310408002
17,31,50100,5,17031050100,501,5,NORTH CENTER,501,501,50100,170310501001
17,31,50200,5,17031050200,502,5,NORTH CENTER,502,502,50200,170310502002
17,31,50300,5,17031050300,503,5,NORTH CENTER,503,503,50300,170310503001
17,31,380200,38,17031380200,3802,38,GRAND BOULEVARD,3802,3802,380200,170313802002
17,31,81500,8,17031081500,815,8,NEAR NORTH SIDE,815,815,81500,170310815002
17,31,720100,72,17031720100,7201,72,BEVERLY,7201,7201,720100,170317201001
17,31,720200,72,17031720200,7202,72,BEVERLY,7202,7202,720200,170317202001
17,31,720300,72,17031720300,7203,72,BEVERLY,7203,7203,720300,170317203003
17,31,720700,72,17031720700,7207,72,BEVERLY,7207,7207,720700,170317207001
17,31,730100,73,17031730100,7301,73,WASHINGTON HEIGHTS,7301,7301,730100,170317301002
17,31,730300,73,17031730300,7303,73,WASHINGTON HEIGHTS,7303,7303,730300,170317303001
17,31,31100,3,17031031100,311,3,UPTOWN,311,311,31100,170310311001
17,31,31200,3,17031031200,312,3,UPTOWN,312,312,31200,170310312004
17,31,31300,3,17031031300,313,3,UPTOWN,313,313,31300,170310313005
17,31,31400,3,17031031400,314,3,UPTOWN,314,314,31400,170310314005
17,31,570500,57,17031570500,5705,57,ARCHER HEIGHTS,5705,5705,570500,170315705001
17,31,580100,58,17031580100,5801,58,BRIGHTON PARK,5801,5801,580100,170315801002
17,31,580200,58,17031580200,5802,58,BRIGHTON PARK,5802,5802,580200,170315802002
17,31,580400,58,17031580400,5804,58,BRIGHTON PARK,5804,5804,580400,170315804001
17,31,580600,58,17031580600,5806,58,BRIGHTON PARK,5806,5806,580600,170315806001
17,31,530300,53,17031530300,5303,53,WEST PULLMAN,5303,5303,530300,170315303003
17,31,500100,50,17031500100,5001,50,PULLMAN,5001,5001,500100,170315001001
17,31,50600,5,17031050600,506,5,NORTH CENTER,506,506,50600,170310506002
17,31,50700,5,17031050700,507,5,NORTH CENTER,507,507,50700,170310507001
17,31,50900,5,17031050900,509,5,NORTH CENTER,509,509,50900,170310509001
17,31,51100,5,17031051100,511,5,NORTH CENTER,511,511,51100,170310511001
17,31,51200,5,17031051200,512,5,NORTH CENTER,512,512,51200,170310512002
17,31,51300,5,17031051300,513,5,NORTH CENTER,513,513,51300,170310513002
17,31,60100,6,17031060100,601,6,LAKE VIEW,601,601,60100,170310601001
17,31,60200,6,17031060200,602,6,LAKE VIEW,602,602,60200,170310602002
17,31,81800,8,17031081800,818,8,NEAR NORTH SIDE,818,818,81800,170310818002
17,31,90100,9,17031090100,901,9,EDISON PARK,901,901,90100,170310901003
17,31,90200,9,17031090200,902,9,EDISON PARK,902,902,90200,170310902003
17,31,90300,9,17031090300,903,9,EDISON PARK,903,903,90300,170310903001
17,31,100100,10,17031100100,1001,10,NORWOOD PARK,1001,1001,100100,170311001005
17,31,100200,10,17031100200,1002,10,NORWOOD PARK,1002,1002,100200,170311002001
17,31,260100,26,17031260100,2601,26,WEST GARFIELD PARK,2601,2601,260100,170312601001
17,31,260200,26,17031260200,2602,26,WEST GARFIELD PARK,2602,2602,260200,170312602001
17,31,491300,49,17031491300,4913,49,ROSELAND,4913,4913,491300,170314913001
17,31,720400,72,17031720400,7204,72,BEVERLY,7204,7204,720400,170317204001
17,31,530400,53,17031530400,5304,53,WEST PULLMAN,5304,5304,530400,170315304001
17,31,750600,75,17031750600,7506,75,MORGAN PARK,7506,7506,750600,170317506001
17,31,40100,4,17031040100,401,4,LINCOLN SQUARE,401,401,40100,170310401001
17,31,40600,4,17031040600,406,4,LINCOLN SQUARE,406,406,40600,170310406001
17,31,40700,4,17031040700,407,4,LINCOLN SQUARE,407,407,40700,170310407004
17,31,40900,4,17031040900,409,4,LINCOLN SQUARE,409,409,40900,170310409001
17,31,980000,76,17031980000,9800,76,OHARE,9800,9800,980000,170319800001
17,31,81600,8,17031081600,816,8,NEAR NORTH SIDE,816,816,81600,170310816002
17,31,81700,8,17031081700,817,8,NEAR NORTH SIDE,817,817,81700,170310817002
17,31,251300,25,17031251300,2513,25,AUSTIN,2513,2513,251300,170312513002
17,31,251400,25,17031251400,2514,25,AUSTIN,2514,2514,251400,170312514004
17,31,251500,25,17031251500,2515,25,AUSTIN,2515,2515,251500,170312515002
17,31,251900,25,17031251900,2519,25,AUSTIN,2519,2519,251900,170312519001
17,31,260700,26,17031260700,2607,26,WEST GARFIELD PARK,2607,2607,260700,170312607002
17,31,600900,60,17031600900,6009,60,BRIDGEPORT,6009,6009,600900,170316009001
17,31,611200,61,17031611200,6112,61,NEW CITY,6112,6112,611200,170316112001
17,31,62400,6,17031062400,624,6,LAKE VIEW,624,624,62400,170310624001
17,31,62800,6,17031062800,628,6,LAKE VIEW,628,628,62800,170310628002
17,31,62900,6,17031062900,629,6,LAKE VIEW,629,629,62900,170310629001
17,31,63000,6,17031063000,630,6,LAKE VIEW,630,630,63000,170310630001
17,31,63100,6,17031063100,631,6,LAKE VIEW,631,631,63100,170310631002
17,31,63200,6,17031063200,632,6,LAKE VIEW,632,632,63200,170310632006
17,31,63400,6,17031063400,634,6,LAKE VIEW,634,634,63400,170310634001
17,31,271500,27,17031271500,2715,27,EAST GARFIELD PARK,2715,2715,271500,170312715001
17,31,611600,61,17031611600,6116,61,NEW CITY,6116,6116,611600,170316116002
17,31,580800,58,17031580800,5808,58,BRIGHTON PARK,5808,5808,580800,170315808001
17,31,600400,60,17031600400,6004,60,BRIDGEPORT,6004,6004,600400,170316004003
17,31,60300,6,17031060300,603,6,LAKE VIEW,603,603,60300,170310603002
17,31,60800,6,17031060800,608,6,LAKE VIEW,608,608,60800,170310608003
17,31,61100,6,17031061100,611,6,LAKE VIEW,611,611,61100,170310611001
17,31,61800,6,17031061800,618,6,LAKE VIEW,618,618,61800,170310618001
17,31,110200,11,17031110200,1102,11,JEFFERSON PARK,1102,1102,110200,170311102001
17,31,251600,25,17031251600,2516,25,AUSTIN,2516,2516,251600,170312516002
17,31,251700,25,17031251700,2517,25,AUSTIN,2517,2517,251700,170312517001
17,31,251800,25,17031251800,2518,25,AUSTIN,2518,2518,251800,170312518003
17,31,570300,57,17031570300,5703,57,ARCHER HEIGHTS,5703,5703,570300,170315703003
17,31,570400,57,17031570400,5704,57,ARCHER HEIGHTS,5704,5704,570400,170315704002
17,31,100600,10,17031100600,1006,10,NORWOOD PARK,1006,1006,100600,170311006003
17,31,100700,10,17031100700,1007,10,NORWOOD PARK,1007,1007,100700,170311007005
17,31,110100,11,17031110100,1101,11,JEFFERSON PARK,1101,1101,110100,170311101005
17,31,260900,26,17031260900,2609,26,WEST GARFIELD PARK,2609,2609,260900,170312609001
17,31,261000,26,17031261000,2610,26,WEST GARFIELD PARK,2610,2610,261000,170312610002
17,31,270500,27,17031270500,2705,27,EAST GARFIELD PARK,2705,2705,270500,170312705001
17,31,520100,52,17031520100,5201,52,EAST SIDE,5201,5201,520100,170315201001
17,31,610300,61,17031610300,6103,61,NEW CITY,6103,6103,610300,170316103001
17,31,610800,61,17031610800,6108,61,NEW CITY,6108,6108,610800,170316108001
17,31,611000,61,17031611000,6110,61,NEW CITY,6110,6110,611000,170316110001
17,31,611400,61,17031611400,6114,61,NEW CITY,6114,6114,611400,170316114002
17,31,62200,6,17031062200,622,6,LAKE VIEW,622,622,62200,170310622001
17,31,62600,6,17031062600,626,6,LAKE VIEW,626,626,62600,170310626001
17,31,62700,6,17031062700,627,6,LAKE VIEW,627,627,62700,170310627002
17,31,120300,12,17031120300,1203,12,FOREST GLEN,1203,1203,120300,170311203006
17,31,271800,27,17031271800,2718,27,EAST GARFIELD PARK,2718,2718,271800,170312718001
17,31,520400,52,17031520400,5204,52,EAST SIDE,5204,5204,520400,170315204003
17,31,260500,26,17031260500,2605,26,WEST GARFIELD PARK,2605,2605,260500,170312605001
17,31,260600,26,17031260600,2606,26,WEST GARFIELD PARK,2606,2606,260600,170312606001
17,31,580700,58,17031580700,5807,58,BRIGHTON PARK,5807,5807,580700,170315807001
17,31,590500,59,17031590500,5905,59,MCKINLEY PARK,5905,5905,590500,170315905001
17,31,590600,59,17031590600,5906,59,MCKINLEY PARK,5906,5906,590600,170315906002
17,31,590700,59,17031590700,5907,59,MCKINLEY PARK,5907,5907,590700,170315907002
17,31,600600,60,17031600600,6006,60,BRIDGEPORT,6006,6006,600600,170316006002
17,31,600700,60,17031600700,6007,60,BRIDGEPORT,6007,6007,600700,170316007001
17,31,60400,6,17031060400,604,6,LAKE VIEW,604,604,60400,170310604001
17,31,60500,6,17031060500,605,6,LAKE VIEW,605,605,60500,170310605001
17,31,60900,6,17031060900,609,6,LAKE VIEW,609,609,60900,170310609004
17,31,61000,6,17031061000,610,6,LAKE VIEW,610,610,61000,170310610001
17,31,61200,6,17031061200,612,6,LAKE VIEW,612,612,61200,170310612001
17,31,61500,6,17031061500,615,6,LAKE VIEW,615,615,61500,170310615001
17,31,62000,6,17031062000,620,6,LAKE VIEW,620,620,62000,170310620002
17,31,62100,6,17031062100,621,6,LAKE VIEW,621,621,62100,170310621003
17,31,260400,26,17031260400,2604,26,WEST GARFIELD PARK,2604,2604,260400,170312604001
17,31,100300,10,17031100300,1003,10,NORWOOD PARK,1003,1003,100300,170311003003
17,31,100400,10,17031100400,1004,10,NORWOOD PARK,1004,1004,100400,170311004003
17,31,100500,10,17031100500,1005,10,NORWOOD PARK,1005,1005,100500,170311005002
17,31,260800,26,17031260800,2608,26,WEST GARFIELD PARK,2608,2608,260800,170312608002
17,31,271200,27,17031271200,2712,27,EAST GARFIELD PARK,2712,2712,271200,170312712001
17,31,610400,61,17031610400,6104,61,NEW CITY,6104,6104,610400,170316104001
17,31,611100,61,17031611100,6111,61,NEW CITY,6111,6111,611100,170316111003
17,31,611300,61,17031611300,6113,61,NEW CITY,6113,6113,611300,170316113001
17,31,62300,6,17031062300,623,6,LAKE VIEW,623,623,62300,170310623001
17,31,62500,6,17031062500,625,6,LAKE VIEW,625,625,62500,170310625001
17,31,70700,7,17031070700,707,7,LINCOLN PARK,707,707,70700,170310707001
17,31,71100,7,17031071100,711,7,LINCOLN PARK,711,711,71100,170310711002
17,31,71300,7,17031071300,713,7,LINCOLN PARK,713,713,71300,170310713001
17,31,120400,12,17031120400,1204,12,FOREST GLEN,1204,1204,120400,170311204003
17,31,130100,13,17031130100,1301,13,NORTH PARK,1301,1301,130100,170311301002
17,31,130200,13,17031130200,1302,13,NORTH PARK,1302,1302,130200,170311302001
17,31,140100,14,17031140100,1401,14,ALBANY PARK,1401,1401,140100,170311401001
17,31,140200,14,17031140200,1402,14,ALBANY PARK,1402,1402,140200,170311402001
17,31,140400,14,17031140400,1404,14,ALBANY PARK,1404,1404,140400,170311404003
17,31,292400,29,17031292400,2924,29,NORTH LAWNDALE,2924,2924,292400,170312924001
17,31,292500,29,17031292500,2925,29,NORTH LAWNDALE,2925,2925,292500,170312925002
17,31,300600,30,17031300600,3006,30,SOUTH LAWNDALE,3006,3006,300600,170313006001
17,31,300700,30,17031300700,3007,30,SOUTH LAWNDALE,3007,3007,300700,170313007002
17,31,282700,28,17031282700,2827,28,NEAR WEST SIDE,2827,2827,282700,170312827002
17,31,282800,28,17031282800,2828,28,NEAR WEST SIDE,2828,2828,282800,170312828001
17,31,283100,28,17031283100,2831,28,NEAR WEST SIDE,2831,2831,283100,170312831001
17,31,283200,28,17031283200,2832,28,NEAR WEST SIDE,2832,2832,283200,170312832001
17,31,283800,28,17031283800,2838,28,NEAR WEST SIDE,2838,2838,283800,170312838002
17,31,290900,29,17031290900,2909,29,NORTH LAWNDALE,2909,2909,290900,170312909003
17,31,291600,29,17031291600,2916,29,NORTH LAWNDALE,2916,2916,291600,170312916001
17,31,630200,63,17031630200,6302,63,GAGE PARK,6302,6302,630200,170316302001
17,31,630800,63,17031630800,6308,63,GAGE PARK,6308,6308,630800,170316308003
17,31,271300,27,17031271300,2713,27,EAST GARFIELD PARK,2713,2713,271300,170312713001
17,31,280900,28,17031280900,2809,28,NEAR WEST SIDE,2809,2809,280900,170312809001
17,31,611700,61,17031611700,6117,61,NEW CITY,6117,6117,611700,170316117002
17,31,612100,61,17031612100,6121,61,NEW CITY,6121,6121,612100,170316121001
17,31,70300,7,17031070300,703,7,LINCOLN PARK,703,703,70300,170310703002
17,31,70600,7,17031070600,706,7,LINCOLN PARK,706,706,70600,170310706002
17,31,300500,30,17031300500,3005,30,SOUTH LAWNDALE,3005,3005,300500,170313005002
17,31,291200,29,17031291200,2912,29,NORTH LAWNDALE,2912,2912,291200,170312912002
17,31,620300,62,17031620300,6203,62,WEST ELSDON,6203,6203,620300,170316203003
17,31,620400,62,17031620400,6204,62,WEST ELSDON,6204,6204,620400,170316204001
17,31,630100,63,17031630100,6301,63,GAGE PARK,6301,6301,630100,170316301001
17,31,630300,63,17031630300,6303,63,GAGE PARK,6303,6303,630300,170316303002
17,31,630400,63,17031630400,6304,63,GAGE PARK,6304,6304,630400,170316304001
17,31,630500,63,17031630500,6305,63,GAGE PARK,6305,6305,630500,170316305001
17,31,110300,11,17031110300,1103,11,JEFFERSON PARK,1103,1103,110300,170311103004
17,31,110400,11,17031110400,1104,11,JEFFERSON PARK,1104,1104,110400,170311104002
17,31,120100,12,17031120100,1201,12,FOREST GLEN,1201,1201,120100,170311201002
17,31,120200,12,17031120200,1202,12,FOREST GLEN,1202,1202,120200,170311202002
17,31,271400,27,17031271400,2714,27,EAST GARFIELD PARK,2714,2714,271400,170312714001
17,31,280100,28,17031280100,2801,28,NEAR WEST SIDE,2801,2801,280100,170312801002
17,31,280800,28,17031280800,2808,28,NEAR WEST SIDE,2808,2808,280800,170312808001
17,31,281900,28,17031281900,2819,28,NEAR WEST SIDE,2819,2819,281900,170312819001
17,31,550100,55,17031550100,5501,55,HEGEWISCH,5501,5501,550100,170315501002
17,31,611500,61,17031611500,6115,61,NEW CITY,6115,6115,611500,170316115001
17,31,611800,61,17031611800,6118,61,NEW CITY,6118,6118,611800,170316118001
17,31,611900,61,17031611900,6119,61,NEW CITY,6119,6119,611900,170316119002
17,31,612000,61,17031612000,6120,61,NEW CITY,6120,6120,612000,170316120001
17,31,620100,62,17031620100,6201,62,WEST ELSDON,6201,6201,620100,170316201003
17,31,620200,62,17031620200,6202,62,WEST ELSDON,6202,6202,620200,170316202002
17,31,70200,7,17031070200,702,7,LINCOLN PARK,702,702,70200,170310702003
17,31,70400,7,17031070400,704,7,LINCOLN PARK,704,704,70400,170310704001
17,31,70500,7,17031070500,705,7,LINCOLN PARK,705,705,70500,170310705002
17,31,71000,7,17031071000,710,7,LINCOLN PARK,710,710,71000,170310710002
17,31,71200,7,17031071200,712,7,LINCOLN PARK,712,712,71200,170310712001
17,31,130300,13,17031130300,1303,13,NORTH PARK,1303,1303,130300,170311303002
17,31,292200,29,17031292200,2922,29,NORTH LAWNDALE,2922,2922,292200,170312922001
17,31,630900,63,17031630900,6309,63,GAGE PARK,6309,6309,630900,170316309002
