filename,lat,lng,oldname
STIM0001.jpg,41.79541111111111,-87.58766944444444,dp28icW1Ra6CepQx6IxOWA.jpg
STIM0002.jpg,41.7996,-87.59220833333333,gR1%giUMQZmeX57SNm7GLg.jpg
STIM0003.jpg,41.779583333333335,-87.65621111111112,H2JIMG_0087.jpg
STIM0004.jpg,41.85781388888889,-87.66447500000001,H2JIMG_0088.jpg
STIM0005.jpg,41.83439166666667,-87.64618055555556,H2JIMG_0101.jpg
STIM0006.jpg,41.830733333333335,-87.64711111111112,H2JIMG_0148.jpg
STIM0007.jpg,41.787225,-87.6838,H2JIMG_0210.jpg
STIM0008.jpg,41.78928333333333,-87.68381388888889,H2JIMG_0260.jpg
STIM0009.jpg,41.857955555555556,-87.65582222222223,H2JIMG_0263.jpg
STIM0010.jpg,41.779605555555555,-87.65930277777778,H2JIMG_0332.jpg
STIM0011.jpg,41.857794444444444,-87.66551944444446,H2JIMG_0347.jpg
STIM0012.jpg,41.85781388888889,-87.66441388888889,H2JIMG_0354.jpg
STIM0013.jpg,41.77974444444445,-87.64625555555556,H2JIMG_0618.jpg
STIM0014.jpg,41.85789166666667,-87.65988055555556,H2JIMG_0660.jpg
STIM0015.jpg,41.85780277777778,-87.66498611111112,H2JIMG_0741.jpg
STIM0016.jpg,41.83039166666667,-87.67527777777778,H2JIMG_0884.jpg
STIM0017.jpg,41.85775833333334,-87.67131666666667,H2JIMG_0898.jpg
STIM0018.jpg,41.85802777777778,-87.65087777777778,H2JIMG_1115.jpg
STIM0019.jpg,0,0,H2JIMG_1309.jpg
STIM0020.jpg,0,0,H2JIMG_1353.jpg
STIM0021.jpg,41.77959444444444,-87.66017222222223,H2JIMG_1518.jpg
STIM0022.jpg,41.77956388888889,-87.66198055555556,H2JIMG_1568.jpg
STIM0023.jpg,41.77981111111111,-87.64238611111112,H2JIMG_1635.jpg
STIM0024.jpg,0,0,H2JIMG_1862.jpg
STIM0025.jpg,41.857733333333336,-87.6698138888889,H2JIMG_1923.jpg
STIM0026.jpg,41.85794722222222,-87.656425,H2JIMG_2022.jpg
STIM0027.jpg,41.83726388888889,-87.64623333333334,H2JIMG_2121.jpg
STIM0028.jpg,41.77959444444444,-87.66420833333333,H2JIMG_2258.jpg
STIM0029.jpg,41.85780277777778,-87.66499444444445,H2JIMG_2488.jpg
STIM0030.jpg,41.857930555555555,-87.65773055555556,H2JIMG_2559.jpg
STIM0031.jpg,41.8579,-87.65964444444445,H2JIMG_2577.jpg
STIM0032.jpg,41.830313888888895,-87.68447222222223,H2JIMG_2679.jpg
STIM0033.jpg,41.77956111111111,-87.66335277777779,H2JIMG_2820.jpg
STIM0034.jpg,41.85800833333334,-87.65219166666667,H2JIMG_2848.jpg
STIM0035.jpg,41.85785277777778,-87.66255277777779,H2JIMG_2888.jpg
STIM0036.jpg,41.858044444444445,-87.64994166666668,H2JIMG_3090.jpg
STIM0037.jpg,41.77961388888889,-87.6628638888889,H2JIMG_3150.jpg
STIM0038.jpg,41.844680555555556,-87.64633888888889,H2JIMG_3238.jpg
STIM0039.jpg,41.791358333333335,-87.68382222222223,H2JIMG_3329.jpg
STIM0040.jpg,41.857997222222224,-87.65322222222223,H2JIMG_3449.jpg
STIM0041.jpg,41.857711111111115,-87.66623055555556,H2JIMG_3508.jpg
STIM0042.jpg,41.77967777777778,-87.64936111111112,H2JIMG_3594.jpg
STIM0043.jpg,41.80408055555555,-87.68424166666667,H2JIMG_3611.jpg
STIM0044.jpg,41.857936111111115,-87.65727222222223,H2JIMG_3661.jpg
STIM0045.jpg,41.77970833333333,-87.65389166666667,H2JIMG_3722.jpg
STIM0046.jpg,41.85775833333334,-87.66798333333334,H2JIMG_3734.jpg
STIM0047.jpg,41.830475,-87.66728888888889,H2JIMG_3787.jpg
STIM0048.jpg,41.85792222222222,-87.6582638888889,H2JIMG_3799.jpg
STIM0049.jpg,41.77959166666667,-87.6556638888889,H2JIMG_3910.jpg
STIM0050.jpg,41.85801666666667,-87.65156666666667,H2JIMG_3980.jpg
STIM0051.jpg,41.7795,-87.66526666666667,H2JIMG_4058.jpg
STIM0052.jpg,41.83007777777778,-87.68495833333334,H2JIMG_4073.jpg
STIM0053.jpg,41.85776388888889,-87.667625,H2JIMG_4134.jpg
STIM0054.jpg,41.857730555555555,-87.670175,H2JIMG_4149.jpg
STIM0055.jpg,41.83074444444445,-87.64611944444445,H2JIMG_4177.jpg
STIM0056.jpg,41.83038333333334,-87.67585000000001,H2JIMG_4249.jpg
STIM0057.jpg,41.85791666666667,-87.64664444444445,H2JIMG_4263.jpg
STIM0058.jpg,41.83730833333333,-87.646225,H2JIMG_4301.jpg
STIM0059.jpg,41.85785277777778,-87.66265,H2JIMG_4412.jpg
STIM0060.jpg,41.779725,-87.65093888888889,H2JIMG_4607.jpg
STIM0061.jpg,41.857752777777776,-87.66828055555555,H2JIMG_4825.jpg
STIM0062.jpg,41.85783888888889,-87.6633388888889,H2JIMG_4869.jpg
STIM0063.jpg,41.85773888888889,-87.66928055555556,H2JIMG_4918.jpg
STIM0064.jpg,41.77959722222222,-87.65509166666668,H2JIMG_4953.jpg
STIM0065.jpg,41.832100000000004,-87.64612500000001,H2JIMG_5081.jpg
STIM0066.jpg,41.77976944444444,-87.64525555555556,H2JIMG_5090.jpg
STIM0067.jpg,41.85786388888889,-87.66198611111112,H2JIMG_5101.jpg
STIM0068.jpg,41.857794444444444,-87.66545,H2JIMG_5104.jpg
STIM0069.jpg,41.77974444444445,-87.6464,H2JIMG_5166.jpg
STIM0070.jpg,41.85778055555556,-87.66668611111112,H2JIMG_5168.jpg
STIM0071.jpg,41.85789166666667,-87.66040833333334,H2JIMG_5179.jpg
STIM0072.jpg,0,0,H2JIMG_5364.jpg
STIM0073.jpg,0,0,H2JIMG_5543.jpg
STIM0074.jpg,41.779777777777774,-87.6447138888889,H2JIMG_5545.jpg
STIM0075.jpg,41.77978611111111,-87.64441666666667,H2JIMG_5940.jpg
STIM0076.jpg,41.78821111111111,-87.68379166666666,H2JIMG_6092.jpg
STIM0077.jpg,41.85794444444445,-87.6568,H2JIMG_6260.jpg
STIM0078.jpg,41.85797222222222,-87.65486111111112,H2JIMG_6482.jpg
STIM0079.jpg,41.85779166666667,-87.66597777777778,H2JIMG_6506.jpg
STIM0080.jpg,41.83072222222223,-87.6482388888889,H2JIMG_6546.jpg
STIM0081.jpg,41.85773888888889,-87.66656388888889,H2JIMG_6636.jpg
STIM0082.jpg,41.857822222222225,-87.66397222222223,H2JIMG_6738.jpg
STIM0083.jpg,41.779669444444444,-87.64989444444446,H2JIMG_6809.jpg
STIM0084.jpg,41.85788055555556,-87.66114166666667,H2JIMG_6846.jpg
STIM0085.jpg,41.780541666666664,-87.60168333333333,H2JIMG_6873.jpg
STIM0086.jpg,41.780480555555556,-87.60305,H2JIMG_6875.jpg
STIM0087.jpg,41.780369444444446,-87.60476666666666,H2JIMG_6878.jpg
STIM0088.jpg,41.78047222222222,-87.60505555555555,H2JIMG_6884.jpg
STIM0089.jpg,41.78028611111111,-87.60571944444443,H2JIMG_6885.jpg
STIM0090.jpg,41.78026666666666,-87.605775,H2JIMG_6886.jpg
STIM0091.jpg,41.78051111111111,-87.60598888888889,H2JIMG_6888.jpg
STIM0092.jpg,41.78053333333333,-87.6061861111111,H2JIMG_6889.jpg
STIM0093.jpg,41.78046111111111,-87.60710833333333,H2JIMG_6890.jpg
STIM0094.jpg,41.78046111111111,-87.60709444444444,H2JIMG_6891.jpg
STIM0095.jpg,41.78039166666667,-87.61066388888888,H2JIMG_6892.jpg
STIM0096.jpg,41.78041388888889,-87.61068611111111,H2JIMG_6893.jpg
STIM0097.jpg,41.78033055555555,-87.61366388888888,H2JIMG_6895.jpg
STIM0098.jpg,41.78036111111111,-87.61450833333333,H2JIMG_6896.jpg
STIM0099.jpg,41.78036111111111,-87.61453333333333,H2JIMG_6897.jpg
STIM0100.jpg,41.780341666666665,-87.61447222222222,H2JIMG_6898.jpg
STIM0101.jpg,41.78024722222222,-87.61570833333333,H2JIMG_6900.jpg
STIM0102.jpg,41.779891666666664,-87.61571388888888,H2JIMG_6902.jpg
STIM0103.jpg,41.77803888888889,-87.61566111111111,H2JIMG_6903.jpg
STIM0104.jpg,41.77599722222222,-87.61561666666667,H2JIMG_6905.jpg
STIM0105.jpg,41.77453888888889,-87.61557777777777,H2JIMG_6907.jpg
STIM0106.jpg,41.774027777777775,-87.61555555555555,H2JIMG_6908.jpg
STIM0107.jpg,41.77303611111111,-87.61555555555555,H2JIMG_6911.jpg
STIM0108.jpg,41.77308611111111,-87.61318333333332,H2JIMG_6913.jpg
STIM0109.jpg,41.776152777777774,-87.60572777777777,H2JIMG_6921.jpg
STIM0110.jpg,41.77728611111111,-87.60575833333333,H2JIMG_6922.jpg
STIM0111.jpg,41.777455555555555,-87.60586666666666,H2JIMG_6923.jpg
STIM0112.jpg,41.77841111111111,-87.60582777777778,H2JIMG_6924.jpg
STIM0113.jpg,41.85798333333334,-87.65419722222222,H2JIMG_6983.jpg
STIM0114.jpg,41.85787222222223,-87.66231666666667,H2JIMG_6985.jpg
STIM0115.jpg,41.857822222222225,-87.66397222222223,H2JIMG_7017.jpg
STIM0116.jpg,41.78061944444444,-87.59619166666666,H2JIMG_7057.jpg
STIM0117.jpg,41.78057222222222,-87.58928611111111,H2JIMG_7058.jpg
STIM0118.jpg,41.775733333333335,-87.5864111111111,H2JIMG_7059.jpg
STIM0119.jpg,41.76781388888889,-87.591025,H2JIMG_7078.jpg
STIM0120.jpg,41.76781944444444,-87.591025,H2JIMG_7079.jpg
STIM0121.jpg,41.779675,-87.64964166666667,H2JIMG_7098 copy.jpg
STIM0122.jpg,41.85791666666667,-87.65846944444445,H2JIMG_7135 copy.jpg
STIM0123.jpg,41.83374444444445,-87.64616388888889,H2JIMG_7146 copy.jpg
STIM0124.jpg,41.87963888888889,-87.62449722222222,H2JIMG_7151.jpg
STIM0125.jpg,41.879691666666666,-87.62464999999999,H2JIMG_7152.jpg
STIM0126.jpg,41.87821944444445,-87.62452777777777,H2JIMG_7153.jpg
STIM0127.jpg,41.877044444444444,-87.62439722222221,H2JIMG_7154.jpg
STIM0128.jpg,41.876955555555554,-87.62573888888888,H2JIMG_7155.jpg
STIM0129.jpg,41.876983333333335,-87.62592222222221,H2JIMG_7156.jpg
STIM0130.jpg,41.876961111111115,-87.62598333333332,H2JIMG_7157.jpg
STIM0131.jpg,41.876980555555555,-87.62589999999999,H2JIMG_7158.jpg
STIM0132.jpg,41.87715277777778,-87.62610555555555,H2JIMG_7159.jpg
STIM0133.jpg,41.876955555555554,-87.62761666666665,H2JIMG_7160.jpg
STIM0134.jpg,41.876755555555555,-87.62790555555554,H2JIMG_7161.jpg
STIM0135.jpg,41.87682222222222,-87.62767777777778,H2JIMG_7162.jpg
STIM0136.jpg,41.76613888888889,-87.59098055555555,H2JIMG_7208.jpg
STIM0137.jpg,41.75882222222222,-87.59079722222222,H2JIMG_7210.jpg
STIM0138.jpg,41.75522222222222,-87.586175,H2JIMG_7211.jpg
STIM0139.jpg,41.75243888888889,-87.58645,H2JIMG_7213.jpg
STIM0140.jpg,41.752047222222224,-87.58612777777778,H2JIMG_7214.jpg
STIM0141.jpg,41.756169444444446,-87.59206388888889,H2JIMG_7215.jpg
STIM0142.jpg,41.759636111111114,-87.59689444444444,H2JIMG_7216.jpg
STIM0143.jpg,41.762283333333336,-87.60056944444445,H2JIMG_7217.jpg
STIM0144.jpg,41.76291944444444,-87.60145555555555,H2JIMG_7218.jpg
STIM0145.jpg,41.76295,-87.60149444444444,H2JIMG_7219.jpg
STIM0146.jpg,41.76578888888889,-87.60520833333332,H2JIMG_7220.jpg
STIM0147.jpg,41.76577777777778,-87.60521666666666,H2JIMG_7221.jpg
STIM0148.jpg,41.779938888888886,-87.64039722222223,H2JIMG_7612.jpg
STIM0149.jpg,41.85789444444445,-87.65991111111111,H2JIMG_8069.jpg
STIM0150.jpg,41.83140277777778,-87.64611111111111,H2JIMG_8148.jpg
STIM0151.jpg,41.83338888888889,-87.64615555555557,H2JIMG_8163.jpg
STIM0152.jpg,41.830375000000004,-87.67663611111112,H2JIMG_8185.jpg
STIM0153.jpg,41.92528055555555,-87.65309166666667,H2JIMG_8261.jpg
STIM0154.jpg,41.92533611111111,-87.65593611111112,H2JIMG_8262.jpg
STIM0155.jpg,41.92523611111111,-87.65829444444445,H2JIMG_8264.jpg
STIM0156.jpg,41.92529722222222,-87.65991944444445,H2JIMG_8265.jpg
STIM0157.jpg,41.92525555555555,-87.66100277777778,H2JIMG_8267.jpg
STIM0158.jpg,41.92520833333333,-87.66198055555556,H2JIMG_8268.jpg
STIM0159.jpg,41.92515833333333,-87.66342222222222,H2JIMG_8270.jpg
STIM0160.jpg,41.92518333333333,-87.66385000000001,H2JIMG_8271.jpg
STIM0161.jpg,41.925174999999996,-87.66520555555556,H2JIMG_8272.jpg
STIM0162.jpg,41.922716666666666,-87.66565833333334,H2JIMG_8277.jpg
STIM0163.jpg,41.92268055555555,-87.6656638888889,H2JIMG_8278.jpg
STIM0164.jpg,41.921927777777775,-87.66497777777778,H2JIMG_8279.jpg
STIM0165.jpg,41.92160833333333,-87.66442777777779,H2JIMG_8280.jpg
STIM0166.jpg,41.92164722222222,-87.66441388888889,H2JIMG_8281.jpg
STIM0167.jpg,41.920833333333334,-87.66318611111112,H2JIMG_8282.jpg
STIM0168.jpg,41.920424999999994,-87.66259722222223,H2JIMG_8283.jpg
STIM0169.jpg,41.92005833333333,-87.6620638888889,H2JIMG_8284.jpg
STIM0170.jpg,41.91943055555555,-87.66125555555556,H2JIMG_8285.jpg
STIM0171.jpg,41.918675,-87.66021666666667,H2JIMG_8286.jpg
STIM0172.jpg,41.91818333333333,-87.65956111111112,H2JIMG_8287.jpg
STIM0173.jpg,41.917538888888885,-87.65883611111111,H2JIMG_8288.jpg
STIM0174.jpg,41.917175,-87.65837222222223,H2JIMG_8289.jpg
STIM0175.jpg,41.91739166666667,-87.65825000000001,H2JIMG_8290.jpg
STIM0176.jpg,41.917163888888886,-87.65831111111112,H2JIMG_8294.jpg
STIM0177.jpg,41.916736111111106,-87.65751666666667,H2JIMG_8295.jpg
STIM0178.jpg,41.91653055555555,-87.65730277777779,H2JIMG_8296.jpg
STIM0179.jpg,41.91627222222222,-87.65703611111111,H2JIMG_8297.jpg
STIM0180.jpg,41.915702777777774,-87.65631111111112,H2JIMG_8298.jpg
STIM0181.jpg,41.91562222222222,-87.65601388888889,H2JIMG_8299.jpg
STIM0182.jpg,41.915644444444446,-87.65599722222223,H2JIMG_8300.jpg
STIM0183.jpg,41.91488333333333,-87.65540277777778,H2JIMG_8301.jpg
STIM0184.jpg,41.91463888888889,-87.65474722222223,H2JIMG_8302.jpg
STIM0185.jpg,41.91379166666667,-87.65358611111111,H2JIMG_8303.jpg
STIM0186.jpg,41.913824999999996,-87.65359444444445,H2JIMG_8304.jpg
STIM0187.jpg,41.91341111111111,-87.65309166666667,H2JIMG_8305.jpg
STIM0188.jpg,41.91335,-87.6531138888889,H2JIMG_8307.jpg
STIM0189.jpg,41.912974999999996,-87.65242777777779,H2JIMG_8308.jpg
STIM0190.jpg,41.91241111111111,-87.65173333333334,H2JIMG_8310.jpg
STIM0191.jpg,41.91141111111111,-87.65034444444446,H2JIMG_8311.jpg
STIM0192.jpg,41.91091111111111,-87.6497638888889,H2JIMG_8313.jpg
STIM0193.jpg,41.91090277777778,-87.64973333333334,H2JIMG_8314.jpg
STIM0194.jpg,41.91078888888889,-87.64955277777779,H2JIMG_8315.jpg
STIM0195.jpg,41.91033611111111,-87.64842222222222,H2JIMG_8316.jpg
STIM0196.jpg,41.91031666666667,-87.64842222222222,H2JIMG_8317.jpg
STIM0197.jpg,41.90998888888889,-87.6483388888889,H2JIMG_8318.jpg
STIM0198.jpg,41.91000277777778,-87.64819444444446,H2JIMG_8319.jpg
STIM0199.jpg,41.90977222222222,-87.6480638888889,H2JIMG_8320.jpg
STIM0200.jpg,41.90983333333333,-87.64810277777778,H2JIMG_8321.jpg
STIM0201.jpg,41.90982777777778,-87.64805555555556,H2JIMG_8322.jpg
STIM0202.jpg,41.90560833333333,-87.6429888888889,H2JIMG_8324.jpg
STIM0203.jpg,41.90631111111111,-87.64322777777778,H2JIMG_8325.jpg
STIM0204.jpg,41.90596111111111,-87.64247777777778,H2JIMG_8326.jpg
STIM0205.jpg,41.90587222222222,-87.6426388888889,H2JIMG_8327.jpg
STIM0206.jpg,41.905408333333334,-87.64181388888889,H2JIMG_8328.jpg
STIM0207.jpg,41.904961111111106,-87.64106666666667,H2JIMG_8329.jpg
STIM0208.jpg,41.904383333333335,-87.64088333333333,H2JIMG_8330.jpg
STIM0209.jpg,41.90383611111111,-87.63834444444446,H2JIMG_8331.jpg
STIM0210.jpg,41.90375833333333,-87.63619166666668,H2JIMG_8332.jpg
STIM0211.jpg,41.90391111111111,-87.63446944444445,H2JIMG_8333.jpg
STIM0212.jpg,41.90380833333333,-87.6339638888889,H2JIMG_8334.jpg
STIM0213.jpg,41.901780555555554,-87.6312111111111,H2JIMG_8335.jpg
STIM0214.jpg,41.90181388888889,-87.63155277777777,H2JIMG_8336.jpg
STIM0215.jpg,41.90186944444444,-87.63127777777777,H2JIMG_8337.jpg
STIM0216.jpg,41.90185833333333,-87.629775,H2JIMG_8338.jpg
STIM0217.jpg,41.89998611111111,-87.62850277777777,H2JIMG_8339.jpg
STIM0218.jpg,41.899924999999996,-87.62833333333333,H2JIMG_8340.jpg
STIM0219.jpg,41.90015833333333,-87.62827222222222,H2JIMG_8341.jpg
STIM0220.jpg,41.900016666666666,-87.62739444444443,H2JIMG_8342.jpg
STIM0221.jpg,41.899972222222225,-87.62731944444444,H2JIMG_8343.jpg
STIM0222.jpg,41.89995277777778,-87.62716666666665,H2JIMG_8344.jpg
STIM0223.jpg,41.89995833333333,-87.62532777777777,H2JIMG_8346.jpg
STIM0224.jpg,41.89921944444444,-87.62418333333332,H2JIMG_8347.jpg
STIM0225.jpg,41.89922222222222,-87.6241611111111,H2JIMG_8348.jpg
STIM0226.jpg,41.898922222222225,-87.62448055555555,H2JIMG_8349.jpg
STIM0227.jpg,41.89858888888889,-87.62415277777777,H2JIMG_8350.jpg
STIM0228.jpg,41.89846111111111,-87.62424444444444,H2JIMG_8351.jpg
STIM0229.jpg,41.8357,-87.64620833333333,H2JIMG_8511.jpg
STIM0230.jpg,41.779725,-87.65398333333334,H2JIMG_8516.jpg
STIM0231.jpg,41.85783888888889,-87.66333055555556,H2JIMG_8587.jpg
STIM0232.jpg,41.85774166666667,-87.66905277777778,H2JIMG_8726.jpg
STIM0233.jpg,41.85777222222222,-87.66711388888889,H2JIMG_8735.jpg
STIM0234.jpg,0,0,H2JIMG_8785.jpg
STIM0235.jpg,0,0,H2JIMG_8786.jpg
STIM0236.jpg,0,0,H2JIMG_8787.jpg
STIM0237.jpg,41.77940833333333,-87.673675,H2JIMG_8788.jpg
STIM0238.jpg,0,0,H2JIMG_8789.jpg
STIM0239.jpg,0,0,H2JIMG_8790.jpg
STIM0240.jpg,0,0,H2JIMG_8792.jpg
STIM0241.jpg,0,0,H2JIMG_8794.jpg
STIM0242.jpg,0,0,H2JIMG_8796.jpg
STIM0243.jpg,0,0,H2JIMG_8797.jpg
STIM0244.jpg,0,0,H2JIMG_8800.jpg
STIM0245.jpg,0,0,H2JIMG_8802.jpg
STIM0246.jpg,0,0,H2JIMG_8805.jpg
STIM0247.jpg,0,0,H2JIMG_8806.jpg
STIM0248.jpg,0,0,H2JIMG_8808.jpg
STIM0249.jpg,0,0,H2JIMG_8809.jpg
STIM0250.jpg,0,0,H2JIMG_8811.jpg
STIM0251.jpg,0,0,H2JIMG_8813.jpg
STIM0252.jpg,0,0,H2JIMG_8815.jpg
STIM0253.jpg,0,0,H2JIMG_8818.jpg
STIM0254.jpg,0,0,H2JIMG_8819.jpg
STIM0255.jpg,0,0,H2JIMG_8822.jpg
STIM0256.jpg,0,0,H2JIMG_8823.jpg
STIM0257.jpg,0,0,H2JIMG_8825.jpg
STIM0258.jpg,0,0,H2JIMG_8827.jpg
STIM0259.jpg,0,0,H2JIMG_8830.jpg
STIM0260.jpg,0,0,H2JIMG_8832.jpg
STIM0261.jpg,0,0,H2JIMG_8836.jpg
STIM0262.jpg,0,0,H2JIMG_8837.jpg
STIM0263.jpg,0,0,H2JIMG_8838.jpg
STIM0264.jpg,0,0,H2JIMG_8842.jpg
STIM0265.jpg,0,0,H2JIMG_8843.jpg
STIM0266.jpg,0,0,H2JIMG_8845.jpg
STIM0267.jpg,0,0,H2JIMG_8846.jpg
STIM0268.jpg,0,0,H2JIMG_8848.jpg
STIM0269.jpg,0,0,H2JIMG_8854.jpg
STIM0270.jpg,41.77981111111111,-87.64238611111112,H2JIMG_8987.jpg
STIM0271.jpg,41.84444166666667,-87.64634722222223,H2JIMG_9126.jpg
STIM0272.jpg,41.857875,-87.6622388888889,H2JIMG_9129.jpg
STIM0273.jpg,41.836625000000005,-87.64623333333334,H2JIMG_9164.jpg
STIM0274.jpg,41.85777222222222,-87.66720555555555,H2JIMG_9239.jpg
STIM0275.jpg,41.779627777777776,-87.65274722222223,H2JIMG_9244.jpg
STIM0276.jpg,41.77950555555555,-87.66626666666667,H2JIMG_9617.jpg
STIM0277.jpg,41.77976111111111,-87.64544722222223,H2JIMG_9697.jpg
STIM0278.jpg,41.83046388888889,-87.66863333333333,H2JIMG_9766.jpg
STIM0279.jpg,0,0,IMG_1561.jpg
STIM0280.jpg,0,0,IMG_1562.jpg
STIM0281.jpg,0,0,IMG_1563.jpg
STIM0282.jpg,0,0,IMG_1564.jpg
STIM0283.jpg,0,0,IMG_1565.jpg
STIM0284.jpg,0,0,IMG_1566.jpg
STIM0285.jpg,0,0,IMG_1567.jpg
STIM0286.jpg,0,0,IMG_1568.jpg
STIM0287.jpg,0,0,IMG_1569.jpg
STIM0288.jpg,0,0,IMG_1570.jpg
STIM0289.jpg,0,0,IMG_1571.jpg
STIM0290.jpg,0,0,IMG_1572.jpg
STIM0291.jpg,0,0,IMG_1573.jpg
STIM0292.jpg,0,0,IMG_1574.jpg
STIM0293.jpg,0,0,IMG_1575.jpg
STIM0294.jpg,0,0,IMG_1576.jpg
STIM0295.jpg,0,0,IMG_1577.jpg
STIM0296.jpg,0,0,IMG_1578.jpg
STIM0297.jpg,0,0,IMG_1579.jpg
STIM0298.jpg,0,0,IMG_1580.jpg
STIM0299.jpg,0,0,IMG_1581.jpg
STIM0300.jpg,0,0,IMG_1582.jpg
STIM0301.jpg,0,0,IMG_1583.jpg
STIM0302.jpg,0,0,IMG_1584.jpg
STIM0303.jpg,0,0,IMG_1585.jpg
STIM0304.jpg,0,0,IMG_1586.jpg
STIM0305.jpg,0,0,IMG_1587.jpg
STIM0306.jpg,0,0,IMG_1588.jpg
STIM0307.jpg,0,0,IMG_1589.jpg
STIM0308.jpg,0,0,IMG_1590.jpg
STIM0309.jpg,0,0,IMG_1591.jpg
STIM0310.jpg,0,0,IMG_1592.jpg
STIM0311.jpg,0,0,IMG_1593.jpg
STIM0312.jpg,0,0,IMG_1594.jpg
STIM0313.jpg,0,0,IMG_1595.jpg
STIM0314.jpg,0,0,IMG_1596.jpg
STIM0315.jpg,0,0,IMG_1597.jpg
STIM0316.jpg,0,0,IMG_1598.jpg
STIM0317.jpg,0,0,IMG_1599.jpg
STIM0318.jpg,0,0,IMG_1600.jpg
STIM0319.jpg,0,0,IMG_1601.jpg
STIM0320.jpg,0,0,IMG_1602.jpg
STIM0321.jpg,0,0,IMG_1603.jpg
STIM0322.jpg,0,0,IMG_1604.jpg
STIM0323.jpg,0,0,IMG_1605.jpg
STIM0324.jpg,0,0,IMG_1606.jpg
STIM0325.jpg,0,0,IMG_1607.jpg
STIM0326.jpg,0,0,IMG_1608.jpg
STIM0327.jpg,0,0,IMG_1609.jpg
STIM0328.jpg,0,0,IMG_1610.jpg
STIM0329.jpg,0,0,IMG_1611.jpg
STIM0330.jpg,0,0,IMG_1612.jpg
STIM0331.jpg,0,0,IMG_1613.jpg
STIM0332.jpg,0,0,IMG_1614.jpg
STIM0333.jpg,0,0,IMG_1615.jpg
STIM0334.jpg,0,0,IMG_1616.jpg
STIM0335.jpg,0,0,IMG_1617.jpg
STIM0336.jpg,0,0,IMG_1618.jpg
STIM0337.jpg,0,0,IMG_1619.jpg
STIM0338.jpg,0,0,IMG_1620.jpg
STIM0339.jpg,0,0,IMG_1621.jpg
STIM0340.jpg,0,0,IMG_1622.jpg
STIM0341.jpg,0,0,IMG_1623.jpg
STIM0342.jpg,0,0,IMG_1624.jpg
STIM0343.jpg,0,0,IMG_1625.jpg
STIM0344.jpg,0,0,IMG_1626.jpg
STIM0345.jpg,0,0,IMG_1627.jpg
STIM0346.jpg,0,0,IMG_1628.jpg
STIM0347.jpg,0,0,IMG_1629.jpg
STIM0348.jpg,0,0,IMG_1630.jpg
STIM0349.jpg,0,0,IMG_1631.jpg
STIM0350.jpg,0,0,IMG_1632.jpg
STIM0351.jpg,0,0,IMG_1790.jpg
STIM0352.jpg,0,0,IMG_1791.jpg
STIM0353.jpg,0,0,IMG_1792.jpg
STIM0354.jpg,0,0,IMG_1793.jpg
STIM0355.jpg,0,0,IMG_1794.jpg
STIM0356.jpg,0,0,IMG_1795.jpg
STIM0357.jpg,0,0,IMG_1796.jpg
STIM0358.jpg,0,0,IMG_1797.jpg
STIM0359.jpg,0,0,IMG_1798.jpg
STIM0360.jpg,0,0,IMG_1799.jpg
STIM0361.jpg,0,0,IMG_1800.jpg
STIM0362.jpg,0,0,IMG_1801.jpg
STIM0363.jpg,0,0,IMG_1802.jpg
STIM0364.jpg,0,0,IMG_1803.jpg
STIM0365.jpg,0,0,IMG_1804.jpg
STIM0366.jpg,0,0,IMG_1805.jpg
STIM0367.jpg,0,0,IMG_1806.jpg
STIM0368.jpg,0,0,IMG_1807.jpg
STIM0369.jpg,0,0,IMG_1808.jpg
STIM0370.jpg,0,0,IMG_1809.jpg
STIM0371.jpg,0,0,IMG_1810.jpg
STIM0372.jpg,0,0,IMG_1811.jpg
STIM0373.jpg,0,0,IMG_1812.jpg
STIM0374.jpg,0,0,IMG_1813.jpg
STIM0375.jpg,0,0,IMG_1814.jpg
STIM0376.jpg,0,0,IMG_1815.jpg
STIM0377.jpg,0,0,IMG_1816.jpg
STIM0378.jpg,0,0,IMG_1817.jpg
STIM0379.jpg,0,0,IMG_1818.jpg
STIM0380.jpg,0,0,IMG_1819.jpg
STIM0381.jpg,0,0,IMG_1820.jpg
STIM0382.jpg,0,0,IMG_1821.jpg
STIM0383.jpg,0,0,IMG_1822.jpg
STIM0384.jpg,0,0,IMG_1823.jpg
STIM0385.jpg,0,0,IMG_1824.jpg
STIM0386.jpg,0,0,IMG_1825.jpg
STIM0387.jpg,0,0,IMG_1826.jpg
STIM0388.jpg,0,0,IMG_1827.jpg
STIM0389.jpg,0,0,IMG_1828.jpg
STIM0390.jpg,0,0,IMG_1829.jpg
STIM0391.jpg,0,0,IMG_1830.jpg
STIM0392.jpg,0,0,IMG_1831.jpg
STIM0393.jpg,0,0,IMG_1832.jpg
STIM0394.jpg,0,0,IMG_1833.jpg
STIM0395.jpg,0,0,IMG_1834.jpg
STIM0396.jpg,0,0,IMG_1835.jpg
STIM0397.jpg,0,0,IMG_1836.jpg
STIM0398.jpg,0,0,IMG_1837.jpg
STIM0399.jpg,0,0,IMG_1838.jpg
STIM0400.jpg,0,0,IMG_1839.jpg
STIM0401.jpg,0,0,IMG_1840.jpg
STIM0402.jpg,0,0,IMG_1841.jpg
STIM0403.jpg,0,0,IMG_1842.jpg
STIM0404.jpg,0,0,IMG_1843.jpg
STIM0405.jpg,0,0,IMG_1844.jpg
STIM0406.jpg,0,0,IMG_1845.jpg
STIM0407.jpg,0,0,IMG_1846.jpg
STIM0408.jpg,0,0,IMG_1847.jpg
STIM0409.jpg,0,0,IMG_1848.jpg
STIM0410.jpg,0,0,IMG_1849.jpg
STIM0411.jpg,0,0,IMG_1850.jpg
STIM0412.jpg,0,0,IMG_1851.jpg
STIM0413.jpg,0,0,IMG_1852.jpg
STIM0414.jpg,0,0,IMG_1853.jpg
STIM0415.jpg,0,0,IMG_1854.jpg
STIM0416.jpg,0,0,IMG_1855.jpg
STIM0417.jpg,0,0,IMG_1856.jpg
STIM0418.jpg,0,0,IMG_1857.jpg
STIM0419.jpg,0,0,IMG_1858.jpg
STIM0420.jpg,0,0,IMG_1859.jpg
STIM0421.jpg,0,0,IMG_1860.jpg
STIM0422.jpg,0,0,IMG_1861.jpg
STIM0423.jpg,0,0,IMG_1862.jpg
STIM0424.jpg,0,0,IMG_1863.jpg
STIM0425.jpg,0,0,IMG_1864.jpg
STIM0426.jpg,0,0,IMG_1865.jpg
STIM0427.jpg,0,0,IMG_1866.jpg
STIM0428.jpg,0,0,IMG_1867.jpg
STIM0429.jpg,0,0,IMG_1868.jpg
STIM0430.jpg,0,0,IMG_1869.jpg
STIM0431.jpg,0,0,IMG_1870.jpg
STIM0432.jpg,0,0,IMG_1871.jpg
STIM0433.jpg,0,0,IMG_1872.jpg
STIM0434.jpg,0,0,IMG_1873.jpg
STIM0435.jpg,0,0,IMG_1874.jpg
STIM0436.jpg,0,0,IMG_1875.jpg
STIM0437.jpg,0,0,IMG_1876.jpg
STIM0438.jpg,0,0,IMG_1877.jpg
STIM0439.jpg,0,0,IMG_1878.jpg
STIM0440.jpg,0,0,IMG_1879.jpg
STIM0441.jpg,0,0,IMG_1880.jpg
STIM0442.jpg,0,0,IMG_1881.jpg
STIM0443.jpg,0,0,IMG_1882.jpg
STIM0444.jpg,0,0,IMG_1883.jpg
STIM0445.jpg,0,0,IMG_1884.jpg
STIM0446.jpg,0,0,IMG_1885.jpg
STIM0447.jpg,0,0,IMG_1886.jpg
STIM0448.jpg,0,0,IMG_1887.jpg
STIM0449.jpg,0,0,IMG_1888.jpg
STIM0450.jpg,0,0,IMG_1889.jpg
STIM0451.jpg,0,0,IMG_1890.jpg
STIM0452.jpg,0,0,IMG_1891.jpg
STIM0453.jpg,0,0,IMG_1892.jpg
STIM0454.jpg,0,0,IMG_1893.jpg
STIM0455.jpg,0,0,IMG_1894.jpg
STIM0456.jpg,0,0,IMG_1895.jpg
STIM0457.jpg,0,0,IMG_1896.jpg
STIM0458.jpg,0,0,IMG_1897.jpg
STIM0459.jpg,0,0,IMG_1898.jpg
STIM0460.jpg,0,0,IMG_1899.jpg
STIM0461.jpg,0,0,IMG_1900.jpg
STIM0462.jpg,0,0,IMG_1901.jpg
STIM0463.jpg,0,0,IMG_1902.jpg
STIM0464.jpg,0,0,IMG_1903.jpg
STIM0465.jpg,0,0,IMG_1904.jpg
STIM0466.jpg,0,0,IMG_1905.jpg
STIM0467.jpg,0,0,IMG_1906.jpg
STIM0468.jpg,0,0,IMG_1907.jpg
STIM0469.jpg,0,0,IMG_1908.jpg
STIM0470.jpg,0,0,IMG_1909.jpg
STIM0471.jpg,0,0,IMG_1910.jpg
STIM0472.jpg,0,0,IMG_1911.jpg
STIM0473.jpg,0,0,IMG_1912.jpg
STIM0474.jpg,0,0,IMG_1913.jpg
STIM0475.jpg,0,0,IMG_1914.jpg
STIM0476.jpg,0,0,IMG_1915.jpg
STIM0477.jpg,0,0,IMG_1916.jpg
STIM0478.jpg,0,0,IMG_1917.jpg
STIM0479.jpg,0,0,IMG_1918.jpg
STIM0480.jpg,0,0,IMG_1919.jpg
STIM0481.jpg,0,0,IMG_1920.jpg
STIM0482.jpg,0,0,IMG_1921.jpg
STIM0483.jpg,0,0,IMG_1922.jpg
STIM0484.jpg,0,0,IMG_1923.jpg
STIM0485.jpg,0,0,IMG_1924.jpg
STIM0486.jpg,0,0,IMG_1925.jpg
STIM0487.jpg,0,0,IMG_1926.jpg
STIM0488.jpg,0,0,IMG_1927.jpg
STIM0489.jpg,0,0,IMG_1928.jpg
STIM0490.jpg,0,0,IMG_1929.jpg
STIM0491.jpg,0,0,IMG_1930.jpg
STIM0492.jpg,0,0,IMG_1931.jpg
STIM0493.jpg,0,0,IMG_1932.jpg
STIM0494.jpg,0,0,IMG_1933.jpg
STIM0495.jpg,0,0,IMG_1934.jpg
STIM0496.jpg,0,0,IMG_1935.jpg
STIM0497.jpg,0,0,IMG_1936.jpg
STIM0498.jpg,0,0,IMG_1937.jpg
STIM0499.jpg,0,0,IMG_1938.jpg
STIM0500.jpg,0,0,IMG_1939.jpg
STIM0501.jpg,0,0,IMG_1940.jpg
STIM0502.jpg,0,0,IMG_1941.jpg
STIM0503.jpg,0,0,IMG_1942.jpg
STIM0504.jpg,0,0,IMG_1943.jpg
STIM0505.jpg,0,0,IMG_1944.jpg
STIM0506.jpg,0,0,IMG_1945.jpg
STIM0507.jpg,0,0,IMG_1946.jpg
STIM0508.jpg,0,0,IMG_1947.jpg
STIM0509.jpg,0,0,IMG_1948.jpg
STIM0510.jpg,0,0,IMG_1949.jpg
STIM0511.jpg,0,0,IMG_1950.jpg
STIM0512.jpg,0,0,IMG_1951.jpg
STIM0513.jpg,0,0,IMG_1952.jpg
STIM0514.jpg,0,0,IMG_1953.jpg
STIM0515.jpg,0,0,IMG_1954.jpg
STIM0516.jpg,0,0,IMG_1955.jpg
STIM0517.jpg,0,0,IMG_1956.jpg
STIM0518.jpg,0,0,IMG_1957.jpg
STIM0519.jpg,0,0,IMG_1958.jpg
STIM0520.jpg,0,0,IMG_1959.jpg
STIM0521.jpg,0,0,IMG_1960.jpg
STIM0522.jpg,0,0,IMG_1961.jpg
STIM0523.jpg,0,0,IMG_1962.jpg
STIM0524.jpg,0,0,IMG_1963.jpg
STIM0525.jpg,0,0,IMG_1964.jpg
STIM0526.jpg,0,0,IMG_1965.jpg
STIM0527.jpg,0,0,IMG_1966.jpg
STIM0528.jpg,0,0,IMG_1967.jpg
STIM0529.jpg,0,0,IMG_1968.jpg
STIM0530.jpg,0,0,IMG_1969.jpg
STIM0531.jpg,0,0,IMG_1970.jpg
STIM0532.jpg,0,0,IMG_1971.jpg
STIM0533.jpg,0,0,IMG_1972.jpg
STIM0534.jpg,0,0,IMG_1973.jpg
STIM0535.jpg,0,0,IMG_1974.jpg
STIM0536.jpg,0,0,IMG_1975.jpg
STIM0537.jpg,0,0,IMG_1976.jpg
STIM0538.jpg,0,0,IMG_1977.jpg
STIM0539.jpg,0,0,IMG_1978.jpg
STIM0540.jpg,0,0,IMG_1979.jpg
STIM0541.jpg,0,0,IMG_1980.jpg
STIM0542.jpg,0,0,IMG_1981.jpg
STIM0543.jpg,0,0,IMG_1982.jpg
STIM0544.jpg,0,0,IMG_1983.jpg
STIM0545.jpg,0,0,IMG_1984.jpg
STIM0546.jpg,0,0,IMG_1985.jpg
STIM0547.jpg,0,0,IMG_1986.jpg
STIM0548.jpg,0,0,IMG_1987.jpg
STIM0549.jpg,0,0,IMG_1988.jpg
STIM0550.jpg,0,0,IMG_1989.jpg
STIM0551.jpg,0,0,IMG_1990.jpg
STIM0552.jpg,0,0,IMG_1991.jpg
STIM0553.jpg,0,0,IMG_1992.jpg
STIM0554.jpg,0,0,IMG_1993.jpg
STIM0555.jpg,0,0,IMG_1994.jpg
STIM0556.jpg,0,0,IMG_1995.jpg
STIM0557.jpg,0,0,IMG_1996.jpg
STIM0558.jpg,0,0,IMG_1997.jpg
STIM0559.jpg,0,0,IMG_1998.jpg
STIM0560.jpg,0,0,IMG_1999.jpg
STIM0561.jpg,0,0,IMG_2001.jpg
STIM0562.jpg,0,0,IMG_2002.jpg
STIM0563.jpg,0,0,IMG_2003.jpg
STIM0564.jpg,0,0,IMG_2004.jpg
STIM0565.jpg,0,0,IMG_2005.jpg
STIM0566.jpg,0,0,IMG_2006.jpg
STIM0567.jpg,0,0,IMG_2007.jpg
STIM0568.jpg,0,0,IMG_2008.jpg
STIM0569.jpg,0,0,IMG_2009.jpg
STIM0570.jpg,0,0,IMG_2010.jpg
STIM0571.jpg,0,0,IMG_2011.jpg
STIM0572.jpg,0,0,IMG_2012.jpg
STIM0573.jpg,0,0,IMG_2013.jpg
STIM0574.jpg,0,0,IMG_2014.jpg
STIM0575.jpg,0,0,IMG_2015.jpg
STIM0576.jpg,0,0,IMG_2016.jpg
STIM0577.jpg,0,0,IMG_2017.jpg
STIM0578.jpg,0,0,IMG_2018.jpg
STIM0579.jpg,0,0,IMG_2019.jpg
STIM0580.jpg,0,0,IMG_2020.jpg
STIM0581.jpg,0,0,IMG_2021.jpg
STIM0582.jpg,0,0,IMG_2022.jpg
STIM0583.jpg,0,0,IMG_2023.jpg
STIM0584.jpg,0,0,IMG_2024.jpg
STIM0585.jpg,0,0,IMG_2025.jpg
STIM0586.jpg,0,0,IMG_2026.jpg
STIM0587.jpg,0,0,IMG_2027.jpg
STIM0588.jpg,0,0,IMG_2028.jpg
STIM0589.jpg,0,0,IMG_2029.jpg
STIM0590.jpg,0,0,IMG_2030.jpg
STIM0591.jpg,0,0,IMG_2031.jpg
STIM0592.jpg,0,0,IMG_2032.jpg
STIM0593.jpg,0,0,IMG_2033.jpg
STIM0594.jpg,0,0,IMG_2034.jpg
STIM0595.jpg,0,0,IMG_2035.jpg
STIM0596.jpg,0,0,IMG_2036.jpg
STIM0597.jpg,0,0,IMG_2037.jpg
STIM0598.jpg,0,0,IMG_2038.jpg
STIM0599.jpg,0,0,IMG_2039.jpg
STIM0600.jpg,0,0,IMG_2040.jpg
STIM0601.jpg,0,0,IMG_2041.jpg
STIM0602.jpg,0,0,IMG_2042.jpg
STIM0603.jpg,0,0,IMG_2043.jpg
STIM0604.jpg,0,0,IMG_2044.jpg
STIM0605.jpg,0,0,IMG_2045.jpg
STIM0606.jpg,0,0,IMG_2046.jpg
STIM0607.jpg,0,0,IMG_2047.jpg
STIM0608.jpg,0,0,IMG_2048.jpg
STIM0609.jpg,0,0,IMG_2049.jpg
STIM0610.jpg,0,0,IMG_2050.jpg
STIM0611.jpg,0,0,IMG_2051.jpg
STIM0612.jpg,0,0,IMG_2052.jpg
STIM0613.jpg,0,0,IMG_2077.jpg
STIM0614.jpg,0,0,IMG_2078.jpg
STIM0615.jpg,0,0,IMG_2079.jpg
STIM0616.jpg,0,0,IMG_2080.jpg
STIM0617.jpg,0,0,IMG_2081.jpg
STIM0618.jpg,0,0,IMG_2082.jpg
STIM0619.jpg,0,0,IMG_2083.jpg
STIM0620.jpg,0,0,IMG_2084.jpg
STIM0621.jpg,0,0,IMG_2085.jpg
STIM0622.jpg,0,0,IMG_2086.jpg
STIM0623.jpg,0,0,IMG_2087.jpg
STIM0624.jpg,0,0,IMG_2088.jpg
STIM0625.jpg,0,0,IMG_2089.jpg
STIM0626.jpg,0,0,IMG_2090.jpg
STIM0627.jpg,0,0,IMG_2091.jpg
STIM0628.jpg,0,0,IMG_2092.jpg
STIM0629.jpg,0,0,IMG_2093.jpg
STIM0630.jpg,0,0,IMG_2094.jpg
STIM0631.jpg,0,0,IMG_2095.jpg
STIM0632.jpg,0,0,IMG_2096.jpg
STIM0633.jpg,0,0,IMG_2097.jpg
STIM0634.jpg,0,0,IMG_2098.jpg
STIM0635.jpg,0,0,IMG_2099.jpg
STIM0636.jpg,0,0,IMG_2100.jpg
STIM0637.jpg,0,0,IMG_2101.jpg
STIM0638.jpg,0,0,IMG_2102.jpg
STIM0639.jpg,0,0,IMG_2103.jpg
STIM0640.jpg,0,0,IMG_2104.jpg
STIM0641.jpg,0,0,IMG_2105.jpg
STIM0642.jpg,0,0,IMG_2106.jpg
STIM0643.jpg,0,0,IMG_2107.jpg
STIM0644.jpg,0,0,IMG_2108.jpg
STIM0645.jpg,0,0,IMG_2109.jpg
STIM0646.jpg,0,0,IMG_2110.jpg
STIM0647.jpg,0,0,IMG_2111.jpg
STIM0648.jpg,0,0,IMG_2112.jpg
STIM0649.jpg,0,0,IMG_2113.jpg
STIM0650.jpg,0,0,IMG_2114.jpg
STIM0651.jpg,0,0,IMG_2115.jpg
STIM0652.jpg,0,0,IMG_2116.jpg
STIM0653.jpg,0,0,IMG_2117.jpg
STIM0654.jpg,0,0,IMG_2118.jpg
STIM0655.jpg,0,0,IMG_2119.jpg
STIM0656.jpg,0,0,IMG_2120.jpg
STIM0657.jpg,0,0,IMG_2121.jpg
STIM0658.jpg,0,0,IMG_2122.jpg
STIM0659.jpg,0,0,IMG_2123.jpg
STIM0660.jpg,0,0,IMG_2124.jpg
STIM0661.jpg,0,0,IMG_2125.jpg
STIM0662.jpg,0,0,IMG_2126.jpg
STIM0663.jpg,0,0,IMG_2127.jpg
STIM0664.jpg,0,0,IMG_2128.jpg
STIM0665.jpg,0,0,IMG_2129.jpg
STIM0666.jpg,0,0,IMG_2130.jpg
STIM0667.jpg,0,0,IMG_2131.jpg
STIM0668.jpg,0,0,IMG_2132.jpg
STIM0669.jpg,0,0,IMG_2133.jpg
STIM0670.jpg,0,0,IMG_2134.jpg
STIM0671.jpg,0,0,IMG_2135.jpg
STIM0672.jpg,0,0,IMG_2136.jpg
STIM0673.jpg,0,0,IMG_2137.jpg
STIM0674.jpg,0,0,IMG_2138.jpg
STIM0675.jpg,0,0,IMG_2139.jpg
STIM0676.jpg,0,0,IMG_2140.jpg
STIM0677.jpg,0,0,IMG_2141.jpg
STIM0678.jpg,0,0,IMG_2142.jpg
STIM0679.jpg,0,0,IMG_2143.jpg
STIM0680.jpg,0,0,IMG_2144.jpg
STIM0681.jpg,0,0,IMG_2145.jpg
STIM0682.jpg,0,0,IMG_2146.jpg
STIM0683.jpg,0,0,IMG_2147.jpg
STIM0684.jpg,0,0,IMG_2148.jpg
STIM0685.jpg,0,0,IMG_2149.jpg
STIM0686.jpg,0,0,IMG_2150.jpg
STIM0687.jpg,0,0,IMG_2151.jpg
STIM0688.jpg,0,0,IMG_2152.jpg
STIM0689.jpg,0,0,IMG_2153.jpg
STIM0690.jpg,0,0,IMG_2154.jpg
STIM0691.jpg,0,0,IMG_2155.jpg
STIM0692.jpg,0,0,IMG_2156.jpg
STIM0693.jpg,0,0,IMG_2157.jpg
STIM0694.jpg,0,0,IMG_2158.jpg
STIM0695.jpg,0,0,IMG_2159.jpg
STIM0696.jpg,0,0,IMG_2160.jpg
STIM0697.jpg,0,0,IMG_2161.jpg
STIM0698.jpg,0,0,IMG_2162.jpg
STIM0699.jpg,0,0,IMG_2163.jpg
STIM0700.jpg,0,0,IMG_2164.jpg
STIM0701.jpg,0,0,IMG_2165.jpg
STIM0702.jpg,0,0,IMG_2166.jpg
STIM0703.jpg,0,0,IMG_2167.jpg
STIM0704.jpg,0,0,IMG_2168.jpg
STIM0705.jpg,0,0,IMG_2169.jpg
STIM0706.jpg,0,0,IMG_2170.jpg
STIM0707.jpg,0,0,IMG_2171.jpg
STIM0708.jpg,0,0,IMG_2172.jpg
STIM0709.jpg,0,0,IMG_2173.jpg
STIM0710.jpg,0,0,IMG_2174.jpg
STIM0711.jpg,0,0,IMG_2175.jpg
STIM0712.jpg,0,0,IMG_2176.jpg
STIM0713.jpg,0,0,IMG_2177.jpg
STIM0714.jpg,0,0,IMG_2178.jpg
STIM0715.jpg,0,0,IMG_2179.jpg
STIM0716.jpg,0,0,IMG_2180.jpg
STIM0717.jpg,0,0,IMG_2181.jpg
STIM0718.jpg,0,0,IMG_2182.jpg
STIM0719.jpg,0,0,IMG_2183.jpg
STIM0720.jpg,0,0,IMG_2184.jpg
STIM0721.jpg,0,0,IMG_2185.jpg
STIM0722.jpg,0,0,IMG_2186.jpg
STIM0723.jpg,0,0,IMG_2187.jpg
STIM0724.jpg,0,0,IMG_2188.jpg
STIM0725.jpg,0,0,IMG_2189.jpg
STIM0726.jpg,0,0,IMG_2190.jpg
STIM0727.jpg,0,0,IMG_2191.jpg
STIM0728.jpg,0,0,IMG_2192.jpg
STIM0729.jpg,0,0,IMG_2193.jpg
STIM0730.jpg,0,0,IMG_2194.jpg
STIM0731.jpg,0,0,IMG_2195.jpg
STIM0732.jpg,0,0,IMG_2196.jpg
STIM0733.jpg,0,0,IMG_2197.jpg
STIM0734.jpg,0,0,IMG_2198.jpg
STIM0735.jpg,0,0,IMG_2199.jpg
STIM0736.jpg,0,0,IMG_2200.jpg
STIM0737.jpg,0,0,IMG_2201.jpg
STIM0738.jpg,0,0,IMG_2216.jpg
STIM0739.jpg,0,0,IMG_2217.jpg
STIM0740.jpg,0,0,IMG_2218.jpg
STIM0741.jpg,0,0,IMG_2219.jpg
STIM0742.jpg,0,0,IMG_2220.jpg
STIM0743.jpg,0,0,IMG_2221.jpg
STIM0744.jpg,0,0,IMG_2222.jpg
STIM0745.jpg,0,0,IMG_2223.jpg
STIM0746.jpg,0,0,IMG_2224.jpg
STIM0747.jpg,0,0,IMG_2225.jpg
STIM0748.jpg,0,0,IMG_2226.jpg
STIM0749.jpg,0,0,IMG_2227.jpg
STIM0750.jpg,0,0,IMG_2228.jpg
STIM0751.jpg,0,0,IMG_2229.jpg
STIM0752.jpg,0,0,IMG_2230.jpg
STIM0753.jpg,0,0,IMG_2231.jpg
STIM0754.jpg,0,0,IMG_2232.jpg
STIM0755.jpg,0,0,IMG_2233.jpg
STIM0756.jpg,0,0,IMG_2234.jpg
STIM0757.jpg,0,0,IMG_2235.jpg
STIM0758.jpg,0,0,IMG_2236.jpg
STIM0759.jpg,0,0,IMG_2237.jpg
STIM0760.jpg,0,0,IMG_2238.jpg
STIM0761.jpg,0,0,IMG_2239.jpg
STIM0762.jpg,0,0,IMG_2240.jpg
STIM0763.jpg,0,0,IMG_2241.jpg
STIM0764.jpg,0,0,IMG_2242.jpg
STIM0765.jpg,0,0,IMG_2244.jpg
STIM0766.jpg,0,0,IMG_2259.jpg
STIM0767.jpg,0,0,IMG_2260.jpg
STIM0768.jpg,0,0,IMG_2261.jpg
STIM0769.jpg,0,0,IMG_2262.jpg
STIM0770.jpg,0,0,IMG_2263.jpg
STIM0771.jpg,41.891041666666666,-87.62245277777777,IMG_3334.JPG
STIM0772.jpg,41.89086111111111,-87.62449722222222,IMG_3335.JPG
STIM0773.jpg,41.890744444444444,-87.62455833333333,IMG_3336.JPG
STIM0774.jpg,41.89085277777778,-87.624625,IMG_3337.JPG
STIM0775.jpg,41.89256944444445,-87.62443611111111,IMG_3338.JPG
STIM0776.jpg,41.89247777777778,-87.62410833333333,IMG_3339.JPG
STIM0777.jpg,41.89324444444444,-87.62415277777777,IMG_3340.JPG
STIM0778.jpg,41.89323888888889,-87.62421388888889,IMG_3341.JPG
STIM0779.jpg,41.893769444444445,-87.62374999999999,IMG_3342.JPG
STIM0780.jpg,41.89411944444444,-87.62405277777778,IMG_3343.JPG
STIM0781.jpg,41.894219444444445,-87.62460277777777,IMG_3344.JPG
STIM0782.jpg,41.89465833333333,-87.62449722222222,IMG_3345.JPG
STIM0783.jpg,41.894958333333335,-87.62426111111111,IMG_3346.JPG
STIM0784.jpg,41.89494722222222,-87.62424444444444,IMG_3347.JPG
STIM0785.jpg,41.895047222222225,-87.62402222222221,IMG_3348.JPG
STIM0786.jpg,41.89556944444444,-87.6239611111111,IMG_3349.JPG
STIM0787.jpg,41.89669722222222,-87.6254111111111,IMG_3350.JPG
STIM0788.jpg,41.896747222222224,-87.62577777777777,IMG_3351.JPG
STIM0789.jpg,41.896855555555554,-87.62700555555556,IMG_3352.JPG
STIM0790.jpg,41.896816666666666,-87.62814999999999,IMG_3353.JPG
STIM0791.jpg,41.89725,-87.62864722222221,IMG_3354.JPG
STIM0792.jpg,41.89732222222222,-87.62846388888889,IMG_3355.JPG
STIM0793.jpg,41.89885,-87.62773888888889,IMG_3356.JPG
STIM0794.jpg,41.899363888888885,-87.62832777777777,IMG_3357.JPG
STIM0795.jpg,41.89930277777778,-87.62850277777777,IMG_3358.JPG
STIM0796.jpg,41.899947222222224,-87.62830277777778,IMG_3359.JPG
STIM0797.jpg,41.90015,-87.62989722222221,IMG_3360.JPG
STIM0798.jpg,41.900574999999996,-87.62998333333333,IMG_3361.JPG
STIM0799.jpg,41.90053611111111,-87.63134722222222,IMG_3362.JPG
STIM0800.jpg,41.9005,-87.63287222222222,IMG_3363.JPG
STIM0801.jpg,41.900619444444445,-87.63296388888888,IMG_3364.JPG
STIM0802.jpg,41.90069166666667,-87.63443055555557,IMG_3365.JPG
STIM0803.jpg,41.900475,-87.63457500000001,IMG_3366.JPG
STIM0804.jpg,41.90045555555555,-87.63733611111111,IMG_3367.JPG
STIM0805.jpg,41.900505555555554,-87.63748055555556,IMG_3368.JPG
STIM0806.jpg,41.90049444444444,-87.63997777777779,IMG_3369.JPG
STIM0807.jpg,41.900616666666664,-87.64100555555557,IMG_3370.JPG
STIM0808.jpg,41.900375,-87.64300555555556,IMG_3371.JPG
STIM0809.jpg,41.900275,-87.64378333333335,IMG_3372.JPG
STIM0810.jpg,41.900241666666666,-87.6438138888889,IMG_3373.JPG
STIM0811.jpg,41.904852777777776,-87.64795555555557,IMG_3377.JPG
STIM0812.jpg,41.907558333333334,-87.64817777777779,IMG_3378.JPG
STIM0813.jpg,41.90854722222222,-87.64809444444445,IMG_3379.JPG
STIM0814.jpg,41.90980277777778,-87.64820833333334,IMG_3380.JPG
STIM0815.jpg,41.91095277777777,-87.64862777777779,IMG_3381.JPG
STIM0816.jpg,41.91067222222222,-87.64934444444445,IMG_3382.JPG
STIM0817.jpg,41.91108333333333,-87.64969722222223,IMG_3383.JPG
STIM0818.jpg,41.913891666666665,-87.65336666666667,IMG_3384.JPG
STIM0819.jpg,41.914569444444446,-87.65450277777778,IMG_3385.JPG
STIM0820.jpg,41.91723888888889,-87.65813333333334,IMG_3386.JPG
STIM0821.jpg,41.91852222222222,-87.65994166666667,IMG_3387.JPG
STIM0822.jpg,41.88941944444444,-87.62590833333333,IMG_3441.JPG
STIM0823.jpg,41.889941666666665,-87.62572499999999,IMG_3442.JPG
STIM0824.jpg,41.89002222222222,-87.62684722222221,IMG_3443.JPG
STIM0825.jpg,41.89040833333333,-87.62719722222222,IMG_3444.JPG
STIM0826.jpg,41.89021944444444,-87.62801388888889,IMG_3445.JPG
STIM0827.jpg,41.890175,-87.62963888888888,IMG_3446.JPG
STIM0828.jpg,41.89015555555555,-87.62975277777777,IMG_3447.JPG
STIM0829.jpg,41.89015277777778,-87.62978333333332,IMG_3448.JPG
STIM0830.jpg,41.89015555555555,-87.63100555555555,IMG_3449.JPG
STIM0831.jpg,41.89017777777778,-87.63109722222221,IMG_3450.JPG
STIM0832.jpg,41.890144444444445,-87.6325611111111,IMG_3451.JPG
STIM0833.jpg,41.89013333333333,-87.6325611111111,IMG_3452.JPG
STIM0834.jpg,41.89102222222222,-87.6325611111111,IMG_3453.JPG
STIM0835.jpg,41.890744444444444,-87.63402500000001,IMG_3454.JPG
STIM0836.jpg,41.89072777777778,-87.63408611111112,IMG_3455.JPG
STIM0837.jpg,41.89089722222222,-87.6357888888889,IMG_3456.JPG
STIM0838.jpg,41.89165833333333,-87.63565833333334,IMG_3457.JPG
STIM0839.jpg,41.891555555555556,-87.63574166666668,IMG_3458.JPG
STIM0840.jpg,41.891727777777774,-87.63704722222222,IMG_3459.JPG
STIM0841.jpg,41.89089722222222,-87.63681111111111,IMG_3460.JPG
STIM0842.jpg,41.88999166666667,-87.63706944444445,IMG_3461.JPG
STIM0843.jpg,41.88914166666667,-87.63684722222223,IMG_3462.JPG
STIM0844.jpg,41.88709722222222,-87.63545277777779,IMG_3463.JPG
STIM0845.jpg,41.886825,-87.63540555555556,IMG_3464.JPG
STIM0846.jpg,41.88574166666667,-87.63697777777779,IMG_3465.JPG
STIM0847.jpg,41.88531388888889,-87.63554444444445,IMG_3466.JPG
STIM0848.jpg,41.88515,-87.63617777777779,IMG_3467.JPG
STIM0849.jpg,41.8847,-87.63648333333335,IMG_3468.JPG
STIM0850.jpg,41.88459722222222,-87.63998333333333,IMG_3469.JPG
STIM0851.jpg,41.884575,-87.63990000000001,IMG_3470.JPG
STIM0852.jpg,41.88466944444444,-87.64112777777778,IMG_3471.JPG
STIM0853.jpg,41.88505277777778,-87.64289722222223,IMG_3472.JPG
STIM0854.jpg,41.88423888888889,-87.64308055555556,IMG_3474.JPG
STIM0855.jpg,41.88332777777778,-87.6439888888889,IMG_3475.JPG
STIM0856.jpg,41.88316388888889,-87.6439888888889,IMG_3476.JPG
STIM0857.jpg,41.88178333333333,-87.6426388888889,IMG_3477.JPG
STIM0858.jpg,41.88181388888889,-87.64243333333334,IMG_3478.JPG
STIM0859.jpg,41.88169722222222,-87.6412888888889,IMG_3479.JPG
STIM0860.jpg,41.881702777777775,-87.64121944444445,IMG_3480.JPG
STIM0861.jpg,41.88178611111111,-87.64106111111111,IMG_3481.JPG
STIM0862.jpg,41.88196111111111,-87.63955,IMG_3484.JPG
STIM0863.jpg,41.881905555555555,-87.63918333333334,IMG_3485.JPG
STIM0864.jpg,41.880855555555556,-87.63710833333334,IMG_3486.JPG
STIM0865.jpg,41.88148611111111,-87.6354,IMG_3487.JPG
STIM0866.jpg,41.88122222222222,-87.63544444444445,IMG_3488.JPG
STIM0867.jpg,41.88189722222222,-87.63359166666667,IMG_3489.JPG
STIM0868.jpg,41.881838888888886,-87.63284166666666,IMG_3490.JPG
STIM0869.jpg,41.881816666666666,-87.63272222222221,IMG_3491.JPG
STIM0870.jpg,41.881675,-87.63049444444444,IMG_3492.JPG
STIM0871.jpg,41.88216666666667,-87.63085833333332,IMG_3493.JPG
STIM0872.jpg,41.88198888888889,-87.62994444444443,IMG_3495.JPG
STIM0873.jpg,41.882266666666666,-87.62951666666666,IMG_3496.JPG
STIM0874.jpg,41.88181388888889,-87.62788333333333,IMG_3497.JPG
STIM0875.jpg,41.88185,-87.6278,IMG_3498.JPG
STIM0876.jpg,41.8896,-87.62038333333332,IMG_3532.JPG
STIM0877.jpg,41.88956944444445,-87.62038333333332,IMG_3533.JPG
STIM0878.jpg,41.89113888888889,-87.62101666666666,IMG_3534.JPG
STIM0879.jpg,41.89100555555555,-87.61871388888888,IMG_3535.JPG
STIM0880.jpg,41.89109166666667,-87.61774444444444,IMG_3536.JPG
STIM0881.jpg,41.891016666666665,-87.61767499999999,IMG_3537.JPG
STIM0882.jpg,41.89143055555556,-87.61688333333332,IMG_3538.JPG
STIM0883.jpg,41.89129722222222,-87.61529444444444,IMG_3539.JPG
STIM0884.jpg,41.891625,-87.61778333333332,IMG_3540.JPG
STIM0885.jpg,41.892069444444445,-87.6177,IMG_3541.JPG
STIM0886.jpg,41.891894444444446,-87.62020833333332,IMG_3542.JPG
STIM0887.jpg,41.891894444444446,-87.62020833333332,IMG_3543.JPG
STIM0888.jpg,41.891725,-87.61997222222222,IMG_3544.JPG
STIM0889.jpg,41.887702777777776,-87.62087222222222,IMG_3545.JPG
STIM0890.jpg,41.88794722222222,-87.62053611111111,IMG_3546.JPG
STIM0891.jpg,41.887816666666666,-87.62043055555554,IMG_3547.JPG
STIM0892.jpg,41.888016666666665,-87.6225361111111,IMG_3548.JPG
STIM0893.jpg,41.88772222222222,-87.62464166666666,IMG_3549.JPG
STIM0894.jpg,41.88664166666667,-87.62451944444443,IMG_3550.JPG
STIM0895.jpg,41.88570833333333,-87.62421388888889,IMG_3551.JPG
STIM0896.jpg,41.88570833333333,-87.62421388888889,IMG_3552.JPG
STIM0897.jpg,41.884369444444445,-87.62418333333332,IMG_3553.JPG
STIM0898.jpg,41.884502777777776,-87.62431388888888,IMG_3554.JPG
STIM0899.jpg,41.88330555555556,-87.62458055555555,IMG_3555.JPG
STIM0900.jpg,41.882275,-87.6246861111111,IMG_3556.JPG
STIM0901.jpg,41.88083611111111,-87.62465555555555,IMG_3557.JPG
STIM0902.jpg,41.88083611111111,-87.62465555555555,IMG_3558.JPG
STIM0903.jpg,41.87946388888889,-87.62463333333332,IMG_3559.JPG
STIM0904.jpg,41.879525,-87.62603055555554,IMG_3560.JPG
STIM0905.jpg,41.87955,-87.62609166666665,IMG_3562.JPG
STIM0906.jpg,41.87958611111111,-87.6278,IMG_3563.JPG
STIM0907.jpg,41.88001666666667,-87.62769444444444,IMG_3564.JPG
STIM0908.jpg,41.87904722222222,-87.62981388888888,IMG_3565.JPG
STIM0909.jpg,41.87938055555556,-87.62901944444444,IMG_3566.JPG
STIM0910.jpg,41.87945833333333,-87.63062222222221,IMG_3567.JPG
STIM0911.jpg,41.879355555555556,-87.63069166666666,IMG_3568.JPG
STIM0912.jpg,41.879355555555556,-87.63231666666665,IMG_3569.JPG
STIM0913.jpg,41.879352777777775,-87.63250833333332,IMG_3570.JPG
STIM0914.jpg,41.879444444444445,-87.63394166666667,IMG_3571.JPG
STIM0915.jpg,41.87809722222222,-87.63381111111111,IMG_3572.JPG
STIM0916.jpg,41.87809722222222,-87.63381111111111,IMG_3573.JPG
STIM0917.jpg,41.876725,-87.63349166666667,IMG_3574.JPG
STIM0918.jpg,41.876647222222225,-87.63336111111111,IMG_3575.JPG
STIM0919.jpg,41.876647222222225,-87.63336111111111,IMG_3576.JPG
STIM0920.jpg,41.876805555555556,-87.63268333333333,IMG_3577.JPG
STIM0921.jpg,41.877,-87.63157777777778,IMG_3578.JPG
STIM0922.jpg,41.87777222222222,-87.63007222222221,IMG_3579.JPG
STIM0923.jpg,41.87695,-87.63085833333332,IMG_3580.JPG
STIM0924.jpg,41.876869444444445,-87.63037777777777,IMG_3582.JPG
STIM0925.jpg,41.876961111111115,-87.62970833333333,IMG_3583.JPG
STIM0926.jpg,0,0,IMG_5468.jpg
STIM0927.jpg,0,0,IMG_5483.jpg
STIM0928.jpg,0,0,IMG_5484.jpg
STIM0929.jpg,0,0,IMG_5492.jpg
STIM0930.jpg,41.795208333333335,-87.58763888888889,OXLHj0JnQXyQ96sdbrw7pQ.jpg
STIM0931.jpg,41.79967222222222,-87.5890111111111,Uj7ee0y1R+eSYSQJ8JzmBg.jpg
STIM0932.jpg,41.79964722222222,-87.58902777777777,vP3avHJYSPqvoPgiPcP8Ew.jpg
STIM0933.jpg,41.88152777777778,-87.65206944444445,照片 2020-1-10 下午1 59 29.jpg
STIM0934.jpg,41.88176388888889,-87.65209166666668,照片 2020-1-10 下午1 59 45.jpg
STIM0935.jpg,41.881819444444446,-87.65199166666667,照片 2020-1-10 下午1 59 49.jpg
STIM0936.jpg,41.88169722222222,-87.65219166666667,照片 2020-1-10 下午2 00 07.jpg
STIM0937.jpg,41.88305,-87.65211388888889,照片 2020-1-10 下午2 02 03.jpg
STIM0938.jpg,41.883113888888886,-87.6521,照片 2020-1-10 下午2 02 08.jpg
STIM0939.jpg,41.88308333333333,-87.65209166666668,照片 2020-1-10 下午2 02 24.jpg
STIM0940.jpg,41.88305,-87.652175,照片 2020-1-10 下午2 02 33.jpg
STIM0941.jpg,41.884005555555554,-87.6523888888889,照片 2020-1-10 下午2 04 03.jpg
STIM0942.jpg,41.88435833333333,-87.65248055555556,照片 2020-1-10 下午2 04 21.jpg
STIM0943.jpg,41.884391666666666,-87.652375,照片 2020-1-10 下午2 04 26.jpg
STIM0944.jpg,41.88445,-87.652275,照片 2020-1-10 下午2 04 36.jpg
STIM0945.jpg,41.88562777777778,-87.65212222222223,照片 2020-1-10 下午2 06 34.jpg
STIM0946.jpg,41.88554444444444,-87.65218333333334,照片 2020-1-10 下午2 06 50.jpg
STIM0947.jpg,41.88556666666667,-87.6523138888889,照片 2020-1-10 下午2 07 35.jpg
STIM0948.jpg,41.886783333333334,-87.65216944444445,照片 2020-1-10 下午2 09 17.jpg
STIM0949.jpg,41.886786111111114,-87.65212222222223,照片 2020-1-10 下午2 09 26.jpg
STIM0950.jpg,41.88679166666667,-87.65215277777779,照片 2020-1-10 下午2 09 29.jpg
STIM0951.jpg,41.89137222222222,-87.65313055555556,照片 2020-1-10 下午2 17 52.jpg
STIM0952.jpg,41.89128888888889,-87.65438055555556,照片 2020-1-10 下午2 21 11.jpg
STIM0953.jpg,41.891102777777775,-87.65570833333334,照片 2020-1-10 下午2 23 18.jpg
STIM0954.jpg,41.89118888888889,-87.65889722222222,照片 2020-1-10 下午2 27 52.jpg
STIM0955.jpg,41.89101111111111,-87.65899722222223,照片 2020-1-10 下午2 28 13.jpg
STIM0956.jpg,41.89101111111111,-87.65895833333335,照片 2020-1-10 下午2 28 26.jpg
STIM0957.jpg,41.891016666666665,-87.65939444444444,照片 2020-1-10 下午2 29 03.jpg
STIM0958.jpg,41.89092222222222,-87.66210277777779,照片 2020-1-10 下午2 33 57.jpg
STIM0959.jpg,41.89093333333333,-87.66219444444445,照片 2020-1-10 下午2 34 06.jpg
STIM0960.jpg,41.89103333333333,-87.66237777777778,照片 2020-1-10 下午2 34 27.jpg
STIM0961.jpg,41.896125,-87.66242222222223,照片 2020-1-10 下午2 45 50.jpg
STIM0962.jpg,41.896125,-87.66245277777779,照片 2020-1-10 下午2 45 53.jpg
STIM0963.jpg,41.895875,-87.66706111111111,照片 2020-1-10 下午2 51 20.jpg
STIM0964.jpg,41.896027777777775,-87.66714444444445,照片 2020-1-10 下午2 51 31.jpg
STIM0965.jpg,41.89598055555555,-87.66715277777779,照片 2020-1-10 下午2 51 35.jpg
STIM0966.jpg,41.89596111111111,-87.6673138888889,照片 2020-1-10 下午2 52 01.jpg
STIM0967.jpg,41.896094444444444,-87.66977777777778,照片 2020-1-10 下午2 56 17.jpg
STIM0968.jpg,41.896122222222225,-87.66973888888889,照片 2020-1-10 下午2 56 26.jpg
STIM0969.jpg,41.89595277777778,-87.67196666666668,照片 2020-1-10 下午3 00 31.jpg
STIM0970.jpg,41.89596111111111,-87.67225555555557,照片 2020-1-10 下午3 01 26.jpg
STIM0971.jpg,41.89598888888889,-87.67473611111112,照片 2020-1-10 下午3 06 07.jpg
STIM0972.jpg,41.896,-87.67458333333335,照片 2020-1-10 下午3 06 13.jpg
STIM0973.jpg,41.895983333333334,-87.6768888888889,照片 2020-1-10 下午3 13 56.jpg
STIM0974.jpg,41.896030555555555,-87.67697222222223,照片 2020-1-10 下午3 14 11.jpg
STIM0975.jpg,41.89581666666667,-87.67938333333333,照片 2020-1-10 下午3 39 12.jpg
STIM0976.jpg,41.89583888888889,-87.67938333333333,照片 2020-1-10 下午3 39 19.jpg
STIM0977.jpg,41.895825,-87.68198333333333,照片 2020-1-10 下午3 42 43.jpg
STIM0978.jpg,41.895925,-87.68191666666667,照片 2020-1-10 下午3 42 51.jpg
STIM0979.jpg,41.89570277777778,-87.68420277777778,照片 2020-1-10 下午3 45 25.jpg
STIM0980.jpg,41.89579444444444,-87.68447777777779,照片 2020-1-10 下午3 45 35.jpg
STIM0981.jpg,41.89568333333333,-87.68671388888889,照片 2020-1-10 下午3 48 25.jpg
STIM0982.jpg,41.895633333333336,-87.68672222222223,照片 2020-1-10 下午3 48 37.jpg
STIM0983.jpg,41.895630555555556,-87.68671388888889,照片 2020-1-10 下午3 48 44.jpg
STIM0984.jpg,41.90315,-87.682275,照片 2020-1-10 下午4 07 02.jpg
STIM0985.jpg,41.903213888888885,-87.67970277777778,照片 2020-1-10 下午4 11 01.jpg
STIM0986.jpg,41.90318611111111,-87.67969444444445,照片 2020-1-10 下午4 11 05.jpg
STIM0987.jpg,41.903283333333334,-87.67715555555556,照片 2020-1-10 下午4 13 56.jpg
STIM0988.jpg,41.90316388888889,-87.67721666666667,照片 2020-1-10 下午4 14 01.jpg
STIM0989.jpg,41.90326944444444,-87.67714722222223,照片 2020-1-10 下午4 14 14.jpg
STIM0990.jpg,41.90324722222222,-87.67714722222223,照片 2020-1-10 下午4 14 19.jpg
STIM0991.jpg,41.90325277777777,-87.67520277777778,照片 2020-1-10 下午4 17 35.jpg
STIM0992.jpg,41.90315555555556,-87.67486666666667,照片 2020-1-10 下午4 17 40.jpg
STIM0993.jpg,41.92825,-87.70575000000001,照片 2020-1-17 上午10 13 26.jpg
STIM0994.jpg,41.926199999999994,-87.70236944444444,照片 2020-1-17 上午10 19 45.jpg
STIM0995.jpg,41.925999999999995,-87.70233055555556,照片 2020-1-17 上午10 20 06.jpg
STIM0996.jpg,41.92494166666666,-87.70085833333333,照片 2020-1-17 上午10 26 24.jpg
STIM0997.jpg,41.924819444444445,-87.70094166666667,照片 2020-1-17 上午10 26 48.jpg
STIM0998.jpg,41.92474722222222,-87.70025555555556,照片 2020-1-17 上午10 27 19.jpg
STIM0999.jpg,41.92479722222222,-87.70028611111111,照片 2020-1-17 上午10 27 34.jpg
STIM1000.jpg,41.922975,-87.69744166666668,照片 2020-1-17 上午10 32 16.jpg
STIM1001.jpg,41.92293055555555,-87.69732777777779,照片 2020-1-17 上午10 32 42.jpg
STIM1002.jpg,41.92279722222222,-87.69728055555557,照片 2020-1-17 上午10 33 03.jpg
STIM1003.jpg,41.92279722222222,-87.69728055555557,照片 2020-1-17 上午10 33 13.jpg
STIM1004.jpg,41.92048333333333,-87.69335277777778,照片 2020-1-17 上午10 39 16.jpg
STIM1005.jpg,41.920249999999996,-87.69339722222223,照片 2020-1-17 上午10 39 22.jpg
STIM1006.jpg,41.917625,-87.68894166666666,照片 2020-1-17 上午10 46 08.jpg
STIM1007.jpg,41.91761111111111,-87.68878055555555,照片 2020-1-17 上午10 46 13.jpg
STIM1008.jpg,41.91755555555555,-87.68873611111111,照片 2020-1-17 上午10 46 18.jpg
STIM1009.jpg,41.9175,-87.68862777777778,照片 2020-1-17 上午10 46 33.jpg
STIM1010.jpg,41.916847222222216,-87.68739444444445,照片 2020-1-17 上午10 48 18.jpg
STIM1011.jpg,41.91684444444444,-87.68749166666667,照片 2020-1-17 上午10 48 28.jpg
STIM1012.jpg,41.916847222222216,-87.68750833333334,照片 2020-1-17 上午10 48 54.jpg
STIM1013.jpg,41.91683611111111,-87.68748611111111,照片 2020-1-17 上午10 49 38.jpg
STIM1014.jpg,41.91659444444444,-87.68715555555556,照片 2020-1-17 上午10 50 22.jpg
STIM1015.jpg,41.912280555555554,-87.68032777777778,照片 2020-1-17 上午11 28 06.jpg
STIM1016.jpg,41.912219444444446,-87.68042777777778,照片 2020-1-17 上午11 28 12.jpg
STIM1017.jpg,41.91067777777778,-87.67794722222223,照片 2020-1-17 上午11 31 30.jpg
STIM1018.jpg,41.91067777777778,-87.67794722222223,照片 2020-1-17 上午11 31 41.jpg
STIM1019.jpg,41.910519444444446,-87.6778638888889,照片 2020-1-17 上午11 31 49.jpg
STIM1020.jpg,41.91036666666667,-87.67758055555556,照片 2020-1-17 上午11 32 05.jpg
STIM1021.jpg,41.91028611111111,-87.67748888888889,照片 2020-1-17 上午11 32 09.jpg
STIM1022.jpg,41.908905555555556,-87.67536944444446,照片 2020-1-17 上午11 34 57.jpg
STIM1023.jpg,41.90882777777777,-87.67545277777778,照片 2020-1-17 上午11 35 03.jpg
STIM1024.jpg,41.90888888888889,-87.6754138888889,照片 2020-1-17 上午11 35 06.jpg
STIM1025.jpg,41.908763888888885,-87.67495833333334,照片 2020-1-17 上午11 37 16.jpg
STIM1026.jpg,41.90866111111111,-87.67492777777778,照片 2020-1-17 上午11 37 19.jpg
STIM1027.jpg,41.90866111111111,-87.67492777777778,照片 2020-1-17 上午11 37 22.jpg
STIM1028.jpg,41.90733611111111,-87.67273055555556,照片 2020-1-17 上午11 40 17.jpg
STIM1029.jpg,41.90733611111111,-87.67273055555556,照片 2020-1-17 上午11 40 21.jpg
STIM1030.jpg,41.90731944444444,-87.6726388888889,照片 2020-1-17 上午11 40 36.jpg
STIM1031.jpg,41.905741666666664,-87.67007500000001,照片 2020-1-17 上午11 44 34.jpg
STIM1032.jpg,41.90560833333333,-87.67001388888889,照片 2020-1-17 上午11 44 48.jpg
STIM1033.jpg,41.905452777777775,-87.67005277777778,照片 2020-1-17 上午11 45 09.jpg
STIM1034.jpg,41.904022222222224,-87.66779444444445,照片 2020-1-17 上午11 48 21.jpg
STIM1035.jpg,41.904063888888885,-87.66768611111111,照片 2020-1-17 上午11 48 36.jpg
STIM1036.jpg,41.904066666666665,-87.66768611111111,照片 2020-1-17 上午11 48 39.jpg
STIM1037.jpg,41.90407222222222,-87.66767222222222,照片 2020-1-17 上午11 48 44.jpg
STIM1038.jpg,41.91759166666667,-87.71222777777778,照片 2020-1-17 上午9 44 42.jpg
STIM1039.jpg,41.91736944444444,-87.7118,照片 2020-1-17 上午9 45 16.jpg
STIM1040.jpg,41.91724444444444,-87.71037222222222,照片 2020-1-17 上午9 46 57.jpg
STIM1041.jpg,41.91723888888889,-87.71031111111111,照片 2020-1-17 上午9 47 01.jpg
STIM1042.jpg,41.91743333333333,-87.70716944444445,照片 2020-1-17 上午9 51 52.jpg
STIM1043.jpg,41.91743333333333,-87.70716944444445,照片 2020-1-17 上午9 51 56.jpg
STIM1044.jpg,41.917408333333334,-87.70529166666667,照片 2020-1-17 上午9 53 45.jpg
STIM1045.jpg,41.917405555555554,-87.70530000000001,照片 2020-1-17 上午9 53 48.jpg
STIM1046.jpg,41.844475,-87.70504722222222,照片 2020-1-24 上午10 02 04.jpg
STIM1047.jpg,41.84451666666667,-87.70521666666667,照片 2020-1-24 上午10 02 06.jpg
STIM1048.jpg,41.84446388888889,-87.70515555555556,照片 2020-1-24 上午10 02 17.jpg
STIM1049.jpg,41.844458333333336,-87.70512500000001,照片 2020-1-24 上午10 02 23.jpg
STIM1050.jpg,41.84460555555556,-87.7025388888889,照片 2020-1-24 上午10 07 51.jpg
STIM1051.jpg,41.84461666666667,-87.70255277777778,照片 2020-1-24 上午10 07 55.jpg
STIM1052.jpg,41.851822222222225,-87.69919722222222,照片 2020-1-24 上午10 28 25.jpg
STIM1053.jpg,41.85176944444444,-87.69907500000001,照片 2020-1-24 上午10 28 39.jpg
STIM1054.jpg,41.85176388888889,-87.69554166666667,照片 2020-1-24 上午10 33 42.jpg
STIM1055.jpg,41.85195277777778,-87.69555,照片 2020-1-24 上午10 34 00 (1).jpg
STIM1056.jpg,41.85195277777778,-87.69555,照片 2020-1-24 上午10 34 00.jpg
STIM1057.jpg,41.85183333333333,-87.693,照片 2020-1-24 上午10 39 41.jpg
STIM1058.jpg,41.85189444444445,-87.69296944444444,照片 2020-1-24 上午10 39 53.jpg
STIM1059.jpg,41.85203611111111,-87.69075000000001,照片 2020-1-24 上午10 46 22.jpg
STIM1060.jpg,41.85205833333333,-87.69046666666667,照片 2020-1-24 上午10 46 35.jpg
STIM1061.jpg,41.85196944444444,-87.68583611111112,照片 2020-1-24 上午10 52 33.jpg
STIM1062.jpg,41.85202777777778,-87.685775,照片 2020-1-24 上午10 52 39.jpg
STIM1063.jpg,41.85202777777778,-87.68329722222222,照片 2020-1-24 上午10 56 01.jpg
STIM1064.jpg,41.85199444444444,-87.6832888888889,照片 2020-1-24 上午10 56 07.jpg
STIM1065.jpg,41.857730555555555,-87.67113611111111,照片 2020-1-24 上午11 27 32.jpg
STIM1066.jpg,41.85774166666667,-87.67099722222223,照片 2020-1-24 上午11 27 46.jpg
STIM1067.jpg,41.857825,-87.6690138888889,照片 2020-1-24 上午11 31 35.jpg
STIM1068.jpg,41.857841666666666,-87.66859444444445,照片 2020-1-24 上午11 31 38.jpg
STIM1069.jpg,41.857822222222225,-87.66623055555556,照片 2020-1-24 上午11 36 17.jpg
STIM1070.jpg,41.857841666666666,-87.66623055555556,照片 2020-1-24 上午11 37 24.jpg
STIM1071.jpg,41.85803611111111,-87.66395555555556,照片 2020-1-24 上午11 42 27.jpg
STIM1072.jpg,41.857905555555554,-87.66388611111111,照片 2020-1-24 上午11 42 31.jpg
STIM1073.jpg,41.857883333333334,-87.66136944444445,照片 2020-1-24 上午11 51 28.jpg
STIM1074.jpg,41.857794444444444,-87.66136111111112,照片 2020-1-24 上午11 51 41.jpg
STIM1075.jpg,41.85778888888889,-87.66136944444445,照片 2020-1-24 上午11 51 44.jpg
STIM1076.jpg,41.85779166666667,-87.66137777777779,照片 2020-1-24 上午11 51 49.jpg
STIM1077.jpg,41.857794444444444,-87.66138333333333,照片 2020-1-24 上午11 51 51.jpg
STIM1078.jpg,41.85789444444445,-87.65891944444445,照片 2020-1-24 上午11 56 14.jpg
STIM1079.jpg,41.857883333333334,-87.65893611111112,照片 2020-1-24 上午11 56 24.jpg
STIM1080.jpg,41.844208333333334,-87.73418333333333,照片 2020-1-24 上午9 05 21.jpg
STIM1081.jpg,41.84405833333334,-87.73197222222223,照片 2020-1-24 上午9 08 12.jpg
STIM1082.jpg,41.84410555555556,-87.73182777777778,照片 2020-1-24 上午9 08 16.jpg
STIM1083.jpg,41.84415555555556,-87.72946944444445,照片 2020-1-24 上午9 11 45.jpg
STIM1084.jpg,41.84429166666667,-87.72959166666666,照片 2020-1-24 上午9 12 23.jpg
STIM1085.jpg,41.84422777777778,-87.724725,照片 2020-1-24 上午9 19 05.jpg
STIM1086.jpg,41.8442,-87.72473055555555,照片 2020-1-24 上午9 19 09.jpg
STIM1087.jpg,41.84439722222223,-87.72214444444445,照片 2020-1-24 上午9 25 44.jpg
STIM1088.jpg,41.84423888888889,-87.7221611111111,照片 2020-1-24 上午9 25 49.jpg
STIM1089.jpg,41.84433055555556,-87.71977222222222,照片 2020-1-24 上午9 43 31.jpg
STIM1090.jpg,41.844261111111116,-87.71973333333334,照片 2020-1-24 上午9 43 41.jpg
STIM1091.jpg,41.84450277777778,-87.71703333333333,照片 2020-1-24 上午9 46 26.jpg
STIM1092.jpg,41.844322222222225,-87.71734722222223,照片 2020-1-24 上午9 47 08.jpg
STIM1093.jpg,41.84436111111111,-87.71482222222222,照片 2020-1-24 上午9 50 02.jpg
STIM1094.jpg,41.84430277777778,-87.7148138888889,照片 2020-1-24 上午9 50 24.jpg
STIM1095.jpg,41.84435555555556,-87.71368333333334,照片 2020-1-24 上午9 51 55.jpg
STIM1096.jpg,41.84434166666667,-87.71366111111111,照片 2020-1-24 上午9 52 00.jpg
STIM1097.jpg,41.844375,-87.71121111111111,照片 2020-1-24 上午9 54 50.jpg
STIM1098.jpg,41.84444166666667,-87.71125,照片 2020-1-24 上午9 54 58.jpg
STIM1099.jpg,41.84449444444445,-87.70884722222222,照片 2020-1-24 上午9 57 59.jpg
STIM1100.jpg,41.84439444444445,-87.7088,照片 2020-1-24 上午9 58 03.jpg
STIM1101.jpg,41.85801666666667,-87.65658611111111,照片 2020-1-24 下午12 00 35.jpg
STIM1102.jpg,41.857936111111115,-87.6564638888889,照片 2020-1-24 下午12 00 55.jpg
STIM1103.jpg,41.86925,-87.66615277777778,照片 2020-1-29 上午10 19 46.jpg
STIM1104.jpg,41.86925,-87.66615277777778,照片 2020-1-29 上午10 19 54.jpg
STIM1105.jpg,41.86920833333333,-87.6661388888889,照片 2020-1-29 上午10 19 59.jpg
STIM1106.jpg,41.869258333333335,-87.66607777777779,照片 2020-1-29 上午10 20 08.jpg
STIM1107.jpg,41.86933611111111,-87.66393333333333,照片 2020-1-29 上午10 23 24.jpg
STIM1108.jpg,41.8693,-87.66398611111111,照片 2020-1-29 上午10 23 28.jpg
STIM1109.jpg,41.86960277777778,-87.66191111111112,照片 2020-1-29 上午10 26 12.jpg
STIM1110.jpg,41.86931944444444,-87.66158333333334,照片 2020-1-29 上午10 26 20.jpg
STIM1111.jpg,41.86976111111111,-87.65874444444445,照片 2020-1-29 上午10 29 08.jpg
STIM1112.jpg,41.869416666666666,-87.65929444444446,照片 2020-1-29 上午10 29 15.jpg
STIM1113.jpg,41.86938055555556,-87.65689166666667,照片 2020-1-29 上午10 32 19.jpg
STIM1114.jpg,41.869416666666666,-87.65688333333334,照片 2020-1-29 上午10 32 24.jpg
STIM1115.jpg,41.86948888888889,-87.6553888888889,照片 2020-1-29 上午10 34 21.jpg
STIM1116.jpg,41.8695,-87.65537222222223,照片 2020-1-29 上午10 34 25.jpg
STIM1117.jpg,41.869505555555556,-87.65440277777779,照片 2020-1-29 上午10 35 43.jpg
STIM1118.jpg,41.86961111111111,-87.65430555555557,照片 2020-1-29 上午10 35 53.jpg
STIM1119.jpg,41.869616666666666,-87.65163333333334,照片 2020-1-29 上午10 39 25.jpg
