a_image_name,pano_id,date,lat,lng,block_group_code
p1r00001.jpg,WXo42GE_sOEe2TIYjSdzDw,2018-07,41.99819573,-87.66425766,170310105031.00
p1r00002.jpg,WXo42GE_sOEe2TIYjSdzDw,2018-07,41.99819573,-87.66425766,170310105031.00
p1r00003.jpg,x90nkFjgAj1jsiUEuTDajw,2018-10,41.99814204,-87.66388702,170310105031.00
p1r00004.jpg,x90nkFjgAj1jsiUEuTDajw,2018-10,41.99814204,-87.66388702,170310105031.00
p1r00005.jpg,678XbB9KlkV1cZJnizTjOA,2018-10,42.01414177,-87.69016278,170310201001.00
p1r00006.jpg,678XbB9KlkV1cZJnizTjOA,2018-10,42.01414177,-87.69016278,170310201001.00
p1r00007.jpg,fC7xRDMRnsBZ6owiJ36nKA,2018-10,42.01463639,-87.69015979,170310201001.00
p1r00008.jpg,fC7xRDMRnsBZ6owiJ36nKA,2018-10,42.01463639,-87.69015979,170310201001.00
p1r00009.jpg,GV86VVwYTbwqN2yLdd6bFg,2018-10,42.01936847,-87.69761431,170310202004.00
p1r00010.jpg,GV86VVwYTbwqN2yLdd6bFg,2018-10,42.01936847,-87.69761431,170310202004.00
p1r00011.jpg,icdMpz4ZWuUFRyYBhIPr9Q,2018-10,42.01935129,-87.69833754,170310202004.00
p1r00012.jpg,icdMpz4ZWuUFRyYBhIPr9Q,2018-10,42.01935129,-87.69833754,170310202004.00
p1r00013.jpg,J_Lk7p_-zh2KsWUKQ1D7iw,2018-10,42.00487075,-87.6980081,170310203022.00
p1r00014.jpg,J_Lk7p_-zh2KsWUKQ1D7iw,2018-10,42.00487075,-87.6980081,170310203022.00
p1r00015.jpg,uv_9MCunRgDyPXj8B0HqXg,2018-10,42.0048479,-87.6993404,170310203022.00
p1r00016.jpg,uv_9MCunRgDyPXj8B0HqXg,2018-10,42.0048479,-87.6993404,170310203022.00
p1r00017.jpg,BlFAOsX7q9lA3EcGqJN-cQ,2018-10,42.01079406,-87.6901415,170310204001.00
p1r00018.jpg,BlFAOsX7q9lA3EcGqJN-cQ,2018-10,42.01079406,-87.6901415,170310204001.00
p1r00019.jpg,cSy6gjFdRvqFzquKBEsvHg,2018-10,42.01052427,-87.69014116,170310204001.00
p1r00020.jpg,cSy6gjFdRvqFzquKBEsvHg,2018-10,42.01052427,-87.69014116,170310204001.00
p1r00021.jpg,cRhgeBBaBpBzdREh24nPAA,2018-08,41.99043188,-87.69276048,170310208014.00
p1r00022.jpg,cRhgeBBaBpBzdREh24nPAA,2018-08,41.99043188,-87.69276048,170310208014.00
p1r00023.jpg,s3JU1-MTYBVSdDaxGT9epw,2018-08,41.99042895,-87.69300245,170310208014.00
p1r00024.jpg,s3JU1-MTYBVSdDaxGT9epw,2018-08,41.99042895,-87.69300245,170310208014.00
p1r00025.jpg,ijwKvFUcMa1XJJQVeh9eEA,2018-10,41.99052285,-87.69184526,170310208021.00
p1r00026.jpg,ijwKvFUcMa1XJJQVeh9eEA,2018-10,41.99052285,-87.69184526,170310208021.00
p1r00027.jpg,n2xoyoHmyFerJAqCW4LgVQ,2018-10,41.9905347,-87.69106,170310208021.00
p1r00028.jpg,n2xoyoHmyFerJAqCW4LgVQ,2018-10,41.9905347,-87.69106,170310208021.00
p1r00029.jpg,FpyMCSQ8QwaIg63K4SohBw,2018-10,41.99522798,-87.65556985,170310301032.00
p1r00030.jpg,FpyMCSQ8QwaIg63K4SohBw,2018-10,41.99522798,-87.65556985,170310301032.00
p1r00031.jpg,ky_eBZoVTiU2Q7KZx0BJjQ,2018-10,41.99481114,-87.6555393,170310301032.00
p1r00032.jpg,ky_eBZoVTiU2Q7KZx0BJjQ,2018-10,41.99481114,-87.6555393,170310301032.00
p1r00033.jpg,cFKLDumoSd58jotH0ZkUkg,2018-10,41.9981842,-87.6611974,170310302001.00
p1r00034.jpg,cFKLDumoSd58jotH0ZkUkg,2018-10,41.9981842,-87.6611974,170310302001.00
p1r00035.jpg,WpsisBc1Kkz71W2WE5XOqQ,2018-10,41.99817792,-87.66141172,170310302001.00
p1r00036.jpg,WpsisBc1Kkz71W2WE5XOqQ,2018-10,41.99817792,-87.66141172,170310302001.00
p1r00037.jpg,5QmjpTGwRBmzuxjOlD3aCA,2018-07,41.98936105,-87.66029715,170310305001.00
p1r00038.jpg,5QmjpTGwRBmzuxjOlD3aCA,2018-07,41.98936105,-87.66029715,170310305001.00
p1r00039.jpg,Y29dvPbO0awtEqmrBCZXdQ,2018-07,41.98906838,-87.66038315,170310305001.00
p1r00040.jpg,Y29dvPbO0awtEqmrBCZXdQ,2018-07,41.98906838,-87.66038315,170310305001.00
p1r00041.jpg,bEr_kIOSKagUK-y3KZ3rLw,2018-07,41.98060438,-87.65511069,170310307021.00
p1r00042.jpg,bEr_kIOSKagUK-y3KZ3rLw,2018-07,41.98060438,-87.65511069,170310307021.00
p1r00043.jpg,MGlP_68j2FKK_zF7G8nvzA,2018-07,41.98043127,-87.65510007,170310307021.00
p1r00044.jpg,MGlP_68j2FKK_zF7G8nvzA,2018-07,41.98043127,-87.65510007,170310307021.00
p1r00045.jpg,2qq_N0L0nTpixd0q_keOOg,2018-11,41.97249018,-87.66960765,170310310002.00
p1r00046.jpg,2qq_N0L0nTpixd0q_keOOg,2018-11,41.97249018,-87.66960765,170310310002.00
p1r00047.jpg,JNGe9YuG-qiUIXBuOd8ytw,2018-07,41.97329491,-87.67113504,170310310002.00
p1r00048.jpg,JNGe9YuG-qiUIXBuOd8ytw,2018-07,41.97329491,-87.67113504,170310310002.00
p1r00049.jpg,L05bn1mgSkz3uJZpQCnfLQ,2018-07,41.9743562,-87.66800638,170310311003.00
p1r00050.jpg,L05bn1mgSkz3uJZpQCnfLQ,2018-07,41.9743562,-87.66800638,170310311003.00
p1r00051.jpg,mZb64mRiwKO6MzWNeHMh6g,2018-11,41.97465694,-87.66823902,170310311003.00
p1r00052.jpg,mZb64mRiwKO6MzWNeHMh6g,2018-11,41.97465694,-87.66823902,170310311003.00
p1r00053.jpg,IANPOPAhrsLcI3xTNPYfog,2018-10,41.95569943,-87.64671551,170310314005.00
p1r00054.jpg,IANPOPAhrsLcI3xTNPYfog,2018-10,41.95569943,-87.64671551,170310314005.00
p1r00055.jpg,LYsej8U4xBbqkbHP5jgmrg,2018-10,41.95571485,-87.64570914,170310314005.00
p1r00056.jpg,LYsej8U4xBbqkbHP5jgmrg,2018-10,41.95571485,-87.64570914,170310314005.00
p1r00057.jpg,D6hIzSirl-U9VaBe80_IAQ,2018-07,41.96301593,-87.65474918,170310315021.00
p1r00058.jpg,D6hIzSirl-U9VaBe80_IAQ,2018-07,41.96301593,-87.65474918,170310315021.00
p1r00059.jpg,xYFRxszwWqyDhLAL1xR4RQ,2018-07,41.96310947,-87.65475183,170310315021.00
p1r00060.jpg,xYFRxszwWqyDhLAL1xR4RQ,2018-07,41.96310947,-87.65475183,170310315021.00
p1r00061.jpg,eI2-1IWeeufTwD2xNu2Ahw,2018-11,41.96533697,-87.66113731,170310317002.00
p1r00062.jpg,eI2-1IWeeufTwD2xNu2Ahw,2018-11,41.96533697,-87.66113731,170310317002.00
p1r00063.jpg,iVp26OT0yOyipkgnTXAf3A,2018-07,41.96613547,-87.66107045,170310317002.00
p1r00064.jpg,iVp26OT0yOyipkgnTXAf3A,2018-07,41.96613547,-87.66107045,170310317002.00
p1r00065.jpg,PNg1ggroTKvEq4NLYubrSw,2018-11,41.9688716,-87.6699663,170310318001.00
p1r00066.jpg,PNg1ggroTKvEq4NLYubrSw,2018-11,41.9688716,-87.6699663,170310318001.00
p1r00067.jpg,Vq1J2lvTv8ID5SUlHQXCrg,2018-07,41.96883703,-87.6695019,170310318001.00
p1r00068.jpg,Vq1J2lvTv8ID5SUlHQXCrg,2018-07,41.96883703,-87.6695019,170310318001.00
p1r00069.jpg,F7UGaFkRNmZw2piNWpDaHg,2018-07,41.97817165,-87.67946786,170310401001.00
p1r00070.jpg,F7UGaFkRNmZw2piNWpDaHg,2018-07,41.97817165,-87.67946786,170310401001.00
p1r00071.jpg,vBVx4uyioKE9HWcgLG4C1Q,2018-07,41.97808176,-87.6794645,170310401001.00
p1r00072.jpg,vBVx4uyioKE9HWcgLG4C1Q,2018-07,41.97808176,-87.6794645,170310401001.00
p1r00073.jpg,4w2hmW2nw9JDwf2QskJVOg,2018-10,41.97631893,-87.69893046,170310402012.00
p1r00074.jpg,4w2hmW2nw9JDwf2QskJVOg,2018-10,41.97631893,-87.69893046,170310402012.00
p1r00075.jpg,RT5H_Wgug_tyyl1fPLaL-w,2018-10,41.97596781,-87.6989272,170310402012.00
p1r00076.jpg,RT5H_Wgug_tyyl1fPLaL-w,2018-10,41.97596781,-87.6989272,170310402012.00
p1r00077.jpg,4Ma7GP3DCAmCtUiOXrng4Q,2018-07,41.97677304,-87.69260243,170310402022.00
p1r00078.jpg,4Ma7GP3DCAmCtUiOXrng4Q,2018-07,41.97677304,-87.69260243,170310402022.00
p1r00079.jpg,i6XZtMPb0vbX1XGXkifzVw,2015-10,41.97745067,-87.69250023,170310402022.00
p1r00080.jpg,i6XZtMPb0vbX1XGXkifzVw,2015-10,41.97745067,-87.69250023,170310402022.00
p1r00081.jpg,0LY0CZZe0X_RuOLMArxB-Q,2018-07,41.96888855,-87.67620621,170310404025.00
p1r00082.jpg,0LY0CZZe0X_RuOLMArxB-Q,2018-07,41.96888855,-87.67620621,170310404025.00
p1r00083.jpg,Tg-7cGHWnk4JC_eOIbL4og,2018-07,41.96891034,-87.67770064,170310404025.00
p1r00084.jpg,Tg-7cGHWnk4JC_eOIbL4og,2018-07,41.96891034,-87.67770064,170310404025.00
p1r00085.jpg,buFlluwOWPDRFrQS6srr3Q,2018-07,41.96581989,-87.6937079,170310407003.00
p1r00086.jpg,buFlluwOWPDRFrQS6srr3Q,2018-07,41.96581989,-87.6937079,170310407003.00
p1r00087.jpg,iJX6kTqv0ww2vPUnV1HnJQ,2018-07,41.96593709,-87.6937155,170310407003.00
p1r00088.jpg,iJX6kTqv0ww2vPUnV1HnJQ,2018-07,41.96593709,-87.6937155,170310407003.00
p1r00089.jpg,-79NmNwNyQ6IQgWz6GM5YA,2018-11,41.96147055,-87.67720067,170310501001.00
p1r00090.jpg,-79NmNwNyQ6IQgWz6GM5YA,2018-11,41.96147055,-87.67720067,170310501001.00
p1r00091.jpg,W6UDTmUlZE3TBfBtDj-MIg,2018-06,41.96143304,-87.6767278,170310501001.00
p1r00092.jpg,W6UDTmUlZE3TBfBtDj-MIg,2018-06,41.96143304,-87.6767278,170310501001.00
p1r00093.jpg,Suq-ivHqvpyVEMiEyDMH3A,2018-11,41.95768712,-87.67885689,170310501002.00
p1r00094.jpg,Suq-ivHqvpyVEMiEyDMH3A,2018-11,41.95768712,-87.67885689,170310501002.00
p1r00095.jpg,U_MYN8QvqmPDMizh2AQlrQ,2018-07,41.95781406,-87.67870071,170310501002.00
p1r00096.jpg,U_MYN8QvqmPDMizh2AQlrQ,2018-07,41.95781406,-87.67870071,170310501002.00
p1r00097.jpg,9dkZa_Q9wGqN7WQCf9nQIA,2018-07,41.96124417,-87.68807876,170310502001.00
p1r00098.jpg,9dkZa_Q9wGqN7WQCf9nQIA,2018-07,41.96124417,-87.68807876,170310502001.00
p1r00099.jpg,CBpuxQbaI_DF4MMsGijBZA,2018-11,41.9613244,-87.6875645,170310502001.00
p1r00100.jpg,CBpuxQbaI_DF4MMsGijBZA,2018-11,41.9613244,-87.6875645,170310502001.00
p1r00101.jpg,#NAME?,2018-07,41.95413993,-87.68367446,170310502003.00
p1r00102.jpg,#NAME?,2018-07,41.95413993,-87.68367446,170310502003.00
p1r00103.jpg,it7EPV4eXkWRJN4OGKKTnQ,2018-07,41.95414166,-87.68406142,170310502003.00
p1r00104.jpg,it7EPV4eXkWRJN4OGKKTnQ,2018-07,41.95414166,-87.68406142,170310502003.00
p1r00105.jpg,0lNVazD-8ThEl0Enz8E0eA,2018-07,41.954133,-87.68497964,170310502003.00
p1r00106.jpg,0lNVazD-8ThEl0Enz8E0eA,2018-07,41.954133,-87.68497964,170310502003.00
p1r00107.jpg,v0PsnuvfX-rDpbpVsvXWXA,2018-07,41.95412615,-87.68572714,170310502003.00
p1r00108.jpg,v0PsnuvfX-rDpbpVsvXWXA,2018-07,41.95412615,-87.68572714,170310502003.00
p1r00109.jpg,29wdVmBc9Kqi0clr0c71Kg,2018-11,41.95016151,-87.67864869,170310505003.00
p1r00110.jpg,29wdVmBc9Kqi0clr0c71Kg,2018-11,41.95016151,-87.67864869,170310505003.00
p1r00111.jpg,bWgHM32eyERXH0wxw-KAjw,2018-10,41.95050131,-87.67877872,170310505003.00
p1r00112.jpg,bWgHM32eyERXH0wxw-KAjw,2018-10,41.95050131,-87.67877872,170310505003.00
p1r00113.jpg,o3YP3bXZBrS-gjX40z5_6w,2018-07,41.94679683,-87.68323684,170310508001.00
p1r00114.jpg,o3YP3bXZBrS-gjX40z5_6w,2018-07,41.94679683,-87.68323684,170310508001.00
p1r00115.jpg,SkwsJy7Jcm_I8Suz26-QYA,2018-06,41.94665134,-87.6834023,170310508001.00
p1r00116.jpg,SkwsJy7Jcm_I8Suz26-QYA,2018-06,41.94665134,-87.6834023,170310508001.00
p1r00117.jpg,DnmYeuipXz-tw97XBlxXQQ,2018-07,41.96076214,-87.67238856,170310602001.00
p1r00118.jpg,DnmYeuipXz-tw97XBlxXQQ,2018-07,41.96076214,-87.67238856,170310602001.00
p1r00119.jpg,XuVWihICFam2M-Nvoz_piw,2018-07,41.95971671,-87.67249768,170310602001.00
p1r00120.jpg,XuVWihICFam2M-Nvoz_piw,2018-07,41.95971671,-87.67249768,170310602001.00
p1r00121.jpg,ggy4QQK_j4BSfaEkBHU7Tg,2018-07,41.95420446,-87.6705794,170310603001.00
p1r00122.jpg,ggy4QQK_j4BSfaEkBHU7Tg,2018-07,41.95420446,-87.6705794,170310603001.00
p1r00123.jpg,k0M4HXoOL6l2XHZy933c_g,2018-07,41.95416298,-87.67028517,170310603001.00
p1r00124.jpg,k0M4HXoOL6l2XHZy933c_g,2018-07,41.95416298,-87.67028517,170310603001.00
p1r00125.jpg,Y1bJJQSe2d-sXlOoIHJTSQ,2018-11,41.9545924,-87.6471857,170310608003.00
p1r00126.jpg,Y1bJJQSe2d-sXlOoIHJTSQ,2018-11,41.9545924,-87.6471857,170310608003.00
p1r00127.jpg,_5_9iWW0VSrPNIl9IrVXEA,2018-06,41.9542565,-87.647933,170310608003.00
p1r00128.jpg,_5_9iWW0VSrPNIl9IrVXEA,2018-06,41.9542565,-87.647933,170310608003.00
p1r00129.jpg,9x2cK3-ynuRKRJLvYxA3xw,2018-11,41.94357748,-87.65386991,170310621001.00
p1r00130.jpg,9x2cK3-ynuRKRJLvYxA3xw,2018-11,41.94357748,-87.65386991,170310621001.00
p1r00131.jpg,NV2i_sqQde0NgpoZbJj1_A,2018-11,41.94390716,-87.65386409,170310621001.00
p1r00132.jpg,NV2i_sqQde0NgpoZbJj1_A,2018-11,41.94390716,-87.65386409,170310621001.00
p1r00133.jpg,#NAME?,2018-07,41.94264373,-87.66389172,170310623001.00
p1r00134.jpg,#NAME?,2018-07,41.94264373,-87.66389172,170310623001.00
p1r00135.jpg,Ju4EAB7HM-FpYz3hEHPBnA,2018-07,41.94342452,-87.6637139,170310623001.00
p1r00136.jpg,Ju4EAB7HM-FpYz3hEHPBnA,2018-07,41.94342452,-87.6637139,170310623001.00
p1r00137.jpg,1iBBdwED4E2plMqAohhWhA,2018-07,41.94238969,-87.66388267,170310623001.00
p1r00138.jpg,1iBBdwED4E2plMqAohhWhA,2018-07,41.94238969,-87.66388267,170310623001.00
p1r00139.jpg,4UIBQOTA0Y5jPRilB4419w,2018-07,41.94159838,-87.66371202,170310623001.00
p1r00140.jpg,4UIBQOTA0Y5jPRilB4419w,2018-07,41.94159838,-87.66371202,170310623001.00
p1r00141.jpg,rmpgFiviRQIcGq1SxJZqCA,2016-08,41.93696356,-87.66842686,170310627003.00
p1r00142.jpg,rmpgFiviRQIcGq1SxJZqCA,2016-08,41.93696356,-87.66842686,170310627003.00
p1r00143.jpg,yZ_90LpmgMhPlvJrD7PLEQ,2018-07,41.93776643,-87.66851147,170310627003.00
p1r00144.jpg,yZ_90LpmgMhPlvJrD7PLEQ,2018-07,41.93776643,-87.66851147,170310627003.00
p1r00145.jpg,CiHwkIzVchu1iLTUs43oVA,2018-07,41.93279899,-87.65386847,170310629002.00
p1r00146.jpg,CiHwkIzVchu1iLTUs43oVA,2018-07,41.93279899,-87.65386847,170310629002.00
p1r00147.jpg,E8Hx3VZmTxNKKj5gY8qJuw,2018-11,41.9326028,-87.65503353,170310629002.00
p1r00148.jpg,E8Hx3VZmTxNKKj5gY8qJuw,2018-11,41.9326028,-87.65503353,170310629002.00
p1r00149.jpg,#NAME?,2018-11,41.93899143,-87.6380331,170310632004.00
p1r00150.jpg,#NAME?,2018-11,41.93899143,-87.6380331,170310632004.00
p1r00151.jpg,M_YzzfBVo3LqJR_WHpb9MQ,2018-11,41.93982893,-87.63852683,170310632004.00
p1r00152.jpg,M_YzzfBVo3LqJR_WHpb9MQ,2018-11,41.93982893,-87.63852683,170310632004.00
p1r00153.jpg,bJMQ0whd3srleqK_TQ9DSQ,2018-11,41.93859485,-87.63773726,170310632004.00
p1r00154.jpg,bJMQ0whd3srleqK_TQ9DSQ,2018-11,41.93859485,-87.63773726,170310632004.00
p1r00155.jpg,YfM9iJCHmkGSi8tHrsDUyg,2018-07,41.93835837,-87.63949262,170310632004.00
p1r00156.jpg,YfM9iJCHmkGSi8tHrsDUyg,2018-07,41.93835837,-87.63949262,170310632004.00
p1r00157.jpg,Et54fE1CmP_Lmeruc0pzhQ,2018-07,41.93318956,-87.64521558,170310634001.00
p1r00158.jpg,Et54fE1CmP_Lmeruc0pzhQ,2018-07,41.93318956,-87.64521558,170310634001.00
p1r00159.jpg,pXoeUleVVUdqdJwgvUZ6CA,2018-07,41.93328188,-87.64529072,170310634001.00
p1r00160.jpg,pXoeUleVVUdqdJwgvUZ6CA,2018-07,41.93328188,-87.64529072,170310634001.00
p1r00161.jpg,BmitHHHPFWfFk1OQv1LFiA,2018-11,41.92792248,-87.65224182,170310703002.00
p1r00162.jpg,BmitHHHPFWfFk1OQv1LFiA,2018-11,41.92792248,-87.65224182,170310703002.00
p1r00163.jpg,u9fwLeZr6Fb27TQigke-Hg,2018-11,41.92749472,-87.65164359,170310703002.00
p1r00164.jpg,u9fwLeZr6Fb27TQigke-Hg,2018-11,41.92749472,-87.65164359,170310703002.00
p1r00165.jpg,G2kDSrsXu-y5LrAg_u6VdA,2018-07,41.92907259,-87.65858828,170310704003.00
p1r00166.jpg,G2kDSrsXu-y5LrAg_u6VdA,2018-07,41.92907259,-87.65858828,170310704003.00
p1r00167.jpg,yVcisygqnOxdf7gn8ibDzg,2018-07,41.92895047,-87.65704695,170310704003.00
p1r00168.jpg,yVcisygqnOxdf7gn8ibDzg,2018-07,41.92895047,-87.65704695,170310704003.00
p1r00169.jpg,jYIA15NEDRBYDh8A811Uyg,2018-07,41.92793734,-87.66357386,170310706002.00
p1r00170.jpg,jYIA15NEDRBYDh8A811Uyg,2018-07,41.92793734,-87.66357386,170310706002.00
p1r00171.jpg,pbQyWWAAKrpXBJFUjDjAHw,2018-11,41.92700886,-87.66349431,170310706002.00
p1r00172.jpg,pbQyWWAAKrpXBJFUjDjAHw,2018-11,41.92700886,-87.66349431,170310706002.00
p1r00173.jpg,#NAME?,2018-10,41.9297186,-87.67518114,170310707001.00
p1r00174.jpg,#NAME?,2018-10,41.9297186,-87.67518114,170310707001.00
p1r00175.jpg,aikEl3jPtFzGLAkxabp6zw,2018-10,41.92958825,-87.67502532,170310707001.00
p1r00176.jpg,aikEl3jPtFzGLAkxabp6zw,2018-10,41.92958825,-87.67502532,170310707001.00
p1r00177.jpg,ArtSh7clFABW7qxfrbFv7w,2018-11,41.91804644,-87.65746706,170310710002.00
p1r00178.jpg,ArtSh7clFABW7qxfrbFv7w,2018-11,41.91804644,-87.65746706,170310710002.00
p1r00179.jpg,Rqt4Eo20RpYsxAwkylGt2w,2018-11,41.91804534,-87.65759046,170310710002.00
p1r00180.jpg,Rqt4Eo20RpYsxAwkylGt2w,2018-11,41.91804534,-87.65759046,170310710002.00
p1r00181.jpg,HKi_fFd8VueQx_zkk8tNsA,2018-11,41.91529158,-87.63414543,170310715006.00
p1r00182.jpg,HKi_fFd8VueQx_zkk8tNsA,2018-11,41.91529158,-87.63414543,170310715006.00
p1r00183.jpg,xsl2IuDQP_SQtcWb2HOIag,2018-11,41.91550826,-87.63428008,170310715006.00
p1r00184.jpg,xsl2IuDQP_SQtcWb2HOIag,2018-11,41.91550826,-87.63428008,170310715006.00
p1r00185.jpg,cybVa3dTEPzDqr70Yxeoqg,2018-07,41.90763225,-87.62572369,170310801003.00
p1r00186.jpg,cybVa3dTEPzDqr70Yxeoqg,2018-07,41.90763225,-87.62572369,170310801003.00
p1r00187.jpg,Q7BcVzz_eqO2EVkfP1YBDw,2018-07,41.90735705,-87.62565487,170310801003.00
p1r00188.jpg,Q7BcVzz_eqO2EVkfP1YBDw,2018-07,41.90735705,-87.62565487,170310801003.00
p1r00189.jpg,jDYDeV6ChVbxZMCLSh0ZKA,2018-06,41.90778629,-87.6321071,170310802022.00
p1r00190.jpg,jDYDeV6ChVbxZMCLSh0ZKA,2018-06,41.90778629,-87.6321071,170310802022.00
p1r00191.jpg,VTr05cL5zlb_rC-4M4KTgA,2018-06,41.90777039,-87.63228646,170310802022.00
p1r00192.jpg,VTr05cL5zlb_rC-4M4KTgA,2018-06,41.90777039,-87.63228646,170310802022.00
p1r00193.jpg,db8YmKmkefi-YbOVAS3PBw,2018-07,41.91080691,-87.63762662,170310803003.00
p1r00194.jpg,db8YmKmkefi-YbOVAS3PBw,2018-07,41.91080691,-87.63762662,170310803003.00
p1r00195.jpg,yXX8X7WNA6bb6qotPnoAjA,2018-06,41.90877463,-87.63659093,170310803003.00
p1r00196.jpg,yXX8X7WNA6bb6qotPnoAjA,2018-06,41.90877463,-87.63659093,170310803003.00
p1r00197.jpg,4A_uoi6IZGvbhQSp_eXW1g,2018-11,41.91110855,-87.63392985,170310803004.00
p1r00198.jpg,4A_uoi6IZGvbhQSp_eXW1g,2018-11,41.91110855,-87.63392985,170310803004.00
p1r00199.jpg,RXNGc_gp47BpD65nGsQTHg,2018-10,41.91108197,-87.63369934,170310803004.00
p1r00200.jpg,RXNGc_gp47BpD65nGsQTHg,2018-10,41.91108197,-87.63369934,170310803004.00
p1r00201.jpg,Lbb9QWVKT0H2BkrqpAgLYg,2018-06,41.90142327,-87.628342,170310811001.00
p1r00202.jpg,Lbb9QWVKT0H2BkrqpAgLYg,2018-06,41.90142327,-87.628342,170310811001.00
p1r00203.jpg,mpuXXfD77l3-W7nzfcdDjQ,2018-06,41.90186938,-87.62847238,170310811001.00
p1r00204.jpg,mpuXXfD77l3-W7nzfcdDjQ,2018-06,41.90186938,-87.62847238,170310811001.00
p1r00205.jpg,luCKzh43NAqiSqEHmRiCzw,2018-06,41.89495475,-87.62303199,170310814011.00
p1r00206.jpg,luCKzh43NAqiSqEHmRiCzw,2018-06,41.89495475,-87.62303199,170310814011.00
p1r00207.jpg,Z6O3LqcdsxNgxcUoPDYFNA,2018-06,41.89495539,-87.62292326,170310814011.00
p1r00208.jpg,Z6O3LqcdsxNgxcUoPDYFNA,2018-06,41.89495539,-87.62292326,170310814011.00
p1r00209.jpg,E54GFiEeAWRMLbSIvXmGwg,2018-07,41.89435077,-87.62415566,170310814011.00
p1r00210.jpg,E54GFiEeAWRMLbSIvXmGwg,2018-07,41.89435077,-87.62415566,170310814011.00
p1r00211.jpg,ebs8TReaqI9uaU6CfKJU3g,2018-06,41.89494428,-87.62406194,170310814011.00
p1r00212.jpg,ebs8TReaqI9uaU6CfKJU3g,2018-06,41.89494428,-87.62406194,170310814011.00
p1r00213.jpg,tOuSWaRqKwlPoEuM4aO1tQ,2018-10,41.89105294,-87.61781293,170310814031.00
p1r00214.jpg,tOuSWaRqKwlPoEuM4aO1tQ,2018-10,41.89105294,-87.61781293,170310814031.00
p1r00215.jpg,XuOLQK12UIvpkFXWtu1NYQ,2018-07,41.89091142,-87.61766426,170310814031.00
p1r00216.jpg,XuOLQK12UIvpkFXWtu1NYQ,2018-07,41.89091142,-87.61766426,170310814031.00
p1r00217.jpg,5Rk7gHK_2HSs1SKUHRHpLw,2018-07,41.8932944,-87.62412562,170310814032.00
p1r00218.jpg,5Rk7gHK_2HSs1SKUHRHpLw,2018-07,41.8932944,-87.62412562,170310814032.00
p1r00219.jpg,d3PQ5xHXoizJPnKW7yQ4lg,2018-06,41.89321915,-87.62271938,170310814032.00
p1r00220.jpg,d3PQ5xHXoizJPnKW7yQ4lg,2018-06,41.89321915,-87.62271938,170310814032.00
p1r00221.jpg,5xTeYdkilHEXuIZGc2Gl1g,2018-10,41.89251083,-87.61860052,170310814033.00
p1r00222.jpg,5xTeYdkilHEXuIZGc2Gl1g,2018-10,41.89251083,-87.61860052,170310814033.00
p1r00223.jpg,LOawK2i8w9h6xtuCZgqeKg,2018-10,41.89262579,-87.61819149,170310814033.00
p1r00224.jpg,LOawK2i8w9h6xtuCZgqeKg,2018-10,41.89262579,-87.61819149,170310814033.00
p1r00225.jpg,3M4kq3lcCB3jFSHi4k214A,2018-07,41.89223513,-87.62023955,170310814033.00
p1r00226.jpg,3M4kq3lcCB3jFSHi4k214A,2018-07,41.89223513,-87.62023955,170310814033.00
p1r00227.jpg,q-eVoVFRiXyNRTQWj-xhbw,2018-10,41.89260696,-87.62007729,170310814033.00
p1r00228.jpg,q-eVoVFRiXyNRTQWj-xhbw,2018-10,41.89260696,-87.62007729,170310814033.00
p1r00229.jpg,pJXDIeh-60livpcyYL4dmA,2018-07,41.89254811,-87.62318877,170310814033.00
p1r00230.jpg,pJXDIeh-60livpcyYL4dmA,2018-07,41.89254811,-87.62318877,170310814033.00
p1r00231.jpg,r6Az1AigTU8E9hj-WnRBZQ,2018-07,41.89253416,-87.62405431,170310814033.00
p1r00232.jpg,r6Az1AigTU8E9hj-WnRBZQ,2018-07,41.89253416,-87.62405431,170310814033.00
p1r00233.jpg,FcTCyOYi9vpL1AXwZjIfUA,2018-07,41.89493905,-87.62439458,170310815002.00
p1r00234.jpg,FcTCyOYi9vpL1AXwZjIfUA,2018-07,41.89493905,-87.62439458,170310815002.00
p1r00235.jpg,OCOtJia1WK3B3iGTl49WUQ,2018-07,41.89505973,-87.62546955,170310815002.00
p1r00236.jpg,OCOtJia1WK3B3iGTl49WUQ,2018-07,41.89505973,-87.62546955,170310815002.00
p1r00237.jpg,BtmJMffHc_3vs6GT6TbJpw,2018-07,41.8959466,-87.6327823,170310817001.00
p1r00238.jpg,BtmJMffHc_3vs6GT6TbJpw,2018-07,41.8959466,-87.6327823,170310817001.00
p1r00239.jpg,MzZmHCoGvdUCWhTTJ4iUPQ,2018-07,41.89562281,-87.6333028,170310817001.00
p1r00240.jpg,MzZmHCoGvdUCWhTTJ4iUPQ,2018-07,41.89562281,-87.6333028,170310817001.00
p1r00241.jpg,q4GeJiWDgCLebFt25Te52w,2018-07,41.89531038,-87.63120266,170310817001.00
p1r00242.jpg,q4GeJiWDgCLebFt25Te52w,2018-07,41.89531038,-87.63120266,170310817001.00
p1r00243.jpg,xl-s2h6xf-QaTcQfIM0qEw,2018-07,41.89520247,-87.631201,170310817001.00
p1r00244.jpg,xl-s2h6xf-QaTcQfIM0qEw,2018-07,41.89520247,-87.631201,170310817001.00
p1r00245.jpg,3IklgGDmn7zkqNqXG_h19A,2018-07,41.89382062,-87.63708136,170310818001.00
p1r00246.jpg,3IklgGDmn7zkqNqXG_h19A,2018-07,41.89382062,-87.63708136,170310818001.00
p1r00247.jpg,EyUFE4jjTgJfDYSQDRqZXw,2018-07,41.89373069,-87.63708021,170310818001.00
p1r00248.jpg,EyUFE4jjTgJfDYSQDRqZXw,2018-07,41.89373069,-87.63708021,170310818001.00
p1r00249.jpg,0cVXtr7ku5lU8Hk-T35tZw,2018-07,41.89559848,-87.6347692,170310818002.00
p1r00250.jpg,0cVXtr7ku5lU8Hk-T35tZw,2018-07,41.89559848,-87.6347692,170310818002.00
p1r00251.jpg,m1dPQ2I09Hzm-zt199wr2Q,2018-07,41.89547461,-87.63569831,170310818002.00
p1r00252.jpg,m1dPQ2I09Hzm-zt199wr2Q,2018-07,41.89547461,-87.63569831,170310818002.00
p1r00253.jpg,uzplPn81F4qkYw3kFov1og,2018-07,41.89378531,-87.63563061,170310818002.00
p1r00254.jpg,uzplPn81F4qkYw3kFov1og,2018-07,41.89378531,-87.63563061,170310818002.00
p1r00255.jpg,vKYjfSI0hZuJe3Lv1Wcytw,2018-07,41.89385724,-87.63563271,170310818002.00
p1r00256.jpg,vKYjfSI0hZuJe3Lv1Wcytw,2018-07,41.89385724,-87.63563271,170310818002.00
p1r00257.jpg,c6W37XXgk-UVKbve9pbrWw,2018-07,41.89164209,-87.63559743,170310818002.00
p1r00258.jpg,c6W37XXgk-UVKbve9pbrWw,2018-07,41.89164209,-87.63559743,170310818002.00
p1r00259.jpg,ouQe1kaAy4Z-qHOXjgaztQ,2018-06,41.89157365,-87.63642859,170310818002.00
p1r00260.jpg,ouQe1kaAy4Z-qHOXjgaztQ,2018-06,41.89157365,-87.63642859,170310818002.00
p1r00261.jpg,1F77h_zkw03OLKxa7KTvvg,2016-08,42.00445416,-87.80721702,170310902002.00
p1r00262.jpg,1F77h_zkw03OLKxa7KTvvg,2016-08,42.00445416,-87.80721702,170310902002.00
p1r00263.jpg,ASq4mvrkaw3XvogMikCH5A,2016-08,42.00445807,-87.80709611,170310902002.00
p1r00264.jpg,ASq4mvrkaw3XvogMikCH5A,2016-08,42.00445807,-87.80709611,170310902002.00
p1r00265.jpg,PXGiQDkY8-2ungVVZlAMSQ,2018-08,41.99686497,-87.82081021,170310903001.00
p1r00266.jpg,PXGiQDkY8-2ungVVZlAMSQ,2018-08,41.99686497,-87.82081021,170310903001.00
p1r00267.jpg,xEOJqZhvGrwj1cWAbzDt3g,2018-08,41.99686171,-87.82093466,170310903001.00
p1r00268.jpg,xEOJqZhvGrwj1cWAbzDt3g,2018-08,41.99686171,-87.82093466,170310903001.00
p1r00269.jpg,-c4I-V5hZeYIDNah_Pq77Q,2019-05,41.9821487,-87.78088205,170311102002.00
p1r00270.jpg,-c4I-V5hZeYIDNah_Pq77Q,2019-05,41.9821487,-87.78088205,170311102002.00
p1r00271.jpg,NNM52bqC2isoeGTt8D5gSg,2019-05,41.98247649,-87.78145865,170311102002.00
p1r00272.jpg,NNM52bqC2isoeGTt8D5gSg,2019-05,41.98247649,-87.78145865,170311102002.00
p1r00273.jpg,2PX1T8vtmVGPyYUJ2CKngA,2019-05,41.97206843,-87.77409013,170311104003.00
p1r00274.jpg,2PX1T8vtmVGPyYUJ2CKngA,2019-05,41.97206843,-87.77409013,170311104003.00
p1r00275.jpg,b4kTbZZVIS3BKw3rrO2Uew,2019-05,41.97194976,-87.77363336,170311104003.00
p1r00276.jpg,b4kTbZZVIS3BKw3rrO2Uew,2019-05,41.97194976,-87.77363336,170311104003.00
p1r00277.jpg,D4y0-VQvVHJVJ5ME1a1z6g,2018-11,41.97327298,-87.74851363,170311204002.00
p1r00278.jpg,D4y0-VQvVHJVJ5ME1a1z6g,2018-11,41.97327298,-87.74851363,170311204002.00
p1r00279.jpg,qYAfW5JAvkQqQO5AHsuh9g,2018-11,41.97366339,-87.74914675,170311204002.00
p1r00280.jpg,qYAfW5JAvkQqQO5AHsuh9g,2018-11,41.97366339,-87.74914675,170311204002.00
p1r00281.jpg,gbDllLT0Lbg_Qr9XR9w_7A,2018-10,41.9972283,-87.7186246,170311301003.00
p1r00282.jpg,gbDllLT0Lbg_Qr9XR9w_7A,2018-10,41.9972283,-87.7186246,170311301003.00
p1r00283.jpg,poxgjuamgv0snGrw9LlVBQ,2018-10,41.9967883,-87.7178998,170311301003.00
p1r00284.jpg,poxgjuamgv0snGrw9LlVBQ,2018-10,41.9967883,-87.7178998,170311301003.00
p1r00285.jpg,KZCc-0uHMi_ry15Y4FuPiQ,2018-11,41.99029228,-87.71611701,170311301003.00
p1r00286.jpg,KZCc-0uHMi_ry15Y4FuPiQ,2018-11,41.99029228,-87.71611701,170311301003.00
p1r00287.jpg,tDguvcBfzljq1seLavUavA,2018-11,41.99029623,-87.71575536,170311301003.00
p1r00288.jpg,tDguvcBfzljq1seLavUavA,2018-11,41.99029623,-87.71575536,170311301003.00
p1r00289.jpg,lcTzOPrn2YK1WB1L1wu9SA,2018-11,41.96814343,-87.73691153,170311404003.00
p1r00290.jpg,lcTzOPrn2YK1WB1L1wu9SA,2018-11,41.96814343,-87.73691153,170311404003.00
p1r00291.jpg,Q6PNqEq6FVaDMvgCUyw0pQ,2018-11,41.96814235,-87.73703248,170311404003.00
p1r00292.jpg,Q6PNqEq6FVaDMvgCUyw0pQ,2018-11,41.96814235,-87.73703248,170311404003.00
p1r00293.jpg,3C2m7yYL5tm4RmKPSa3OOw,2018-11,41.96822436,-87.72964635,170311405001.00
p1r00294.jpg,3C2m7yYL5tm4RmKPSa3OOw,2018-11,41.96822436,-87.72964635,170311405001.00
p1r00295.jpg,MndGDJFMmSxeMjN_1AU16Q,2018-11,41.9682268,-87.7295128,170311405001.00
p1r00296.jpg,MndGDJFMmSxeMjN_1AU16Q,2018-11,41.9682268,-87.7295128,170311405001.00
p1r00297.jpg,5VwuBtJh51JwKYH_kWmgiw,2018-11,41.9685252,-87.70109439,170311408005.00
p1r00298.jpg,5VwuBtJh51JwKYH_kWmgiw,2018-11,41.9685252,-87.70109439,170311408005.00
p1r00299.jpg,qlMLprBH7gaiuS1_ZxMqug,2018-10,41.96623724,-87.70111418,170311408005.00
p1r00300.jpg,qlMLprBH7gaiuS1_ZxMqug,2018-10,41.96623724,-87.70111418,170311408005.00
p1r00301.jpg,As7SLVzaXhElXdzc3dKhpg,2018-06,41.95483475,-87.74945152,170311502003.00
p1r00302.jpg,As7SLVzaXhElXdzc3dKhpg,2018-06,41.95483475,-87.74945152,170311502003.00
p1r00303.jpg,HJHUYVxoNBdt7bEl_sMQwg,2018-06,41.95491029,-87.74951714,170311502003.00
p1r00304.jpg,HJHUYVxoNBdt7bEl_sMQwg,2018-06,41.95491029,-87.74951714,170311502003.00
p1r00305.jpg,bEuw36CLolgxJ8pd6kln8A,2018-06,41.95960738,-87.75359426,170311502005.00
p1r00306.jpg,bEuw36CLolgxJ8pd6kln8A,2018-06,41.95960738,-87.75359426,170311502005.00
p1r00307.jpg,DiguymwzPS-Q6qLRYtG6CQ,2018-06,41.95915492,-87.7531989,170311502005.00
p1r00308.jpg,DiguymwzPS-Q6qLRYtG6CQ,2018-06,41.95915492,-87.7531989,170311502005.00
p1r00309.jpg,dS9x7LtGpsd-QLPecA8KtA,2019-05,41.96052891,-87.76248064,170311503006.00
p1r00310.jpg,dS9x7LtGpsd-QLPecA8KtA,2019-05,41.96052891,-87.76248064,170311503006.00
p1r00311.jpg,ZHfCI0qmUkoGvH8DTTuC4w,2019-05,41.96052607,-87.76272151,170311503006.00
p1r00312.jpg,ZHfCI0qmUkoGvH8DTTuC4w,2019-05,41.96052607,-87.76272151,170311503006.00
p1r00313.jpg,60VhM12CCBjQ6NJfglf7tQ,2019-05,41.96046476,-87.77213207,170311504014.00
p1r00314.jpg,60VhM12CCBjQ6NJfglf7tQ,2019-05,41.96046476,-87.77213207,170311504014.00
p1r00315.jpg,jI2b1SqyqsmoEgF21okV_A,2019-05,41.96040422,-87.77264623,170311504014.00
p1r00316.jpg,jI2b1SqyqsmoEgF21okV_A,2019-05,41.96040422,-87.77264623,170311504014.00
p1r00317.jpg,6xPCuRjQBw7zKBdSBH9cmA,2019-05,41.95321974,-87.76944572,170311504021.00
p1r00318.jpg,6xPCuRjQBw7zKBdSBH9cmA,2019-05,41.95321974,-87.76944572,170311504021.00
p1r00319.jpg,jPoMazLwrvd75e9H_xlHqg,2019-05,41.95314938,-87.76982977,170311504021.00
p1r00320.jpg,jPoMazLwrvd75e9H_xlHqg,2019-05,41.95314938,-87.76982977,170311504021.00
p1r00321.jpg,8w9fAJgH1TiucujZaMmtnw,2019-05,41.95307502,-87.77525117,170311504022.00
p1r00322.jpg,8w9fAJgH1TiucujZaMmtnw,2019-05,41.95307502,-87.77525117,170311504022.00
p1r00323.jpg,mgO5MV6MyqxPNCuD73S8Uw,2019-05,41.95307719,-87.77513028,170311504022.00
p1r00324.jpg,mgO5MV6MyqxPNCuD73S8Uw,2019-05,41.95307719,-87.77513028,170311504022.00
p1r00325.jpg,7uKxoscBkqfphNM1ljAYwQ,2019-05,41.94932146,-87.76687112,170311506002.00
p1r00326.jpg,7uKxoscBkqfphNM1ljAYwQ,2019-05,41.94932146,-87.76687112,170311506002.00
p1r00327.jpg,H1c0_fQcrobcEMf0Wu6sbg,2019-05,41.94921356,-87.76686828,170311506002.00
p1r00328.jpg,H1c0_fQcrobcEMf0Wu6sbg,2019-05,41.94921356,-87.76686828,170311506002.00
p1r00329.jpg,OXuf7HSHKEedL-Z20XpDew,2019-05,41.94769404,-87.76700577,170311506002.00
p1r00330.jpg,OXuf7HSHKEedL-Z20XpDew,2019-05,41.94769404,-87.76700577,170311506002.00
p1r00331.jpg,_u6ZHFg2mOzoj8KrURQ4BQ,2019-05,41.9471098,-87.76679463,170311506002.00
p1r00332.jpg,_u6ZHFg2mOzoj8KrURQ4BQ,2019-05,41.9471098,-87.76679463,170311506002.00
p1r00333.jpg,hrOA_kEdOj6shXtAPcnqww,2019-05,41.94555391,-87.7667371,170311511004.00
p1r00334.jpg,hrOA_kEdOj6shXtAPcnqww,2019-05,41.94555391,-87.7667371,170311511004.00
p1r00335.jpg,LFWpQhtzlxqr-D36aYoyhw,2019-05,41.94574201,-87.76674532,170311511004.00
p1r00336.jpg,LFWpQhtzlxqr-D36aYoyhw,2019-05,41.94574201,-87.76674532,170311511004.00
p1r00337.jpg,gaEYZUi4O56kPqoHKqzbcA,2019-05,41.94429346,-87.76669832,170311511004.00
p1r00338.jpg,gaEYZUi4O56kPqoHKqzbcA,2019-05,41.94429346,-87.76669832,170311511004.00
p1r00339.jpg,nCD43qFIV4DgW4dDpEfkdg,2019-05,41.94404589,-87.76653175,170311511004.00
p1r00340.jpg,nCD43qFIV4DgW4dDpEfkdg,2019-05,41.94404589,-87.76653175,170311511004.00
p1r00341.jpg,a4gtLoG_jIw4_WJA0bGY2g,2019-05,41.94289218,-87.7666535,170311511004.00
p1r00342.jpg,a4gtLoG_jIw4_WJA0bGY2g,2019-05,41.94289218,-87.7666535,170311511004.00
p1r00343.jpg,p-tn9Egep5T7hAW0r5vA-w,2019-05,41.94262817,-87.76664362,170311511004.00
p1r00344.jpg,p-tn9Egep5T7hAW0r5vA-w,2019-05,41.94262817,-87.76664362,170311511004.00
p1r00345.jpg,EE9eRcy0jalXk2Wam6ONsQ,2018-07,41.96097613,-87.7315389,170311602001.00
p1r00346.jpg,EE9eRcy0jalXk2Wam6ONsQ,2018-07,41.96097613,-87.7315389,170311602001.00
p1r00347.jpg,zaSGbBkarQzSvPSFVVlxLA,2018-10,41.96092709,-87.73097773,170311602001.00
p1r00348.jpg,zaSGbBkarQzSvPSFVVlxLA,2018-10,41.96092709,-87.73097773,170311602001.00
p1r00349.jpg,1rAwqSEUa2oqML_Jl0K1FQ,2018-07,41.9609642,-87.7327133,170311602001.00
p1r00350.jpg,1rAwqSEUa2oqML_Jl0K1FQ,2018-07,41.9609642,-87.7327133,170311602001.00
p1r00351.jpg,xt12DU7LESaVMzPB9LhNCQ,2018-10,41.96089867,-87.73319806,170311602001.00
p1r00352.jpg,xt12DU7LESaVMzPB9LhNCQ,2018-10,41.96089867,-87.73319806,170311602001.00
p1r00353.jpg,dOQpX0E17AK-Rn76lxW6wA,2018-11,41.96092776,-87.71925455,170311604001.00
p1r00354.jpg,dOQpX0E17AK-Rn76lxW6wA,2018-11,41.96092776,-87.71925455,170311604001.00
p1r00355.jpg,JbSIkSzhlzn53k-3NSGiNw,2018-11,41.96094588,-87.71802783,170311604001.00
p1r00356.jpg,JbSIkSzhlzn53k-3NSGiNw,2018-11,41.96094588,-87.71802783,170311604001.00
p1r00357.jpg,PjMT32e2QTagd6yfQScGcg,2018-11,41.9572131,-87.72427959,170311604002.00
p1r00358.jpg,PjMT32e2QTagd6yfQScGcg,2018-11,41.9572131,-87.72427959,170311604002.00
p1r00359.jpg,QCxbaMkPC0-VY5jt1ueTsQ,2018-11,41.95730411,-87.72442709,170311604002.00
p1r00360.jpg,QCxbaMkPC0-VY5jt1ueTsQ,2018-11,41.95730411,-87.72442709,170311604002.00
p1r00361.jpg,7N_FODSoxU70tadDszyTfA,2018-10,41.95617489,-87.72767387,170311604002.00
p1r00362.jpg,7N_FODSoxU70tadDszyTfA,2018-10,41.95617489,-87.72767387,170311604002.00
p1r00363.jpg,9K0JYmTWdUFUWYsUgner0Q,2018-10,41.9571089,-87.72769045,170311604002.00
p1r00364.jpg,9K0JYmTWdUFUWYsUgner0Q,2018-10,41.9571089,-87.72769045,170311604002.00
p1r00365.jpg,6hw8r6zbHK6-UjguEZR9Tw,2018-07,41.95372568,-87.72645095,170311604002.00
p1r00366.jpg,6hw8r6zbHK6-UjguEZR9Tw,2018-07,41.95372568,-87.72645095,170311604002.00
p1r00367.jpg,aCihYTcfshOHwqZbaiU-rg,2018-07,41.95372098,-87.72670481,170311604002.00
p1r00368.jpg,aCihYTcfshOHwqZbaiU-rg,2018-07,41.95372098,-87.72670481,170311604002.00
p1r00369.jpg,DCE-lXwySbFvtb1Fngk4Lg,2018-10,41.95400633,-87.70285685,170311606021.00
p1r00370.jpg,DCE-lXwySbFvtb1Fngk4Lg,2018-10,41.95400633,-87.70285685,170311606021.00
p1r00371.jpg,_IramEj0c0IR2gl64GK_Dg,2018-07,41.95406129,-87.7031173,170311606021.00
p1r00372.jpg,_IramEj0c0IR2gl64GK_Dg,2018-07,41.95406129,-87.7031173,170311606021.00
p1r00373.jpg,0XVVkCPybpjPsI3g78u0xQ,2018-06,41.94845018,-87.70803796,170311608001.00
p1r00374.jpg,0XVVkCPybpjPsI3g78u0xQ,2018-06,41.94845018,-87.70803796,170311608001.00
p1r00375.jpg,c4oxLQ0E1j88EfAG_TFSuw,2018-11,41.94880155,-87.70786666,170311608001.00
p1r00376.jpg,c4oxLQ0E1j88EfAG_TFSuw,2018-11,41.94880155,-87.70786666,170311608001.00
p1r00377.jpg,C1fPkz1rC6ZmvwgCOAnQFg,2018-11,41.94705737,-87.71517831,170311608003.00
p1r00378.jpg,C1fPkz1rC6ZmvwgCOAnQFg,2018-11,41.94705737,-87.71517831,170311608003.00
p1r00379.jpg,LKD3Ba3wSrATXQ_ymrlXvg,2018-11,41.94653976,-87.71497094,170311608003.00
p1r00380.jpg,LKD3Ba3wSrATXQ_ymrlXvg,2018-11,41.94653976,-87.71497094,170311608003.00
p1r00381.jpg,f-CLmrboD-aX_iDfs-xozQ,2018-11,41.95357572,-87.71288552,170311608005.00
p1r00382.jpg,f-CLmrboD-aX_iDfs-xozQ,2018-11,41.95357572,-87.71288552,170311608005.00
p1r00383.jpg,gphQd2O9ZFBqz88mGmV-EQ,2018-06,41.95381923,-87.71247419,170311608005.00
p1r00384.jpg,gphQd2O9ZFBqz88mGmV-EQ,2018-06,41.95381923,-87.71247419,170311608005.00
p1r00385.jpg,BPJ6E5HziMyblsNTCHG7Pg,2018-10,41.95210392,-87.83314665,170311705003.00
p1r00386.jpg,BPJ6E5HziMyblsNTCHG7Pg,2018-10,41.95210392,-87.83314665,170311705003.00
p1r00387.jpg,Hf8Mv8gqngRnNwKKHT9M8g,2018-10,41.95209142,-87.83385666,170311705003.00
p1r00388.jpg,Hf8Mv8gqngRnNwKKHT9M8g,2018-10,41.95209142,-87.83385666,170311705003.00
p1r00389.jpg,1XOuGgQgOBwB-3WNJHzy_g,2018-08,41.94511733,-87.82044947,170311707001.00
p1r00390.jpg,1XOuGgQgOBwB-3WNJHzy_g,2018-08,41.94511733,-87.82044947,170311707001.00
p1r00391.jpg,WIO-PZCWGMxQ9lARjEX0EQ,2018-11,41.94520346,-87.82019956,170311707001.00
p1r00392.jpg,WIO-PZCWGMxQ9lARjEX0EQ,2018-11,41.94520346,-87.82019956,170311707001.00
p1r00393.jpg,FRfNBAnHJi7F5PEB-TTDhw,2018-10,41.93791518,-87.81753937,170311708003.00
p1r00394.jpg,FRfNBAnHJi7F5PEB-TTDhw,2018-10,41.93791518,-87.81753937,170311708003.00
p1r00395.jpg,wff6PWQK-lPPy2mPc9y1gw,2018-10,41.9379168,-87.81741846,170311708003.00
p1r00396.jpg,wff6PWQK-lPPy2mPc9y1gw,2018-10,41.9379168,-87.81741846,170311708003.00
p1r00397.jpg,jRnEi3AIDYMqW4rw_ewA6w,2019-05,41.93826571,-87.78877726,170311710002.00
p1r00398.jpg,jRnEi3AIDYMqW4rw_ewA6w,2019-05,41.93826571,-87.78877726,170311710002.00
p1r00399.jpg,KW4hT84qSunSjFFDMA4g4w,2019-05,41.93826356,-87.78889812,170311710002.00
p1r00400.jpg,KW4hT84qSunSjFFDMA4g4w,2019-05,41.93826356,-87.78889812,170311710002.00
p1r00401.jpg,N9vAjtPNaYJhly7ImlYsdQ,2019-05,41.9308237,-87.79971792,170311801003.00
p1r00402.jpg,N9vAjtPNaYJhly7ImlYsdQ,2019-05,41.9308237,-87.79971792,170311801003.00
p1r00403.jpg,_cjsMQpa37-QUy4bKAOFiw,2019-05,41.93082435,-87.79959707,170311801003.00
p1r00404.jpg,_cjsMQpa37-QUy4bKAOFiw,2019-05,41.93082435,-87.79959707,170311801003.00
p1r00405.jpg,0_PaskK5D6LB4vzr_Cl78w,2018-05,41.93885965,-87.74497457,170311901001.00
p1r00406.jpg,0_PaskK5D6LB4vzr_Cl78w,2018-05,41.93885965,-87.74497457,170311901001.00
p1r00407.jpg,aZnCukToanQ7UiPr2dVdbA,2018-05,41.93875212,-87.74560823,170311901001.00
p1r00408.jpg,aZnCukToanQ7UiPr2dVdbA,2018-05,41.93875212,-87.74560823,170311901001.00
p1r00409.jpg,EIKgPNpyQX-TjXlBpdbb6w,2019-05,41.92383398,-87.77798651,170311906013.00
p1r00410.jpg,EIKgPNpyQX-TjXlBpdbb6w,2019-05,41.92383398,-87.77798651,170311906013.00
p1r00411.jpg,uWQip6s17eWx1ZAa0HaxTQ,2019-05,41.9238437,-87.77735386,170311906013.00
p1r00412.jpg,uWQip6s17eWx1ZAa0HaxTQ,2019-05,41.9238437,-87.77735386,170311906013.00
p1r00413.jpg,6H0P3h5KSO_5paeA5Ccisw,2018-06,41.93116679,-87.77454544,170311906021.00
p1r00414.jpg,6H0P3h5KSO_5paeA5Ccisw,2018-06,41.93116679,-87.77454544,170311906021.00
p1r00415.jpg,_Bs0im76ltGm7P5-RgLKGw,2018-06,41.93117737,-87.77382027,170311906021.00
p1r00416.jpg,_Bs0im76ltGm7P5-RgLKGw,2018-06,41.93117737,-87.77382027,170311906021.00
p1r00417.jpg,qdsHuMOfquafFW5-JRRE2w,2018-06,41.93103942,-87.77595289,170311906021.00
p1r00418.jpg,qdsHuMOfquafFW5-JRRE2w,2018-06,41.93103942,-87.77595289,170311906021.00
p1r00419.jpg,y-_Mu4Qd2LqP8goULZOWxQ,2018-06,41.93115593,-87.77515427,170311906021.00
p1r00420.jpg,y-_Mu4Qd2LqP8goULZOWxQ,2018-06,41.93115593,-87.77515427,170311906021.00
p1r00421.jpg,6UjtYvDWtQJnCjIGuxBR6A,2018-06,41.92854605,-87.76506092,170311907011.00
p1r00422.jpg,6UjtYvDWtQJnCjIGuxBR6A,2018-06,41.92854605,-87.76506092,170311907011.00
p1r00423.jpg,iQhAFFB5MTadbITqaJ6wlA,2018-06,41.92853797,-87.76575666,170311907011.00
p1r00424.jpg,iQhAFFB5MTadbITqaJ6wlA,2018-06,41.92853797,-87.76575666,170311907011.00
p1r00425.jpg,2SVPDRy5MHMx8Nc236cTlg,2018-05,41.92959156,-87.75615191,170311908005.00
p1r00426.jpg,2SVPDRy5MHMx8Nc236cTlg,2018-05,41.92959156,-87.75615191,170311908005.00
p1r00427.jpg,oiYtSWiqtf4anhReBaqn9A,2018-06,41.92923986,-87.75633458,170311908005.00
p1r00428.jpg,oiYtSWiqtf4anhReBaqn9A,2018-06,41.92923986,-87.75633458,170311908005.00
p1r00429.jpg,6Cew2cl-h6Rw0pGkGd2L1w,2018-11,41.92415582,-87.74386076,170311910001.00
p1r00430.jpg,6Cew2cl-h6Rw0pGkGd2L1w,2018-11,41.92415582,-87.74386076,170311910001.00
p1r00431.jpg,uf6HkhYelkcbg2XMXuSqog,2018-06,41.92422346,-87.74436326,170311910001.00
p1r00432.jpg,uf6HkhYelkcbg2XMXuSqog,2018-06,41.92422346,-87.74436326,170311910001.00
p1r00433.jpg,48I06XgwOsKL_JVKmNXD8A,2018-05,41.93903827,-87.72186889,170312105012.00
p1r00434.jpg,48I06XgwOsKL_JVKmNXD8A,2018-05,41.93903827,-87.72186889,170312105012.00
p1r00435.jpg,lDS1cCfjIwvCUD4g3X-0Cw,2018-10,41.9391732,-87.7210732,170312105012.00
p1r00436.jpg,lDS1cCfjIwvCUD4g3X-0Cw,2018-10,41.9391732,-87.7210732,170312105012.00
p1r00437.jpg,Lws5rojHHKXYmMa38CA3sw,2018-05,41.9391666,-87.7115927,170312106011.00
p1r00438.jpg,Lws5rojHHKXYmMa38CA3sw,2018-05,41.9391666,-87.7115927,170312106011.00
p1r00439.jpg,vzZhUZOTu6eQV-ZXbtW6Hw,2018-05,41.93916197,-87.71145879,170312106011.00
p1r00440.jpg,vzZhUZOTu6eQV-ZXbtW6Hw,2018-05,41.93916197,-87.71145879,170312106011.00
p1r00441.jpg,#NAME?,2018-05,41.93399601,-87.71519391,170312106023.00
p1r00442.jpg,#NAME?,2018-05,41.93399601,-87.71519391,170312106023.00
p1r00443.jpg,geuo6N8aBRYpEsmPJXd18g,2018-05,41.9342043,-87.71568054,170312106023.00
p1r00444.jpg,geuo6N8aBRYpEsmPJXd18g,2018-05,41.9342043,-87.71568054,170312106023.00
p1r00445.jpg,6NuaPP495uDqKIFVhmSxmA,2018-06,41.9320366,-87.7070459,170312107002.00
p1r00446.jpg,6NuaPP495uDqKIFVhmSxmA,2018-06,41.9320366,-87.7070459,170312107002.00
p1r00447.jpg,Q78kVn3teSgazP34-TaEiw,2018-05,41.93216995,-87.70741204,170312107002.00
p1r00448.jpg,Q78kVn3teSgazP34-TaEiw,2018-05,41.93216995,-87.70741204,170312107002.00
p1r00449.jpg,LaLIdTD8YWTsVNfpT5Mv5Q,2018-06,41.93213811,-87.6925136,170312109002.00
p1r00450.jpg,LaLIdTD8YWTsVNfpT5Mv5Q,2018-06,41.93213811,-87.6925136,170312109002.00
p1r00451.jpg,YzrKOVantzX5i4AtcKmFNQ,2018-06,41.93213788,-87.69239272,170312109002.00
p1r00452.jpg,YzrKOVantzX5i4AtcKmFNQ,2018-06,41.93213788,-87.69239272,170312109002.00
p1r00453.jpg,#NAME?,2018-11,41.93205669,-87.70207455,170312204002.00
p1r00454.jpg,#NAME?,2018-11,41.93205669,-87.70207455,170312204002.00
p1r00455.jpg,ZhkNcqoUgrcC9sGi8e2j4A,2018-11,41.9320574,-87.702186,170312204002.00
p1r00456.jpg,ZhkNcqoUgrcC9sGi8e2j4A,2018-11,41.9320574,-87.702186,170312204002.00
p1r00457.jpg,#NAME?,2018-09,41.92456953,-87.72449461,170312207013.00
p1r00458.jpg,#NAME?,2018-09,41.92456953,-87.72449461,170312207013.00
p1r00459.jpg,mLxpjxsznT_Ee_LGspCVcg,2018-09,41.92456454,-87.72503796,170312207013.00
p1r00460.jpg,mLxpjxsznT_Ee_LGspCVcg,2018-09,41.92456454,-87.72503796,170312207013.00
p1r00461.jpg,9wADxmAPtkBdkGETFY5MIg,2018-10,41.93165554,-87.72696049,170312207022.00
p1r00462.jpg,9wADxmAPtkBdkGETFY5MIg,2018-10,41.93165554,-87.72696049,170312207022.00
p1r00463.jpg,NKXLLvLg0kMBHXJ3ycr3KA,2018-05,41.93167694,-87.72575288,170312207022.00
p1r00464.jpg,NKXLLvLg0kMBHXJ3ycr3KA,2018-05,41.93167694,-87.72575288,170312207022.00
p1r00465.jpg,FN1U131GbQ5c59GpU1jNcA,2018-09,41.92469259,-87.70488051,170312212002.00
p1r00466.jpg,FN1U131GbQ5c59GpU1jNcA,2018-09,41.92469259,-87.70488051,170312212002.00
p1r00467.jpg,tzV6fsleiYpzZVLV9TLndg,2018-09,41.92468871,-87.70512827,170312212002.00
p1r00468.jpg,tzV6fsleiYpzZVLV9TLndg,2018-09,41.92468871,-87.70512827,170312212002.00
p1r00469.jpg,HUyxycUJeV5JD-NZoqaEJQ,2018-10,41.92481606,-87.69322799,170312214001.00
p1r00470.jpg,HUyxycUJeV5JD-NZoqaEJQ,2018-10,41.92481606,-87.69322799,170312214001.00
p1r00471.jpg,TWDPPtJzGNHvrMAxKm3KsQ,2018-10,41.9248148,-87.69298625,170312214001.00
p1r00472.jpg,TWDPPtJzGNHvrMAxKm3KsQ,2018-10,41.9248148,-87.69298625,170312214001.00
p1r00473.jpg,A8B7MxVQ996-pf2Zeq4U2g,2018-07,41.92198797,-87.69732821,170312214002.00
p1r00474.jpg,A8B7MxVQ996-pf2Zeq4U2g,2018-07,41.92198797,-87.69732821,170312214002.00
p1r00475.jpg,fVcNbsRqHW8Joj-kynEkUw,2018-07,41.92181289,-87.69732093,170312214002.00
p1r00476.jpg,fVcNbsRqHW8Joj-kynEkUw,2018-07,41.92181289,-87.69732093,170312214002.00
p1r00477.jpg,9R5Yy7dDNQaQtPO9dLbJEg,2018-07,41.91891783,-87.69715234,170312214002.00
p1r00478.jpg,9R5Yy7dDNQaQtPO9dLbJEg,2018-07,41.91891783,-87.69715234,170312214002.00
p1r00479.jpg,h_tgJPPmqvmWQbbWpwu_WA,2018-11,41.91926598,-87.6972364,170312214002.00
p1r00480.jpg,h_tgJPPmqvmWQbbWpwu_WA,2018-11,41.91926598,-87.6972364,170312214002.00
p1r00481.jpg,vY-fyrPRa_tUyxFwamnhTA,2018-11,41.91749755,-87.6969982,170312214003.00
p1r00482.jpg,vY-fyrPRa_tUyxFwamnhTA,2018-11,41.91749755,-87.6969982,170312214003.00
p1r00483.jpg,Xac9FuhZbRRhDcUl8Kr9_w,2018-11,41.91757652,-87.69720409,170312214003.00
p1r00484.jpg,Xac9FuhZbRRhDcUl8Kr9_w,2018-11,41.91757652,-87.69720409,170312214003.00
p1r00485.jpg,ikqwj5nSbktWr5oXNtPQ9w,2018-11,41.91729603,-87.71616043,170312228001.00
p1r00486.jpg,ikqwj5nSbktWr5oXNtPQ9w,2018-11,41.91729603,-87.71616043,170312228001.00
p1r00487.jpg,PsV9jwEEMGgWLurBlhY1UQ,2018-11,41.9172885,-87.71651691,170312228001.00
p1r00488.jpg,PsV9jwEEMGgWLurBlhY1UQ,2018-11,41.9172885,-87.71651691,170312228001.00
p1r00489.jpg,5iBVvXpvi7uX-9PcCo5-dw,2018-11,41.91049722,-87.67654372,170312403001.00
p1r00490.jpg,5iBVvXpvi7uX-9PcCo5-dw,2018-11,41.91049722,-87.67654372,170312403001.00
p1r00491.jpg,kLk5R-oFb7jgxkE_irhZUg,2018-06,41.91059931,-87.67625963,170312403001.00
p1r00492.jpg,kLk5R-oFb7jgxkE_irhZUg,2018-06,41.91059931,-87.67625963,170312403001.00
p1r00493.jpg,DmmS8ONKa-z-MPxW_fEJgA,2018-11,41.91269629,-87.68721902,170312405001.00
p1r00494.jpg,DmmS8ONKa-z-MPxW_fEJgA,2018-11,41.91269629,-87.68721902,170312405001.00
p1r00495.jpg,iAR4yOS0SUBXAM0nj0UWuw,2018-11,41.91296606,-87.68722368,170312405001.00
p1r00496.jpg,iAR4yOS0SUBXAM0nj0UWuw,2018-11,41.91296606,-87.68722368,170312405001.00
p1r00497.jpg,1Y_pSnb8gEJMJ6IFxSQUaA,2018-10,41.90299487,-87.68844482,170312411001.00
p1r00498.jpg,1Y_pSnb8gEJMJ6IFxSQUaA,2018-10,41.90299487,-87.68844482,170312411001.00
p1r00499.jpg,bdWvbzJAyuqv5VvzQQ9tog,2018-11,41.90298664,-87.68905677,170312411001.00
p1r00500.jpg,bdWvbzJAyuqv5VvzQQ9tog,2018-11,41.90298664,-87.68905677,170312411001.00
p1r00501.jpg,P4sVFJtQZ21E6aDWsTXfQA,2018-11,41.91039788,-87.6819442,170312413001.00
p1r00502.jpg,P4sVFJtQZ21E6aDWsTXfQA,2018-11,41.91039788,-87.6819442,170312413001.00
p1r00503.jpg,TjgLLMQha2-ULqZaiogevA,2018-11,41.91039528,-87.68221388,170312413001.00
p1r00504.jpg,TjgLLMQha2-ULqZaiogevA,2018-11,41.91039528,-87.68221388,170312413001.00
p1r00505.jpg,eS7hdIuPUv5reYgsNRHoxw,2018-10,41.90611357,-87.6773296,170312414002.00
p1r00506.jpg,eS7hdIuPUv5reYgsNRHoxw,2018-10,41.90611357,-87.6773296,170312414002.00
p1r00507.jpg,fjtrnh813DzOyP9GBPf7bA,2018-10,41.9062054,-87.67733359,170312414002.00
p1r00508.jpg,fjtrnh813DzOyP9GBPf7bA,2018-10,41.9062054,-87.67733359,170312414002.00
p1r00509.jpg,#NAME?,2018-08,41.9088084,-87.6677077,170312415001.00
p1r00510.jpg,#NAME?,2018-08,41.9088084,-87.6677077,170312415001.00
p1r00511.jpg,lQtNQPpZdXCJSmmBpy7teg,2018-08,41.90891497,-87.66771301,170312415001.00
p1r00512.jpg,lQtNQPpZdXCJSmmBpy7teg,2018-08,41.90891497,-87.66771301,170312415001.00
p1r00513.jpg,pNIfLBNguWWBUyOmeHvoMg,2018-08,41.90822792,-87.6676979,170312415002.00
p1r00514.jpg,pNIfLBNguWWBUyOmeHvoMg,2018-08,41.90822792,-87.6676979,170312415002.00
p1r00515.jpg,sFqBFsyg7tX_7f7Ssk6jsQ,2018-08,41.90813801,-87.66769547,170312415002.00
p1r00516.jpg,sFqBFsyg7tX_7f7Ssk6jsQ,2018-08,41.90813801,-87.66769547,170312415002.00
p1r00517.jpg,30m-j9VmkcGPaej0-DTJpg,2018-08,41.89111966,-87.68663968,170312429002.00
p1r00518.jpg,30m-j9VmkcGPaej0-DTJpg,2018-08,41.89111966,-87.68663968,170312429002.00
p1r00519.jpg,TFUfYeU0gCiUXhRVZFKAhA,2018-10,41.89066209,-87.68625841,170312429002.00
p1r00520.jpg,TFUfYeU0gCiUXhRVZFKAhA,2018-10,41.89066209,-87.68625841,170312429002.00
p1r00521.jpg,EHmJnKefvq6AZVpzlYcufw,2018-10,41.89006335,-87.65737414,170312434002.00
p1r00522.jpg,EHmJnKefvq6AZVpzlYcufw,2018-10,41.89006335,-87.65737414,170312434002.00
p1r00523.jpg,IvxGMw5NJxIftwtQaZynqw,2018-10,41.89092911,-87.65740279,170312434002.00
p1r00524.jpg,IvxGMw5NJxIftwtQaZynqw,2018-10,41.89092911,-87.65740279,170312434002.00
p1r00525.jpg,g-2wYwIVNQOp5xss5RaEcw,2018-06,41.89251287,-87.66211422,170312434003.00
p1r00526.jpg,g-2wYwIVNQOp5xss5RaEcw,2018-06,41.89251287,-87.66211422,170312434003.00
p1r00527.jpg,RfQHdJd_kWoQzF_21RmleA,2018-08,41.89336836,-87.66233407,170312434003.00
p1r00528.jpg,RfQHdJd_kWoQzF_21RmleA,2018-08,41.89336836,-87.66233407,170312434003.00
p1r00529.jpg,lvuyVr2OOhJFg3thjJ8d7g,2018-08,41.8910443,-87.66200727,170312434003.00
p1r00530.jpg,lvuyVr2OOhJFg3thjJ8d7g,2018-08,41.8910443,-87.66200727,170312434003.00
p1r00531.jpg,R2HP8eIXjYQG05T-IDtd3w,2018-08,41.89105124,-87.66142746,170312434003.00
p1r00532.jpg,R2HP8eIXjYQG05T-IDtd3w,2018-08,41.89105124,-87.66142746,170312434003.00
p1r00533.jpg,LRZx5HRf_FNTnwCO2LNG8Q,2018-08,41.89002476,-87.65471083,170312435001.00
p1r00534.jpg,LRZx5HRf_FNTnwCO2LNG8Q,2018-08,41.89002476,-87.65471083,170312435001.00
p1r00535.jpg,P0AJ1pFcilyjkPDst6jN9Q,2018-08,41.89097703,-87.65463783,170312435001.00
p1r00536.jpg,P0AJ1pFcilyjkPDst6jN9Q,2018-08,41.89097703,-87.65463783,170312435001.00
p1r00537.jpg,A73W2rRnvwF2kh4wTv-Zjw,2018-06,41.89553425,-87.64871324,170312435002.00
p1r00538.jpg,A73W2rRnvwF2kh4wTv-Zjw,2018-06,41.89553425,-87.64871324,170312435002.00
p1r00539.jpg,wVSOMLJ7FxmtyM1tYUukAA,2018-10,41.89523836,-87.64779877,170312435002.00
p1r00540.jpg,wVSOMLJ7FxmtyM1tYUukAA,2018-10,41.89523836,-87.64779877,170312435002.00
p1r00541.jpg,2JU3Ec29Mmochphk1Ln8eg,2018-08,41.89335255,-87.64883055,170312435002.00
p1r00542.jpg,2JU3Ec29Mmochphk1Ln8eg,2018-08,41.89335255,-87.64883055,170312435002.00
p1r00543.jpg,U7wRRWqtBcHwCuX2DGjW3w,2018-08,41.89333005,-87.65007083,170312435002.00
p1r00544.jpg,U7wRRWqtBcHwCuX2DGjW3w,2018-08,41.89333005,-87.65007083,170312435002.00
p1r00545.jpg,baVmG2QAI-7stDxrRVb6zA,2018-08,41.89182885,-87.64858143,170312435002.00
p1r00546.jpg,baVmG2QAI-7stDxrRVb6zA,2018-08,41.89182885,-87.64858143,170312435002.00
p1r00547.jpg,FJ0yafo970MCRTp6mx_xyQ,2018-08,41.89135426,-87.64786137,170312435002.00
p1r00548.jpg,FJ0yafo970MCRTp6mx_xyQ,2018-08,41.89135426,-87.64786137,170312435002.00
p1r00549.jpg,E0mYswxmhV5t3C9nKjXSbQ,2019-05,41.9093327,-87.77335865,170312504003.00
p1r00550.jpg,E0mYswxmhV5t3C9nKjXSbQ,2019-05,41.9093327,-87.77335865,170312504003.00
p1r00551.jpg,nbOpA7H241JJ4x5weM4VTw,2019-05,41.90933821,-87.77299422,170312504003.00
p1r00552.jpg,nbOpA7H241JJ4x5weM4VTw,2019-05,41.90933821,-87.77299422,170312504003.00
